therapist_p,situation,dialog_contents,dialog_num,total_score,evaluation_json
"methodical, structured, coaching-style",Small-scale farmer constantly worried about weather pests or market collapse,"
[Kyle] To begin, could you share what has been most difficult or concerning for you lately?
[Jamie] It's just this constant worry, you know? With the weather being so unpredictable and pests popping up, I can't help but feel tense all the time. Plus, there's always that nagging fear of the market collapsing. It feels like I'm always on edge.
[Kyle] That sounds quite overwhelming. It seems like you're dealing with a lot of uncertainty, especially regarding the weather, pests, and the market. Let's try to break this down and set some specific goals for today’s session. How does that sound to you?
[Jamie] Yeah, that sounds good. Setting some goals might help me feel a bit more grounded amidst all this going on. Where do we start?
[Kyle] Great! Let's start by identifying 1–3 specific goals for today’s session. For example, we could focus on managing your worry about the weather and pests, or strategies to handle market concerns. What feels most important for you to address first?
[Jamie] I think starting with managing my worry about the weather and pests would be good. It feels like those are the things that can hit unexpectedly, and I want to find a way to not let them consume my thoughts all the time.
[Kyle] Excellent choice. Let's explore how your thoughts around weather and pests might be contributing to your worry. We can then work on some strategies to help manage these thoughts. Does that fit with what you're hoping for today?
[Jamie] Yeah, that fits. It'd be really helpful to find ways to manage these thoughts better.
[Kyle] Let's begin by examining the specific thoughts that arise when you worry about the weather and pests. Can you describe a recent situation where these concerns were particularly strong? What thoughts were you having at that time?
[Jamie] Recently, there was a forecast for heavy rain right during harvest time. My immediate thought was the crops would get ruined, and I'd lose everything. I couldn't stop thinking about all the possible damage and how powerless I felt against it.
[Kyle] Thank you for sharing that. It sounds like the thought of losing everything due to the rain felt quite overwhelming, leaving you feeling powerless. Let's explore how this thought impacts your emotions and decide on a strategy to challenge or manage these thoughts. How do you feel about exploring this further?
[Jamie] I think exploring this further could really help. I'm open to finding a way to challenge these kinds of thoughts so they don't take over.
[Kyle] Great. One technique we can use is called ""thought challenging."" We'll explore evidence for and against your thought to see if there might be a more balanced perspective. Let's start by examining the thought: ""The crops would get ruined, and I'd lose everything."" What evidence supports this thought, and what evidence might counter it?
[Jamie] Well, supporting it is the fact that heavy rain can indeed damage the crops, and I've seen it happen before. However, countering it, I guess, is that I've also had situations where the crops turned out fine despite bad weather. And I've tried to take precautions to minimize damage, like improving drainage.
[Kyle] That's a balanced way of looking at it. You've shown resilience in the past and actively taken steps to protect your crops, which counters the thought of losing everything. How does this perspective affect your worry about the weather?
[Jamie] Seeing it this way does help lessen the worry a bit. Knowing I've managed before and taken precautions makes it feel less like an all-or-nothing scenario, even if the worry doesn't completely go away.
",1,27,"{""ctrs_evaluation"": [{""item_name"": ""Agenda"", ""score"": 2, ""rationale"": ""The therapist transitioned from the previous session, identified significant events (worry about weather and pests), and set specific goals for the session. However, there was no explicit review of an Action Plan or a mood check.""}, {""item_name"": ""Feedback"", ""score"": 2, ""rationale"": ""The therapist ensured the client understood and agreed with the treatment plan by asking if the goals and strategies fit with what the client hoped for. However, there was no evidence of fluidly requesting feedback throughout the session.""}, {""item_name"": ""Understanding"", ""score"": 3, ""rationale"": ""The therapist consistently listened and reflected the client's statements, demonstrating recognition of the client's emotional state and discussing it within the context of the conceptualization.""}, {""item_name"": ""Interpersonal Effectiveness"", ""score"": 3, ""rationale"": ""The therapist demonstrated warmth and genuineness by expressing concern for the client's overwhelming feelings and providing positive reinforcement for the client's resilience.""}, {""item_name"": ""Collaboration"", ""score"": 3, ""rationale"": ""The therapist consistently invited the client's participation in setting the agenda and selecting strategies, resulting in a mutually agreeable direction for the session.""}, {""item_name"": ""Pacing and Efficient Use of Time"", ""score"": 2, ""rationale"": ""The therapist allocated appropriate time for session segments and maintained focus on the client's concerns. However, there is no information on the session's total duration.""}, {""item_name"": ""Guided Discovery"", ""score"": 3, ""rationale"": ""The therapist skillfully used guided discovery to help the client arrive at a more balanced perspective about their worries, assessing the impact of the cognitive shift.""}, {""item_name"": ""Focus on Key Cognitions and Behaviors"", ""score"": 3, ""rationale"": ""The therapist focused on the client's specific cognitions and behaviors related to their worry about weather and pests, which were the most relevant issues for the session.""}, {""item_name"": ""Strategy for Change"", ""score"": 2, ""rationale"": ""The therapist discussed an overall strategy and used the thought challenging technique, an appropriate evidence-based CBT technique.""}, {""item_name"": ""Application of CBT Technique"", ""score"": 3, ""rationale"": ""The therapist demonstrated comfort and technical correctness with the thought challenging technique, facilitating a cognitive shift in the client.""}, {""item_name"": ""Action Plan"", ""score"": 1, ""rationale"": ""The therapist did not explicitly review a previous Action Plan or develop a new one based on the session, although they did ask for client input on managing thoughts.""}], ""total_score"": 27}"
"methodical, structured, coaching-style",Severe depression with slow movement speech and difficulty completing tasks,"
[Kyle] Hi Jamie. Since our last conversation, what has been coming up for you that feels important to talk about today?
[Jamie] I don't know... Everything feels heavy. It's hard to decide what's important.
[Kyle] I understand that things feel overwhelming right now. Let's take a moment to check in on your mood and then we can identify a couple of key goals to focus on for our session together. How does that sound?
[Jamie] I guess that's okay... I'm just really tired all the time.
[Kyle] It sounds like fatigue is really impacting you. Let's explore how that affects your daily life and see if we can identify any specific thoughts or situations that contribute to it. Does that feel like a good place to start?
[Jamie] Yeah, I think so. Everything just feels like too much.
[Kyle] Thank you for sharing that. We'll work on identifying any patterns in your thoughts or behaviors that might be adding to your sense of overwhelm. Together, we'll aim to find some strategies that can help lighten the load. How do you feel about starting with that approach?
[Jamie] It sounds okay... I just hope it helps somehow.
[Kyle] I hear you, and I'm here to support you. Let's work together to uncover small, actionable steps that can make a difference. We'll take it one step at a time.
[Jamie] Alright... I'll try.
[Kyle] Great. Let's start by looking at one specific situation from your day where you felt overwhelmed. Can you describe what thoughts were going through your mind at that time?
[Jamie] I just kept thinking about how nothing I do seems to make a difference. It's like... I'm moving in slow motion.
[Kyle] It sounds like you're feeling stuck and frustrated, as if your efforts aren't leading to change. Let's examine this thought together. What evidence do you have for and against the idea that nothing you do makes a difference?
[Jamie] I don't know... I just feel like things never get better, no matter what I try. Everything feels too hard to start.
[Kyle] It seems like the feeling of things never getting better makes it tough to begin new tasks. Let's explore one small action you could try this week—something manageable. Could we brainstorm an activity that feels achievable for you?
[Jamie] Maybe... Something really small, like just getting out of bed earlier...
",2,22,"{""ctrs_evaluation"": [{""item_name"": ""Agenda"", ""score"": 2, ""rationale"": ""The therapist transitioned from the previous session, conducted a mood check, and identified specific goals for the session. However, there was no explicit review of the Action Plan or identification of significant events.""}, {""item_name"": ""Feedback"", ""score"": 1, ""rationale"": ""The therapist ensured the client understood the treatment plan and responded appropriately to feedback, but did not ascertain the client's reaction throughout the session.""}, {""item_name"": ""Understanding"", ""score"": 3, ""rationale"": ""The therapist consistently listened and reflected the client's statements, demonstrated empathy, and discussed the client's emotional state within the context of the conceptualization.""}, {""item_name"": ""Interpersonal Effectiveness"", ""score"": 3, ""rationale"": ""The therapist demonstrated concern, provided positive reinforcement, maintained professional behavior, and showed warmth and genuineness throughout the session.""}, {""item_name"": ""Collaboration"", ""score"": 2, ""rationale"": ""The therapist asked for client input when setting the agenda and determining the Action Plan, but did not consistently invite participation in every major session decision.""}, {""item_name"": ""Pacing and Efficient Use of Time"", ""score"": 1, ""rationale"": ""The therapist allocated appropriate time for session segments but there is no information on whether the session was completed within 40-60 minutes.""}, {""item_name"": ""Guided Discovery"", ""score"": 2, ""rationale"": ""The therapist designed the session to achieve a cognitive shift, avoided bias, and assessed the shift after an intervention by exploring evidence for and against the client's thoughts.""}, {""item_name"": ""Focus on Key Cognitions and Behaviors"", ""score"": 3, ""rationale"": ""The therapist focused on the most relevant cognitions and behaviors related to the client's sense of overwhelm and fatigue, which have the greatest promise for positive impact.""}, {""item_name"": ""Strategy for Change"", ""score"": 2, ""rationale"": ""The therapist discussed an overall strategy with the client and used an appropriate evidence-based CBT technique by examining thoughts and brainstorming manageable actions.""}, {""item_name"": ""Application of CBT Technique"", ""score"": 2, ""rationale"": ""The therapist applied a CBT technique with sufficient skill that was recognizable and likely to facilitate change by examining evidence for and against the client's thoughts.""}, {""item_name"": ""Action Plan"", ""score"": 1, ""rationale"": ""The therapist asked for client input on the new plan and developed a new plan based on the session, but did not review the previous Action Plan.""}], ""total_score"": 22}"
"warm, empathetic, patient",Avoids any situation where they might blush leading to social restriction,"
[Kyle] Hi Jamie. Since this is our first session, it would help to hear what has been going on for you recently and what led you to reach out.
[Jamie] Uh, hi. I'm not really sure where to start. I've just been feeling really self-conscious lately, especially in social situations. I... uh, I avoid them because I get embarrassed so easily, and I'm worried about blushing in front of people. It's kind of limiting my life, honestly.
[Kyle] Thank you for sharing that with me, Jamie. It sounds like these feelings of self-consciousness are impacting your daily life quite a bit. Let's focus on this today. How does it sound if we work towards understanding these feelings better and explore some strategies to manage them?
[Jamie] Yeah, um, that sounds okay, I guess. I'm just not really sure where to begin, but I’m willing to try.
[Kyle] That's a great start, Jamie. Being open to trying is an important step. Let's begin by discussing a recent situation where you felt self-conscious. We can then work together to identify the thoughts that were running through your mind at the time. How does that sound as a first step?
[Jamie] Okay, I can try that. Well, the other day, I was at a party, and... I could feel my face getting hot when someone started talking to me. I just kind of froze up, and then I found an excuse to leave as soon as I could.
[Kyle] Thank you for describing that experience. It seems like the physical sensation of blushing was a key trigger for your discomfort. During that moment, can you recall any specific thoughts that went through your mind?
[Jamie] Um, yeah. I was thinking things like, ""Everyone's going to notice,"" or ""They're going to think I'm weird."" It just made me want to get out of there.
[Kyle] I appreciate your openness, Jamie. It sounds like those thoughts—worrying about others' judgments—were really powerful. Together, we can work on examining these thoughts and see if they accurately reflect what's happening. What do you think about exploring an alternative perspective on these thoughts?
[Jamie] I guess that could be helpful. It's just hard to believe anything different in the moment, you know? But I'm open to trying to see it a new way.
[Kyle] It's completely understandable, Jamie. In-the-moment feelings can be very convincing. Let's practice considering other perspectives. For example, what might a friend say about your situation at the party? This might help us uncover alternative, more balanced thoughts. How does that sound?
[Jamie] Yeah, okay, I can try to think of that. A friend might say that people probably didn't even notice or that everyone feels a little awkward sometimes. It still feels hard to believe, though.
[Kyle] It's a great start to recognize what a friend might say. It's common for new perspectives to feel less convincing initially, but with practice, they can feel more believable. Would you be open to trying this exercise as part of your action plan for the week, and we can discuss what you notice next time?
[Jamie] Sure, I can give that a shot. I can try to remind myself of what a friend might say when I start feeling self-conscious. Let’s see how it goes.
[Kyle] That sounds like a solid plan, Jamie. As you try this, jot down any thoughts or situations where you used this technique, and bring them to our next session. We can reflect on your experiences and refine the approach as needed. How does that sound?
[Jamie] Yeah, I'll try to keep track of things. It might help to see if anything changes. Thanks.
",3,22,"{""ctrs_evaluation"": [{""item_name"": ""Agenda"", ""score"": 1, ""rationale"": ""The therapist did not explicitly set an agenda with all five components. They identified a significant event and specific goals but did not transition from a previous session or conduct a mood check.""}, {""item_name"": ""Feedback"", ""score"": 1, ""rationale"": ""The therapist asked for the client's input and ensured understanding of the treatment plan, but did not fluidly request feedback throughout the session.""}, {""item_name"": ""Understanding"", ""score"": 3, ""rationale"": ""The therapist consistently listened, reflected the client's statements, and demonstrated empathy by recognizing the client's emotional state.""}, {""item_name"": ""Interpersonal Effectiveness"", ""score"": 3, ""rationale"": ""The therapist demonstrated warmth, genuineness, and unconditional acceptance through their empathetic responses and supportive language.""}, {""item_name"": ""Collaboration"", ""score"": 2, ""rationale"": ""The therapist asked for the client's input when setting the agenda and determining the action plan, but did not consistently invite participation in every major decision.""}, {""item_name"": ""Pacing and Efficient Use of Time"", ""score"": 1, ""rationale"": ""The therapist allocated appropriate time for session segments but there is no evidence indicating the session was completed within 40-60 minutes.""}, {""item_name"": ""Guided Discovery"", ""score"": 2, ""rationale"": ""The therapist designed the session to achieve a cognitive shift and avoided bias, but did not assess the impact of the cognitive shift.""}, {""item_name"": ""Focus on Key Cognitions and Behaviors"", ""score"": 3, ""rationale"": ""The therapist focused on the most relevant cognitions and behaviors, such as the client's thoughts about blushing and social judgment, which have a significant impact.""}, {""item_name"": ""Strategy for Change"", ""score"": 2, ""rationale"": ""The therapist discussed a strategy and used an appropriate CBT technique by exploring alternative perspectives with the client.""}, {""item_name"": ""Application of CBT Technique"", ""score"": 2, ""rationale"": ""The therapist applied a CBT technique with sufficient skill, using guided discovery to facilitate a cognitive shift.""}, {""item_name"": ""Action Plan"", ""score"": 2, ""rationale"": ""The therapist developed a new action plan based on the session and asked for client input, but did not assess the likelihood of completion or address potential obstacles.""}], ""total_score"": 22}"
"observant, analytical, systemic",Constantly asks family members for reassurance about past actions or future worries,"
[Kyle] Hi Jamie. Since this is our first session, it would help to hear what has been going on for you recently and what led you to reach out.
[Jamie] Well, lately I've been feeling really anxious about a lot of things. I keep worrying if I've been making the right decisions, and I find myself constantly asking my family for reassurance about everything. It's like I need them to tell me things will be okay, even for small stuff. I'm just not sure how to manage these feelings on my own.
[Kyle] Thank you for sharing that, Jamie. It sounds like uncertainty is causing a lot of anxiety for you right now. Let's explore this a bit more today. How does that sound?
[Jamie] That sounds good, but what if I can't figure out where all this is coming from? Do you think it's normal to feel like I need so much reassurance all the time?
[Kyle] Needing reassurance can be quite common when anxiety is present. Our goal will be to understand what's driving this need for reassurance. We can work together to uncover patterns in your thoughts and behaviors that contribute to it. Does that approach seem helpful to you?
[Jamie] Yeah, that seems helpful. But what if I don't make progress quickly? I’m worried it might take longer than I want and I'm not sure how to deal with that.
[Kyle] It's understandable to feel concerned about the pace of progress. Let's focus on setting small, manageable goals that we can work on together, which can help build momentum over time. We can also discuss strategies for being patient with yourself as you go through this process. How does that sound?
[Jamie] That sounds reassuring, but what if those small goals are still too difficult for me to manage? What should I do if I feel like I'm failing at them?
[Kyle] If any goals feel too challenging, we can break them down into even smaller steps to make them more achievable. It's important to approach this with self-compassion. If things don't go as planned, we can always adjust and learn from the experience. Does this approach feel more manageable for you?
[Jamie] That does feel a bit more manageable, but what if I still can't shake off the feeling of failing even with smaller steps? How do I cope with that feeling?
[Kyle] When those feelings of failure arise, it can be helpful to challenge and reframe them. Together, we can identify and question the thoughts behind those feelings to gain a new perspective. Would you be open to trying this technique when those feelings come up?
[Jamie] I think I could give that a try. But what if I still struggle to see things differently, even after questioning my thoughts? What should I do then?
[Kyle] If reframing your thoughts remains challenging, we can explore other techniques such as mindfulness or grounding exercises to help you manage those feelings in the moment. We can also review your progress and make adjustments as necessary. How does that plan resonate with you?
[Jamie] That sounds like a good plan, but I’m still worried I might not be able to do it on my own. What if I still need constant reassurance from my family?
[Kyle] While you're building confidence in managing these feelings on your own, we can also consider setting healthy boundaries with your family to gradually reduce reliance on their reassurance. We can work on strategies that help you feel more secure in your own decision-making. Does this sound like a direction you'd like to explore?
[Jamie] Yeah, I think exploring that could be helpful. But what if I end up upsetting them by setting boundaries? How do I handle that?
",4,20,"{""ctrs_evaluation"": [{""item_name"": ""Agenda"", ""score"": 1, ""rationale"": ""The therapist did not explicitly set an agenda or review an action plan. The session focused on understanding the client's issues, but specific goals for the session were not identified.""}, {""item_name"": ""Feedback"", ""score"": 1, ""rationale"": ""The therapist responded to the client's concerns and ensured understanding of the proposed strategies, but did not explicitly ask for feedback on the session or treatment plan.""}, {""item_name"": ""Understanding"", ""score"": 3, ""rationale"": ""The therapist consistently listened and reflected the client's statements, demonstrated empathy, and discussed the client's emotional state within the context of the conceptualization.""}, {""item_name"": ""Interpersonal Effectiveness"", ""score"": 3, ""rationale"": ""The therapist demonstrated warmth, genuineness, and unconditional acceptance throughout the session, addressing the client's concerns with empathy and support.""}, {""item_name"": ""Collaboration"", ""score"": 2, ""rationale"": ""The therapist asked for client input on strategies and techniques, but did not consistently invite participation in every major session decision.""}, {""item_name"": ""Pacing and Efficient Use of Time"", ""score"": 1, ""rationale"": ""The session was focused on understanding the client's issues, but there was no indication of efficient use of time or completion within a specific timeframe.""}, {""item_name"": ""Guided Discovery"", ""score"": 2, ""rationale"": ""The therapist designed the session to achieve a cognitive shift by exploring the client's need for reassurance and discussing reframing techniques.""}, {""item_name"": ""Focus on Key Cognitions and Behaviors"", ""score"": 2, ""rationale"": ""The therapist focused on the client's need for reassurance and anxiety, which are relevant to the client's presenting issues.""}, {""item_name"": ""Strategy for Change"", ""score"": 2, ""rationale"": ""The therapist discussed strategies such as setting small goals, reframing thoughts, and mindfulness, which are evidence-based CBT techniques.""}, {""item_name"": ""Application of CBT Technique"", ""score"": 2, ""rationale"": ""The therapist applied techniques like reframing and mindfulness with sufficient skill to facilitate change in a motivated client.""}, {""item_name"": ""Action Plan"", ""score"": 1, ""rationale"": ""The therapist discussed potential strategies and goals but did not review a previous action plan or develop a new one based on the session.""}], ""total_score"": 20}"
"collaborative, direct, encouraging",Difficulty separating work from life when work is always available in the home office,"
[Kyle] Hi Jamie. As we get started today, what's been on your mind recently?
[Jamie] It's this constant feeling of exhaustion. With work always available in my home office, it feels like there's no separation between work and personal life.
[Kyle] It sounds like a tough situation, feeling exhausted and unable to separate work from personal life. How would you feel about focusing on strategies today to help create some boundaries and reduce this exhaustion?
[Jamie] That sounds like it could be helpful. I definitely need to find some way to create clearer boundaries between work and home.
[Kyle] Great, glad to hear that resonates with you. Let's explore some ideas and techniques to establish those boundaries more effectively. How does that sound to you?
[Jamie] That sounds good. I'm open to exploring new ideas and techniques.
[Kyle] Let's start by identifying specific times or activities where you might set clear boundaries. For example, would a designated end-of-work routine work for you?
[Jamie] A designated end-of-work routine could be a good start. It might help create a clear signal that the work day is over.
[Kyle] Exactly. We can brainstorm a short routine that signals the end of your workday, like shutting down your computer and taking a moment to transition into personal time. Would that work for you?
[Jamie] Yes, that could work. Having a routine like that might help me mentally shift away from work.
[Kyle] That's the idea. Let's create a simple plan for this routine. What steps would you like to include in it?
[Jamie] I think shutting down my computer, tidying up my workspace, and maybe taking a short walk could be a good start.
[Kyle] That sounds like a solid routine. How often do you think you'd like to implement this, and would you like to add any reminders or cues to help you stay consistent?
[Jamie] I'd like to try implementing it daily, as much as possible. Setting reminders on my phone could help keep me consistent.
[Kyle] Great plan. Setting up reminders should help reinforce the routine. How about we agree to try this routine for the coming week and then discuss how it's going in our next session?
[Jamie] That sounds like a good idea. I'll try it out this week and we can talk about how it went next time.
",5,23,"{""ctrs_evaluation"": [{""item_name"": ""Agenda"", ""score"": 2, ""rationale"": ""The therapist identified significant events, conducted a mood check, and set specific goals for the session by focusing on strategies to create boundaries. However, there was no explicit review of the previous session or action plan.""}, {""item_name"": ""Feedback"", ""score"": 1, ""rationale"": ""The therapist ensured the client agreed with the treatment plan but did not ascertain the client's reaction throughout the session or respond to feedback.""}, {""item_name"": ""Understanding"", ""score"": 2, ""rationale"": ""The therapist consistently listened and reflected the client's statements, as seen in acknowledging the client's exhaustion and difficulty separating work from personal life.""}, {""item_name"": ""Interpersonal Effectiveness"", ""score"": 2, ""rationale"": ""The therapist demonstrated concern for the client and maintained professional behavior but did not consistently provide positive reinforcement.""}, {""item_name"": ""Collaboration"", ""score"": 3, ""rationale"": ""The therapist consistently invited the client's participation in setting the agenda, selecting techniques, and determining the action plan, resulting in a mutually agreeable direction.""}, {""item_name"": ""Pacing and Efficient Use of Time"", ""score"": 1, ""rationale"": ""The dialogue suggests appropriate allocation of time for session segments, but there is no evidence of the session being completed within 40-60 minutes.""}, {""item_name"": ""Guided Discovery"", ""score"": 2, ""rationale"": ""The therapist designed the session to achieve a cognitive shift by exploring boundary-setting strategies and assessed the shift after the intervention.""}, {""item_name"": ""Focus on Key Cognitions and Behaviors"", ""score"": 3, ""rationale"": ""The therapist focused on relevant cognitions and behaviors, specifically the client's difficulty in separating work from personal life, which has a significant impact.""}, {""item_name"": ""Strategy for Change"", ""score"": 2, ""rationale"": ""The therapist discussed an overall strategy with the client and used appropriate CBT techniques to develop a boundary-setting routine.""}, {""item_name"": ""Application of CBT Technique"", ""score"": 2, ""rationale"": ""The therapist applied a CBT technique with sufficient skill by helping the client develop a routine to signal the end of the workday.""}, {""item_name"": ""Action Plan"", ""score"": 3, ""rationale"": ""The therapist reviewed the action plan, asked for client input, developed a new plan, ensured the client was capable of completing it, and addressed potential obstacles.""}], ""total_score"": 23}"
"warm, empathetic, patient",Fears having a panic attack while driving on the highway leading to restricted routes,"
[Kyle] Since this is our first time meeting, can you tell me what has been affecting you most or prompting you to seek support right now?
[Jamie] I've been really struggling with the fear of having a panic attack while driving on the highway. It's made me avoid driving on certain routes altogether.
[Kyle] It sounds like this fear has been quite overwhelming for you, and it's understandable how it could affect your daily life. Let's focus on this issue today. How does that sound to you?
[Jamie] That sounds good. I think focusing on this could really help me.
[Kyle] Great! Let's explore this by looking at the thoughts and feelings you're having when you think about driving on the highway. What's going through your mind in those moments?
[Jamie] I start to worry about losing control and having nowhere to pull over safely. It's like a cycle where the more I think about it, the more anxious I become.
[Kyle] I hear you. It’s like the fear feeds into itself, making the situation feel even more intense. Let's see if we can break down those thoughts and identify which specific ones contribute most to this anxiety. What do you think might help us start that process?
[Jamie] Maybe identifying the exact triggers or moments when the anxiety spikes could help. That way, I can understand it better.
[Kyle] That's a thoughtful approach. By pinpointing those moments, we can gain insight into the pattern of your anxiety and find ways to manage it. Would you be open to trying a thought diary as a tool to track these triggers and your reactions over the next week?
[Jamie] Yes, I think a thought diary could be really helpful. I’m willing to give it a try.
[Kyle] Excellent. Keeping a thought diary can help us identify key patterns and thoughts. Try jotting down the situation, your thoughts, emotions, and any physical sensations experienced. How do you feel about starting this today and reviewing what you find in our next session?
[Jamie] I feel a bit nervous but also hopeful that it could provide some clarity. I'll start it today and we can review it next time.
[Kyle] It's perfectly normal to feel nervous, and your willingness to try this is a great step forward. I'm here to support you through the process. Let's check in next time to see what insights you've gathered. In the meantime, if any questions or concerns arise, feel free to note them as well.
[Jamie] Thank you. I appreciate the support and will definitely keep track of any questions or concerns that come up.
[Kyle] You're very welcome. I'm here to help, and I'm glad to see you're taking this step. We'll review your progress in our next session. Take care until then. Goodbye.
[Jamie] Goodbye. I'll see you next time.
",6,24,"{""ctrs_evaluation"": [{""item_name"": ""Agenda"", ""score"": 2, ""rationale"": ""The therapist identified significant events (Jamie's fear of driving), conducted a mood check, and set specific goals for the session by focusing on Jamie's anxiety while driving. However, there was no explicit review of a previous Action Plan or transition from a previous session, as this was their first meeting.""}, {""item_name"": ""Feedback"", ""score"": 1, ""rationale"": ""The therapist ensured Jamie understood and agreed with the treatment plan by asking if focusing on the issue sounded good. However, there was no evidence of ascertaining Jamie's reaction throughout the session or responding to feedback.""}, {""item_name"": ""Understanding"", ""score"": 3, ""rationale"": ""The therapist consistently listened and reflected Jamie's statements, demonstrating understanding of the emotional state and discussing it within the context of the conceptualization. For example, Kyle empathized with Jamie's fear and how it affected daily life.""}, {""item_name"": ""Interpersonal Effectiveness"", ""score"": 3, ""rationale"": ""The therapist demonstrated warmth, genuineness, and unconditional acceptance throughout the session, providing positive reinforcement and maintaining professional behavior. Kyle's supportive comments and encouragement to try the thought diary exemplify this.""}, {""item_name"": ""Collaboration"", ""score"": 3, ""rationale"": ""The therapist invited Jamie's participation in setting the agenda, selecting the thought diary technique, and determining the Action Plan. Kyle consistently asked for Jamie's input and agreement, resulting in a mutually agreeable direction.""}, {""item_name"": ""Pacing and Efficient Use of Time"", ""score"": 1, ""rationale"": ""There is no explicit evidence of the session's duration or allocation of time for all segments. While the dialogue suggests a focused discussion, the criteria for a score of 2 are not fully met.""}, {""item_name"": ""Guided Discovery"", ""score"": 2, ""rationale"": ""The therapist designed the session to achieve a cognitive shift by helping Jamie identify triggers and patterns in anxiety. The use of a thought diary is an appropriate intervention to assess the cognitive shift.""}, {""item_name"": ""Focus on Key Cognitions and Behaviors"", ""score"": 3, ""rationale"": ""The therapist focused on the most relevant cognitions and behaviors related to Jamie's anxiety about driving, which has the greatest promise for positive impact. The discussion centered on identifying specific thoughts and triggers.""}, {""item_name"": ""Strategy for Change"", ""score"": 2, ""rationale"": ""The therapist discussed an overall strategy with Jamie and used the thought diary as an evidence-based CBT technique to track triggers and reactions, facilitating change.""}, {""item_name"": ""Application of CBT Technique"", ""score"": 2, ""rationale"": ""The therapist applied the thought diary technique with sufficient skill, making it recognizable and likely to facilitate change in a motivated client like Jamie.""}, {""item_name"": ""Action Plan"", ""score"": 2, ""rationale"": ""The therapist developed a new Action Plan based on the session, involving the thought diary. Jamie's input was considered, and the plan was reviewed, though potential obstacles were not explicitly addressed.""}], ""total_score"": 24}"
"warm, empathetic, patient",Avoided all dental care for decades leading to severe dental issues,"
[Kyle] To begin, could you share what has been most difficult or concerning for you lately?
[Jamie] I've been really terrified about my dental health. I avoided going to the dentist for so many years and now I feel ashamed and worried about the damage that's been done.
[Kyle] It sounds like you're feeling a mix of fear and shame about your dental health, which is completely understandable. Let's explore how these thoughts and emotions are affecting you and create a plan to address them. How does that sound?
[Jamie] I think that sounds good. I'm just so scared of the dentist and what they might say or do, but I know I can't keep ignoring it.
[Kyle] Thank you for sharing that with me. It's important to acknowledge your fear, and it's great that you're recognizing the need to take action. Let's try to break this down into smaller, manageable steps to help you feel more in control. What would you like our first step to be?
[Jamie] Maybe just talking about what a first visit might be like and what to expect? That seems like a place to start.
[Kyle] That's a great idea. We can discuss what typically happens at a dental visit to help demystify the process and reduce some anxiety. We can also explore some strategies to help you feel more comfortable and prepared for the experience. Does that sound helpful?
[Jamie] Yes, that would be really helpful. Just knowing what to expect might make it a bit less scary.
[Kyle] I'm glad to hear that. Let's start by outlining the general steps of a dental visit and then talk about ways to manage any anxious thoughts that may arise. If anything feels overwhelming, just let me know, and we can take it one step at a time. How does that plan feel to you?
[Jamie] That feels manageable, I think. I'd like to learn more, but I'm still pretty nervous about the whole thing.
[Kyle] It's completely normal to feel nervous, and I'm here to support you through it. Let's gently explore what happens during a typical dental visit and discuss some techniques for calming those nerves. Remember, we're taking this one step at a time.
[Jamie] Thank you, I appreciate that. Let's give it a try.
[Kyle] You're doing great by taking this step. During a typical dental visit, you'll often start with a conversation about your medical history and any concerns you might have. Then, the dentist will usually perform an examination of your teeth and mouth. We can also work on strategies like deep breathing or grounding techniques to help you stay calm. How do you feel about this so far?
[Jamie] I feel a bit better knowing more about it, but I'm still anxious about what they might find. I'll try to focus on those calming techniques.
[Kyle] It's completely normal to feel anxious about what might be discovered, and it's great that you're open to using calming techniques. Remember, the support you'll receive from the dentist is aimed at helping you improve your dental health. Would you like to go over a specific technique, like deep breathing, that you could practice before or during your visit?
[Jamie] Yes, I think learning a specific technique could help. Deep breathing sounds like a good starting point.
",7,23,"{""ctrs_evaluation"": [{""item_name"": ""Agenda"", ""score"": 1, ""rationale"": ""The therapist initiated the session by asking about the client's current concerns and proposed creating a plan, but did not explicitly transition from a previous session, review an Action Plan, conduct a mood check, or set specific goals for the session.""}, {""item_name"": ""Feedback"", ""score"": 2, ""rationale"": ""The therapist ensured the client understood and agreed with the plan by asking if discussing a dental visit and strategies would be helpful, and responded appropriately to the client's feedback.""}, {""item_name"": ""Understanding"", ""score"": 3, ""rationale"": ""The therapist consistently listened and reflected the client's statements, demonstrating understanding and empathy by acknowledging the client's fear and shame about dental visits.""}, {""item_name"": ""Interpersonal Effectiveness"", ""score"": 3, ""rationale"": ""The therapist demonstrated warmth, genuineness, and unconditional acceptance throughout the session, providing positive reinforcement and maintaining professional behavior.""}, {""item_name"": ""Collaboration"", ""score"": 3, ""rationale"": ""The therapist consistently invited the client's participation in session decisions, such as discussing the dental visit and exploring calming strategies, resulting in a mutually agreeable direction.""}, {""item_name"": ""Pacing and Efficient Use of Time"", ""score"": 1, ""rationale"": ""The dialogue does not provide enough information to confirm that appropriate time was allocated for all session segments or that the session was completed within 40-60 minutes.""}, {""item_name"": ""Guided Discovery"", ""score"": 2, ""rationale"": ""The therapist designed the session to achieve a cognitive shift by helping the client understand the dental visit process and exploring calming strategies, but did not assess the impact of the cognitive shift.""}, {""item_name"": ""Focus on Key Cognitions and Behaviors"", ""score"": 3, ""rationale"": ""The therapist focused on the client's fear and anxiety about dental visits, which are the most relevant cognitions and behaviors with the greatest promise for positive impact.""}, {""item_name"": ""Strategy for Change"", ""score"": 2, ""rationale"": ""The therapist discussed an overall strategy with the client and used appropriate CBT techniques, such as exploring calming strategies and deep breathing, to facilitate change.""}, {""item_name"": ""Application of CBT Technique"", ""score"": 2, ""rationale"": ""The therapist applied the CBT technique of deep breathing with sufficient skill, making it recognizable and likely to facilitate change in a motivated client.""}, {""item_name"": ""Action Plan"", ""score"": 1, ""rationale"": ""The therapist developed a new plan based on the current session, focusing on learning and practicing calming techniques, but did not review a previous Action Plan or explicitly ask for client input on the new plan.""}], ""total_score"": 23}"
"warm, empathetic, patient",Often feels disconnected from their body or surroundings during high stress,"
[Kyle] Since this is our first time meeting, can you tell me what has been affecting you most or prompting you to seek support right now?
[Jamie] I often feel disconnected from myself and my surroundings, especially when things get stressful. It’s like I’m watching everything from a distance.
[Kyle] That sounds like a challenging experience. It seems like stress might be triggering feelings of disconnection for you. Let's explore this together—would you like to focus on understanding these moments more clearly or perhaps work on finding ways to feel more connected?
[Jamie] Maybe understanding it better would be a good start. It’s hard to know why it happens.
[Kyle] Great, we'll focus on understanding it better. Can you think of a recent situation where this feeling of disconnection was particularly strong? What thoughts or emotions were you experiencing at that time?
[Jamie] There was this work meeting, and suddenly, everything felt distant. I could see people talking, but it felt like I wasn’t really there. I wasn’t thinking much, just kind of blank.
[Kyle] Thank you for sharing that. It sounds like the meeting might have triggered a kind of automatic response where you felt blank and distant. Would you say this kind of feeling happens more often in stressful situations like that meeting?
[Jamie] Yeah, it seems to happen more during stressful times. It's like an automatic switch.
[Kyle] It makes sense that stress might trigger this response. It's a common way for our minds to cope with overwhelming situations. Would you be interested in exploring some techniques that might help you manage these feelings when they arise?
[Jamie] Sure, I think that could be helpful.
[Kyle] One technique we might try is grounding. It can help anchor you in the present moment during those times. Would you like to give it a try right now?
[Jamie] Okay, I'm willing to try that.
[Kyle] Great! Let's start with a simple exercise. Take a deep breath, and slowly exhale. Then, look around you and try to name five things you can see. Take your time and let me know how that feels.
[Jamie] Alright... I see a clock, some books, a plant, the window, and a chair. It feels a bit strange, but I can focus on them.
[Kyle] That's a wonderful start. Focusing on what you can see helps bring your attention back to the present moment. How did it feel to take that step and focus on your surroundings?
[Jamie] It was a bit unusual, but kind of grounding. It helped me feel slightly more present.
",8,20,"{""ctrs_evaluation"": [{""item_name"": ""Agenda"", ""score"": 1, ""rationale"": ""The therapist identified a significant event and set a specific goal for the session by focusing on understanding the client's disconnection. However, there was no transition from a previous session, review of an Action Plan, or mood check, as this was the first meeting.""}, {""item_name"": ""Feedback"", ""score"": 1, ""rationale"": ""The therapist ascertained the client's reaction to the grounding exercise but did not ensure understanding/agreement with a broader treatment plan or respond to feedback throughout the session.""}, {""item_name"": ""Understanding"", ""score"": 3, ""rationale"": ""The therapist consistently listened and reflected the client's statements, demonstrating empathy and understanding of the client's emotional state by discussing the disconnection in the context of stress.""}, {""item_name"": ""Interpersonal Effectiveness"", ""score"": 3, ""rationale"": ""The therapist demonstrated warmth, genuineness, and unconditional acceptance through empathetic responses and a patient demeanor.""}, {""item_name"": ""Collaboration"", ""score"": 2, ""rationale"": ""The therapist asked for client input when setting the agenda and selecting the grounding technique, but there was no Action Plan developed in this session.""}, {""item_name"": ""Pacing and Efficient Use of Time"", ""score"": 1, ""rationale"": ""The session segments were appropriately timed, but there is no information on the total session duration.""}, {""item_name"": ""Guided Discovery"", ""score"": 2, ""rationale"": ""The therapist designed the session to achieve a cognitive shift by exploring the client's disconnection and introduced grounding as a technique to manage it.""}, {""item_name"": ""Focus on Key Cognitions and Behaviors"", ""score"": 3, ""rationale"": ""The therapist focused on the most relevant cognition and behavior, which was the client's disconnection during stress, promising a positive impact.""}, {""item_name"": ""Strategy for Change"", ""score"": 2, ""rationale"": ""The therapist discussed an overall strategy to manage disconnection and used the grounding technique, an evidence-based CBT approach.""}, {""item_name"": ""Application of CBT Technique"", ""score"": 2, ""rationale"": ""The therapist applied the grounding technique with sufficient skill, making it recognizable and likely to facilitate change.""}, {""item_name"": ""Action Plan"", ""score"": 0, ""rationale"": ""There was no review of a previous Action Plan or development of a new one in this initial session.""}], ""total_score"": 20}"
"direct, challenging, pragmatic",Past unresolved trauma causes one partner to react explosively to minor triggers,"
[Kyle] Hi Jamie. As we get started today, what's been on your mind recently?
[Jamie] Honestly, I feel like I'm constantly on edge, like I'm waiting for something bad to happen. Everything feels like a potential threat, and it makes it hard to relax.
[Kyle] That sounds really challenging, living with that constant sense of tension. Let's focus on this feeling of being on edge today. Does that sound good to you?
[Jamie] I guess so, but I just don't see how talking about it is really going to change anything. It just feels like talking in circles sometimes, you know?
[Kyle] I understand your concern. While it might feel like that sometimes, the goal is to identify specific thoughts and patterns contributing to this anxiety. By doing so, we can work on changing those patterns. Are you open to exploring this further?
[Jamie] I mean, I'm here, right? But I've tried before, and nothing seems to really stick or make a difference long-term. It's frustrating.
[Kyle] That frustration is completely valid. Let's work together to find a strategy that might feel more effective for you. Perhaps we can identify one specific thought or situation that triggers this feeling and examine it closely. How does that approach sound?
[Jamie] I guess trying to pinpoint something specific might be useful. It's just hard to figure out which of the million little things is the actual trigger.
[Kyle] It can definitely be overwhelming. Let's try focusing on a recent situation where you felt particularly on edge. We can break it down together and see what comes up. Are you ready to give that a try?
[Jamie] Yeah, alright. There was this argument with my partner over something trivial, like where to go for dinner, and it just spiraled out of control. I couldn't calm down.
[Kyle] Thanks for sharing that. Let's look at the thoughts that went through your mind during that argument. What were you telling yourself that might have made it escalate?
[Jamie] I don't know, it all happened so fast. It's like, one moment we're just talking, and the next, I feel attacked or like I'm being blamed for everything. Then I just lash out to protect myself.
[Kyle] It sounds like there might be a pattern of feeling blamed that makes you react defensively. Let's explore this thought together. What evidence do you have that you were being blamed, and is there any evidence to suggest otherwise?
[Jamie] Well, it just felt like I was being blamed when they said I never listen or care about what they want. But thinking back, maybe I was too quick to assume that's exactly what they meant. I just can't help how it makes me feel in the moment.
[Kyle] That's a helpful insight. Recognizing that assumption is the first step. Next time, when you feel that way, try asking yourself, ""Is this really what they're saying, or is there another interpretation?"" How do you feel about practicing this technique in similar situations?
[Jamie] I can try, but I'm not sure it will come naturally in the heat of the moment. When the emotions take over, it's hard to think rationally.
",9,22,"{""ctrs_evaluation"": [{""item_name"": ""Agenda"", ""score"": 2, ""rationale"": ""The therapist transitioned from the previous session, identified significant events, and set specific goals for the session by focusing on Jamie's feeling of being on edge. However, there was no review of an Action Plan or a mood check.""}, {""item_name"": ""Feedback"", ""score"": 1, ""rationale"": ""The therapist ascertained Jamie's reaction and responded to feedback by validating Jamie's frustration. However, there was no evidence of ensuring Jamie understood or agreed with a treatment plan.""}, {""item_name"": ""Understanding"", ""score"": 3, ""rationale"": ""The therapist consistently listened and reflected Jamie's statements, demonstrating empathy by acknowledging the challenge of living with tension and frustration.""}, {""item_name"": ""Interpersonal Effectiveness"", ""score"": 2, ""rationale"": ""The therapist demonstrated concern for Jamie and maintained professional behavior, but there was limited evidence of providing positive reinforcement or demonstrating warmth and genuineness.""}, {""item_name"": ""Collaboration"", ""score"": 2, ""rationale"": ""The therapist asked for Jamie's input when setting the agenda and selecting techniques, but there was no evidence of determining an Action Plan collaboratively.""}, {""item_name"": ""Pacing and Efficient Use of Time"", ""score"": 1, ""rationale"": ""The therapist allocated appropriate time for discussing key issues but there is no indication of session length or completion of all session segments.""}, {""item_name"": ""Guided Discovery"", ""score"": 3, ""rationale"": ""The therapist skillfully used guided discovery to help Jamie identify assumptions during conflicts, leading to a cognitive shift in recognizing alternative interpretations.""}, {""item_name"": ""Focus on Key Cognitions and Behaviors"", ""score"": 3, ""rationale"": ""The therapist focused on Jamie's specific cognitions and behaviors during arguments, which are highly relevant to the agenda and have the potential for positive impact.""}, {""item_name"": ""Strategy for Change"", ""score"": 2, ""rationale"": ""The therapist discussed a strategy to identify and challenge assumptions during conflicts and used an evidence-based CBT technique, but did not offer other options or obtain explicit agreement.""}, {""item_name"": ""Application of CBT Technique"", ""score"": 2, ""rationale"": ""The therapist applied a CBT technique to challenge Jamie's assumptions during conflicts with sufficient skill, likely facilitating change.""}, {""item_name"": ""Action Plan"", ""score"": 1, ""rationale"": ""The therapist suggested practicing a technique in future situations but did not review a previous Action Plan or develop a new one with Jamie's input.""}], ""total_score"": 22}"
"observant, analytical, systemic",Grieving a family member with severe dementia (physically present cognitively absent),"
[Kyle] I'm glad you made the time to come in today. What have things been like for you over the past few days?
[Jamie] I've just felt really lost and overwhelmed, like I'm here but not really present. Everything's kind of a blur, and it just hits me that who they used to be isn't there anymore.
[Kyle] It sounds like you're feeling disconnected and perhaps grieving some changes in your identity. That must be really challenging. Let's set a goal for today. Would you like to focus on understanding these feelings more or finding some strategies to help you feel more grounded?
[Jamie] I think I need to try to understand these feelings more. It might help me to figure out why everything feels so heavy.
[Kyle] That sounds like a good starting point. We'll work together to explore these feelings and see if we can uncover some underlying thoughts or beliefs that might be contributing to them. How does that sound to you?
[Jamie] That sounds okay. I'm hoping it might help make sense of the mess inside my head.
[Kyle] Great, let's start by examining a recent situation where these feelings of being lost and overwhelmed were particularly strong. Can you tell me about that?
[Jamie] Yesterday, I was visiting and tried talking to them like I always do, but they didn't recognize me at all. It felt like a wave of emptiness just washed over me.
[Kyle] That must have been incredibly difficult and painful for you. It sounds like this moment triggered feelings of loss and perhaps even a sense of your own identity being questioned. What do you think you were telling yourself in that moment?
[Jamie] In that moment, I was telling myself that I'm losing them and maybe I already have. It's like clinging onto something that's slipping away no matter how hard I try.
[Kyle] It seems like there's a strong sense of helplessness and fear of loss in these thoughts. What impact do you notice these thoughts having on your emotions and behavior during such moments?
[Jamie] They leave me feeling empty and disconnected, almost frozen. It's hard to focus or do anything else because my mind keeps going back to that moment.
[Kyle] That disconnection and rumination can really take a toll on your emotional well-being. Let's explore a strategy to help you manage these thoughts when they arise. How would you feel about trying a grounding technique to bring your focus back to the present moment?
[Jamie] I'm open to trying that. I think it might help to at least feel a bit more stable in those moments.
[Kyle] Great. One grounding technique we can try involves using your senses to focus on the present. When you notice these thoughts taking over, take a deep breath and then identify five things you can see, four things you can touch, three things you can hear, two things you can smell, and one thing you can taste. Would you like to give this a try together before you practice it on your own?
[Jamie] Yes, let's try it together. I think it might help to do it with some guidance first.
",10,24,"{""ctrs_evaluation"": [{""item_name"": ""Agenda"", ""score"": 2, ""rationale"": ""The therapist transitioned from the previous session, identified significant events, and set specific goals for the session. However, there was no review of an Action Plan or mood check.""}, {""item_name"": ""Feedback"", ""score"": 1, ""rationale"": ""The therapist ensured the client understood the treatment plan and responded to feedback, but did not ascertain the client's reaction throughout the session.""}, {""item_name"": ""Understanding"", ""score"": 3, ""rationale"": ""The therapist consistently listened and reflected the client's statements, demonstrated recognition of the client's emotional state, and discussed it within the context of the conceptualization.""}, {""item_name"": ""Interpersonal Effectiveness"", ""score"": 3, ""rationale"": ""The therapist demonstrated concern, provided positive reinforcement, maintained professional behavior, and showed warmth and genuineness throughout the session.""}, {""item_name"": ""Collaboration"", ""score"": 2, ""rationale"": ""The therapist asked for client input when setting the agenda and selecting techniques, but did not explicitly involve the client in determining the Action Plan.""}, {""item_name"": ""Pacing and Efficient Use of Time"", ""score"": 1, ""rationale"": ""The therapist allocated appropriate time for session segments but there is no information about the session duration.""}, {""item_name"": ""Guided Discovery"", ""score"": 2, ""rationale"": ""The therapist designed the session to achieve a cognitive shift and avoided bias, but did not assess the shift after the intervention.""}, {""item_name"": ""Focus on Key Cognitions and Behaviors"", ""score"": 3, ""rationale"": ""The therapist focused on the most relevant cognitions and behaviors associated with the client's feelings of loss and disconnection.""}, {""item_name"": ""Strategy for Change"", ""score"": 2, ""rationale"": ""The therapist discussed an overall strategy and used a grounding technique, but did not offer other options or obtain explicit agreement.""}, {""item_name"": ""Application of CBT Technique"", ""score"": 3, ""rationale"": ""The therapist applied the grounding technique with skill and technical correctness, likely facilitating change.""}, {""item_name"": ""Action Plan"", ""score"": 2, ""rationale"": ""The therapist developed a new Action Plan based on the session and asked for client input, but did not review a previous plan.""}], ""total_score"": 24}"
"systematic, educational, logical",Dependent on sleep aids and cannot sleep without them,"
[Kyle] Hello, Jamie. When you think about the past weeks or months, what feels most important for me to know about what you're going through?
[Jamie] I just can't seem to sleep without the sleep aids, and it's really frustrating. I'm anxious all the time about what'll happen if I can't get more.
[Kyle] I understand how frustrating and anxiety-inducing that must be. Let's focus on understanding your sleep patterns and anxiety, and work towards reducing that dependence on sleep aids. Does that sound like a good goal for today?
[Jamie] Yeah, that sounds good. I just hope we can figure something out because it's been really tough.
[Kyle] I appreciate your willingness to work on this. We'll start by exploring the thoughts and beliefs you have around sleep and the use of aids. Can you share more about what goes through your mind when you try to sleep without them?
[Jamie] When I try to sleep without them, I start worrying about everything—like, what if I can't sleep and can't function the next day? That just spirals into more anxiety.
[Kyle] It sounds like there's a cycle of worry that's contributing to your anxiety about sleep. Let's use a thought record to examine those thoughts more closely. How would you feel about identifying and challenging some of these thoughts together?
[Jamie] I guess that could help. I'm just nervous about facing those thoughts, but I'm willing to try.
[Kyle] It's great that you're open to trying this. I'll guide you through challenging these thoughts step-by-step. As we do this, remember that it's okay to feel nervous, and we're working together on this. Shall we start by identifying one specific thought you have when you can't fall asleep?
[Jamie] Okay, one thought that comes up is, ""I won't be able to function tomorrow if I don't fall asleep soon.""
[Kyle] That's a common and understandable worry. Let's take a closer look at this thought. How true do you think this belief is from 0 to 100%? And have you noticed any times when you functioned just fine despite not sleeping well?
[Jamie] I’d say it feels about 80% true. There have been a few times when I didn’t sleep much, but I got through the day okay. It’s just hard to remember that in the moment.
[Kyle] That's a helpful observation. It seems like your mind often jumps to the worst-case scenario. How might it feel to remind yourself of those times you managed okay, even with less sleep, when that worry arises?
[Jamie] I think it could help a bit, but it’s hard to convince myself in the moment. Maybe if I keep reminding myself, it’ll get easier.
[Kyle] Exactly, with practice, it can become more convincing over time. Let's create a plan for you to practice reminding yourself of these positive outcomes when you feel anxious about sleep. Does that sound manageable?
[Jamie] Yeah, that sounds manageable. I’m willing to give it a try and see if it helps over time.
",11,25,"{""ctrs_evaluation"": [{""item_name"": ""Agenda"", ""score"": 2, ""rationale"": ""The therapist identified significant events, conducted a mood check, and set specific goals for the session, but did not review the previous Action Plan or transition from the previous session.""}, {""item_name"": ""Feedback"", ""score"": 1, ""rationale"": ""The therapist ascertained the client's reaction and ensured agreement with the treatment plan but did not fluidly request feedback throughout the session.""}, {""item_name"": ""Understanding"", ""score"": 3, ""rationale"": ""The therapist consistently listened, reflected the client's statements, and demonstrated empathy by recognizing the client's emotional state and discussing it within the context of the conceptualization.""}, {""item_name"": ""Interpersonal Effectiveness"", ""score"": 3, ""rationale"": ""The therapist demonstrated concern, provided positive reinforcement, maintained professional behavior, and showed warmth and genuineness throughout the session.""}, {""item_name"": ""Collaboration"", ""score"": 2, ""rationale"": ""The therapist asked for client input when setting the agenda, selecting CBT techniques, and determining the Action Plan, but did not consistently invite participation in every major decision.""}, {""item_name"": ""Pacing and Efficient Use of Time"", ""score"": 1, ""rationale"": ""The therapist allocated appropriate time for session segments but there is no evidence of the session being completed within 40-60 minutes.""}, {""item_name"": ""Guided Discovery"", ""score"": 3, ""rationale"": ""The therapist skillfully used guided discovery to help the client arrive at their own conclusions and assessed the impact of the cognitive shift.""}, {""item_name"": ""Focus on Key Cognitions and Behaviors"", ""score"": 3, ""rationale"": ""The therapist focused on the most relevant cognitions and behaviors, specifically the client's anxiety and beliefs about sleep, which have the greatest promise for positive impact.""}, {""item_name"": ""Strategy for Change"", ""score"": 2, ""rationale"": ""The therapist discussed an overall strategy and used an appropriate CBT technique, specifically a thought record, to facilitate change.""}, {""item_name"": ""Application of CBT Technique"", ""score"": 2, ""rationale"": ""The therapist applied the thought record technique with sufficient skill, making it recognizable and likely to facilitate change.""}, {""item_name"": ""Action Plan"", ""score"": 3, ""rationale"": ""The therapist reviewed the previous Action Plan, asked for client input on the new plan, developed a new plan, and ensured the client was capable of completing it while addressing potential obstacles.""}], ""total_score"": 25}"
"warm, empathetic, patient",Spends too much time on low-priority tasks neglecting important complex ones,"
[Kyle] Since this is our first time meeting, can you tell me what has been affecting you most or prompting you to seek support right now?
[Jamie] I've just been feeling really overwhelmed with everything going on. I tend to get caught up in small tasks and end up neglecting more important things that need my attention. It's really stressful.
[Kyle] It sounds like you're experiencing a lot of stress trying to juggle various responsibilities and struggling to prioritize them effectively. How would you feel about setting a goal to work on organization and prioritization strategies today?
[Jamie] That sounds like a good idea. I definitely need help figuring out how to tackle the bigger tasks without getting lost in the little details.
[Kyle] Great! Let's start by identifying one or two of those bigger tasks that you find challenging to prioritize. With that information, we can work together to develop strategies to approach them more effectively. How does that sound?
[Jamie] It sounds helpful. Lately, planning the quarterly report and updating our client database have been looming over me, but I can't seem to get to them.
[Kyle] Thanks for sharing that. Let's focus on creating a plan for tackling the quarterly report first, and then we can discuss strategies for the client database. We can explore ways to break these tasks into smaller, more manageable steps and prioritize them effectively. Would that approach work for you?
[Jamie] Yes, that approach could really help. Breaking it down might make it feel less overwhelming.
[Kyle] I'm glad you find that helpful. Let's start by identifying the first step you could take in creating the quarterly report and discuss how to make it more manageable. What do you think the first task would be?
[Jamie] The first step would probably be gathering all the necessary data and information. It's always a bit of a process to collect everything from different sources.
[Kyle] That makes sense—gathering data can often feel like a big task. To make it more manageable, let's think about how you could break it down further, perhaps by focusing on one source or type of data at a time. How effective do you think that might be for you?
[Jamie] Focusing on one source at a time could definitely make it less daunting. It might help keep me from getting too scattered trying to do a bit of everything all at once.
[Kyle] That sounds like a solid plan. By focusing on one source at a time, you can reduce the feeling of being overwhelmed and improve your sense of accomplishment as you complete each part. Once you've gathered all the data, what would be your next step in the process?
[Jamie] After gathering all the data, the next step would be to organize and analyze it. That way, I can start forming the main points for the report.
[Kyle] Organizing and analyzing the data is a crucial step. To make it more manageable, you might want to set specific goals for each session you work on it, like sorting data for a particular section of the report. How does planning it this way resonate with you?
[Jamie] That sounds like a practical approach. Setting specific goals for each session could help keep me focused and make the task feel less overwhelming.
",12,26,"{""ctrs_evaluation"": [{""item_name"": ""Agenda"", ""score"": 2, ""rationale"": ""The therapist identified significant events and specific goals for the session, such as working on organization and prioritization strategies. However, there was no review of a previous Action Plan or mood check.""}, {""item_name"": ""Feedback"", ""score"": 1, ""rationale"": ""The therapist ensured the client agreed with the treatment plan but did not ascertain the client's reaction throughout the session or respond to feedback.""}, {""item_name"": ""Understanding"", ""score"": 3, ""rationale"": ""The therapist consistently listened and reflected the client's statements, demonstrating recognition of the client's emotional state and discussing it within the context of the conceptualization.""}, {""item_name"": ""Interpersonal Effectiveness"", ""score"": 3, ""rationale"": ""The therapist demonstrated warmth, genuineness, and unconditional acceptance through empathetic responses and supportive language.""}, {""item_name"": ""Collaboration"", ""score"": 3, ""rationale"": ""The therapist consistently invited the client's participation in setting the agenda and determining the Action Plan, resulting in a mutually agreeable direction.""}, {""item_name"": ""Pacing and Efficient Use of Time"", ""score"": 2, ""rationale"": ""The therapist allocated appropriate time for session segments, though there is no information on the session's total duration.""}, {""item_name"": ""Guided Discovery"", ""score"": 3, ""rationale"": ""The therapist skillfully used guided discovery to help the client arrive at their own conclusions and assessed the impact of the cognitive shift by discussing manageable steps.""}, {""item_name"": ""Focus on Key Cognitions and Behaviors"", ""score"": 3, ""rationale"": ""The therapist focused on relevant cognitions and behaviors, such as prioritizing tasks and breaking them into manageable steps, which have a promising impact.""}, {""item_name"": ""Strategy for Change"", ""score"": 2, ""rationale"": ""The therapist discussed an overall strategy and used appropriate CBT techniques, such as breaking tasks into smaller steps, but did not explain the rationale for the technique.""}, {""item_name"": ""Application of CBT Technique"", ""score"": 2, ""rationale"": ""The therapist applied CBT techniques with sufficient skill, such as breaking tasks into smaller steps, which is likely to facilitate change in a motivated client.""}, {""item_name"": ""Action Plan"", ""score"": 2, ""rationale"": ""The therapist developed a new plan based on the session and asked for client input, but did not review a previous Action Plan or assess the likelihood of completion.""}], ""total_score"": 26}"
"calm, validating, non-judgmental",Intense feelings quickly followed by deep self-hating shame and withdrawal,"
[Kyle] Hi Jamie. Since this is our first session, it would help to hear what has been going on for you recently and what led you to reach out.
[Jamie] Lately, I've been caught in this exhausting cycle of intense feelings that just overwhelm me, and then afterward, I get hit by this wave of self-hatred and embarrassment. It's like I punish myself for feeling too much, and I end up isolating myself from everyone. It's been hard to break out of it.
[Kyle] That sounds really difficult, and I can see why it's been challenging for you. It's important to acknowledge how overwhelming these feelings can be. Let's explore this cycle together today to understand it better and identify steps you can take to feel more in control. How does that sound to you?
[Jamie] I guess that makes sense. I'm not sure how to break the cycle, but I'm willing to try and understand it more. I just don't want to feel this way anymore.
[Kyle] I'm glad to hear you're willing to explore this further. We can work together to identify the thoughts and behaviors that contribute to this cycle. Understanding these elements can be the first step in finding ways to change them. What do you think we could focus on first today?
[Jamie] Maybe we could start with how intense emotions come up for me. It feels like they hit out of nowhere and take over everything. I don't know why they happen or how to handle them when they do.
[Kyle] That's a great place to start. We can look at what might be triggering these emotions and any patterns that occur when they arise. Understanding these triggers can help us come up with strategies to manage them. Does this approach feel like it could be helpful for you?
[Jamie] Yeah, I think so. I just wish I didn't feel so overpowered by them all the time. Maybe finding out what sets them off could make a difference.
[Kyle] Absolutely, identifying triggers can definitely make a difference. Let's pay attention to specific situations, thoughts, or even physical sensations that might precede these emotions. As we go through this, remember it's about gaining understanding, not judging yourself for having these feelings. Does this sound okay for you?
[Jamie] I guess so. It's hard not to judge myself, though. But I'll try to focus on understanding instead. It just feels so challenging to untangle all of it.
[Kyle] I completely understand how challenging that can feel, and I commend you for being open to exploring this. Remember, it's a process, and taking it step by step is important. Let's work together to create a safe space for this exploration. How about we start by identifying one recent situation where these emotions felt particularly intense?
[Jamie] Well, there was this time last week when I was with some friends. I suddenly felt overwhelmed, like everyone was watching and judging me. It just spiraled from there, and I ended up leaving early. It really shook me up.
[Kyle] Thank you for sharing that. It sounds like a tough experience. Let's consider what thoughts were going through your mind when you felt everyone might be judging you. Understanding these thoughts can be key to managing intense emotions in similar situations. Would you be open to exploring what those thoughts might have been?
[Jamie] Yeah, I can try. I remember thinking that I wasn't fun enough or interesting, and that everyone would rather I just wasn't there. It's like this overwhelming feeling of being inadequate that I can't shake off.
[Kyle] That sounds really difficult, and I appreciate you sharing those thoughts with me. It seems like the idea of being inadequate plays a significant role in how you're feeling during these moments. Let's focus on how these thoughts might be influencing your emotions and behaviors. Together, we can work on strategies to reframe these thoughts into something less overwhelming. What do you think about that approach?
[Jamie] That sounds like it could be helpful. Maybe learning to challenge those thoughts might change how I react to them. It's just hard to believe anything else when they feel so real.
",13,21,"{""ctrs_evaluation"": [{""item_name"": ""Agenda"", ""score"": 1, ""rationale"": ""The therapist did not transition from a previous session, review an Action Plan, or conduct a mood check. However, they did identify significant events and set a goal to explore the client's emotional cycle.""}, {""item_name"": ""Feedback"", ""score"": 1, ""rationale"": ""The therapist responded appropriately to the client's willingness to explore their emotions but did not ascertain the client's reaction to the treatment plan or ensure understanding/agreement.""}, {""item_name"": ""Understanding"", ""score"": 3, ""rationale"": ""The therapist consistently listened and reflected the client's statements, demonstrated empathy, and discussed the client's emotional state within the context of the session.""}, {""item_name"": ""Interpersonal Effectiveness"", ""score"": 3, ""rationale"": ""The therapist demonstrated concern, provided positive reinforcement, maintained professional behavior, and showed warmth and genuineness throughout the session.""}, {""item_name"": ""Collaboration"", ""score"": 2, ""rationale"": ""The therapist asked for client input when setting the agenda and selecting techniques but did not explicitly involve the client in determining an Action Plan.""}, {""item_name"": ""Pacing and Efficient Use of Time"", ""score"": 1, ""rationale"": ""The dialogue suggests appropriate allocation of time for session segments but does not provide enough information to confirm the session was completed within 40-60 minutes.""}, {""item_name"": ""Guided Discovery"", ""score"": 2, ""rationale"": ""The therapist designed the session to achieve a cognitive shift by exploring triggers and thoughts but did not assess the impact of the cognitive shift within the session.""}, {""item_name"": ""Focus on Key Cognitions and Behaviors"", ""score"": 3, ""rationale"": ""The therapist focused on the most relevant cognitions and behaviors, such as feelings of inadequacy and triggers for intense emotions, which have the greatest promise for positive impact.""}, {""item_name"": ""Strategy for Change"", ""score"": 2, ""rationale"": ""The therapist discussed an overall strategy to identify triggers and reframe thoughts, using appropriate CBT techniques.""}, {""item_name"": ""Application of CBT Technique"", ""score"": 2, ""rationale"": ""The therapist applied CBT techniques with sufficient skill, focusing on identifying and reframing thoughts, which is likely to facilitate change.""}, {""item_name"": ""Action Plan"", ""score"": 1, ""rationale"": ""The therapist did not review a previous Action Plan or develop a new one based on the session, though they did ask for client input on exploring triggers.""}], ""total_score"": 21}"
"warm, empathetic, patient",Hypersensitive to any internal sensation quickly escalating it into a health crisis fear,"
[Kyle] Hi Jamie. Since our last conversation, what has been coming up for you that feels important to talk about today?
[Jamie] Oh, well... I've been feeling really jumpy about some weird sensations in my chest lately. I'm worried it might be something serious. It's hard to focus on anything else.
[Kyle] It sounds like you're experiencing a lot of anxiety around those sensations. That can be really unsettling. Let's explore this together and see if we can find some ways to understand and manage what you're feeling. How does that sound to you?
[Jamie] I guess that sounds okay... but I'm not sure how to stop worrying about it. It feels so real, you know? Like something's really wrong.
[Kyle] I hear you, and it's completely understandable to feel that way. Let's start by identifying what thoughts come up for you when you notice these sensations. From there, we can explore those thoughts together and see if there's a different way to look at things. Does that feel like a good starting point?
[Jamie] Yeah, I think so. When I feel it, my mind just races to the worst-case scenario, like, 'What if it's a heart issue?' and then I just can't shake the fear.
[Kyle] It's natural for those worst-case scenarios to escalate your anxiety. Let’s try to break it down: what evidence do you have that supports this worry, and what evidence might not support it? This can help us see if there are other possibilities to consider.
[Jamie] Well, I don't really have any solid evidence, I guess. No history of heart issues, but when the sensation hits, it feels so alarming. I can't help but think something's being overlooked.
[Kyle] It's understandable for such a strong sensation to feel alarming. Let’s consider other explanations or less threatening reasons why you might feel this way, and explore how often these sensations occur. We can then work on strategies to address the anxiety that comes with it. Would you feel comfortable examining it from this angle?
[Jamie] I suppose so... Maybe it's stress or anxiety, but it happens a lot. I just want to make sure I'm not missing something serious. It's hard to shake the feeling that it could be.
[Kyle] It's completely valid to want reassurance about your health. Would it be helpful to explore some techniques to manage stress or anxiety in moments like these, while also considering consulting with a healthcare professional to address any lingering concerns?
[Jamie] Yeah, I think that could help. Learning ways to manage the anxiety might make it easier to cope, but also knowing I can check in with a doctor if it doesn't ease up would be reassuring.
[Kyle] That sounds like a balanced approach. We can work on some anxiety management techniques, such as deep breathing or mindfulness, and you can reach out to a healthcare provider for that added reassurance. Let’s create a plan for practicing these techniques regularly. How does that sound?
[Jamie] That sounds like a good plan. Having something concrete to do might help me feel a bit more in control when those sensations hit.
[Kyle] Great. We'll start with a basic deep breathing exercise. It's something you can do anytime you feel the sensations begin. Then, between now and our next session, try to set aside a few quiet moments each day to practice. How does this plan feel to you?
[Jamie] That feels manageable. Focusing on breathing might help take my mind off the worry, at least a bit. I'll give it a try.
",14,21,"{""ctrs_evaluation"": [{""item_name"": ""Agenda"", ""score"": 1, ""rationale"": ""The therapist initiated the session by asking the client what was important to discuss, but did not transition from the previous session, review an Action Plan, conduct a mood check, or identify specific goals for the session.""}, {""item_name"": ""Feedback"", ""score"": 1, ""rationale"": ""The therapist responded to the client's concerns and ensured understanding of the treatment plan, but did not ascertain the client's reaction or fluidly request feedback throughout the session.""}, {""item_name"": ""Understanding"", ""score"": 3, ""rationale"": ""The therapist consistently listened and reflected the client's statements, demonstrating recognition of the client's emotional state through empathy and discussing it within the context of the conceptualization.""}, {""item_name"": ""Interpersonal Effectiveness"", ""score"": 3, ""rationale"": ""The therapist demonstrated warmth, genuineness, and unconditional acceptance through words and expressions, showing concern for the client and providing positive reinforcement.""}, {""item_name"": ""Collaboration"", ""score"": 2, ""rationale"": ""The therapist asked for client input when setting the agenda and selecting CBT techniques, but did not explicitly involve the client in determining the Action Plan.""}, {""item_name"": ""Pacing and Efficient Use of Time"", ""score"": 1, ""rationale"": ""The dialogue suggests appropriate pacing, but there is no information on the session's duration to confirm completion within 40-60 minutes.""}, {""item_name"": ""Guided Discovery"", ""score"": 2, ""rationale"": ""The therapist designed the session to achieve a cognitive shift by exploring evidence for and against the client's worries, avoiding bias and coercion.""}, {""item_name"": ""Focus on Key Cognitions and Behaviors"", ""score"": 2, ""rationale"": ""The therapist focused on specific cognitions and emotions associated with the client's anxiety about health sensations, which were relevant to the agenda.""}, {""item_name"": ""Strategy for Change"", ""score"": 2, ""rationale"": ""The therapist discussed an overall strategy and used appropriate CBT techniques, such as exploring evidence and considering alternative explanations.""}, {""item_name"": ""Application of CBT Technique"", ""score"": 2, ""rationale"": ""The therapist applied CBT techniques, such as deep breathing and mindfulness, with sufficient skill to facilitate change in a motivated client.""}, {""item_name"": ""Action Plan"", ""score"": 2, ""rationale"": ""The therapist developed a new Action Plan based on the session, asking for client input and suggesting techniques to manage anxiety.""}], ""total_score"": 21}"
"supportive, focused, structured",Leaving a stable career in their 40s to pursue a new creative path,"
[Kyle] Hi Jamie. Since this is our first session, it would help to hear what has been going on for you recently and what led you to reach out.
[Jamie] Hi! It's been a bit of a whirlwind. I've spent so many years in a steady career, but recently decided to leave it behind to follow a creative path. I'm excited, but also terrified and unsure about what the future holds. I just needed someone to talk to as I navigate these changes.
[Kyle] It's understandable to feel both excited and terrified when making such a significant life change. Your emotions are valid, and it's great that you're reaching out for support. For today's session, what would you like to focus on? Maybe managing the uncertainty, exploring your emotions, or something else?
[Jamie] I think exploring my emotions might be a good start. They're all over the place, and I sometimes struggle to make sense of them. It would be really helpful to untangle what I'm feeling and why.
[Kyle] Great, let's focus on understanding and exploring your emotions today. We can start by identifying some specific situations that have triggered strong feelings recently. How does that sound to you?
[Jamie] That sounds helpful. One situation that stands out is when I handed in my resignation. I felt a sense of relief, but also a wave of panic about what comes next. It was a complex mix of emotions.
[Kyle] It sounds like handing in your resignation brought up a complex blend of relief and panic. Let's explore those emotions a bit further. What thoughts were going through your mind when you experienced that relief and panic?
[Jamie] When I felt relief, it was like a weight had been lifted. I thought about finally having the chance to do something I've always dreamed of. But then the panic set in, and I started questioning if I'm making a huge mistake and how I'll manage financially. It was like two opposing forces pulling at me simultaneously.
[Kyle] That internal conflict you're describing makes a lot of sense given the circumstances. The relief of pursuing something you're passionate about is significant, but it's also natural for questions and doubts to follow when facing such big changes. Let's try to unpack these thoughts a bit more. Perhaps we can explore the evidence both for and against your concerns about making a mistake and managing finances. How does that approach resonate with you?
[Jamie] That sounds like a good idea. I think looking at both sides could help me get a clearer picture and hopefully ease some of the tension between those opposing feelings.
[Kyle] Great. Let's start with the thought, ""I might be making a huge mistake."" Can you think of any evidence that supports or contradicts this fear? This can help us develop a more balanced perspective.
[Jamie] Supporting the fear, I sometimes think about the stability I had and worry about losing that security. But contradicting it, I've been working on my creative skills for years, and I have a strong desire and passion for this path. Plus, people I trust have encouraged me to pursue it.
[Kyle] You've identified some important points on both sides. It's understandable to feel anxious about leaving a stable situation, but your experience and support from trusted people are significant positives. Let's consider how you can use these insights to create strategies that might help reduce the uncertainty or enhance your sense of security. What are your thoughts on this direction?
[Jamie] I like that idea. Creating some strategies might help me feel more in control and less overwhelmed by the uncertainty. Maybe I can start by setting small, achievable goals or looking into financial planning options.
[Kyle] That sounds like a solid approach. Setting small, achievable goals can create a sense of progress, and financial planning can provide peace of mind. How about we work together to outline a specific action plan for these strategies before our next session?
[Jamie] That would be really helpful. Having a plan might make everything feel less daunting, and I think it will give me some much-needed direction and focus.
",15,26,"{""ctrs_evaluation"": [{""item_name"": ""Agenda"", ""score"": 2, ""rationale"": ""The therapist identified specific goals for the session by focusing on exploring Jamie's emotions and understanding recent events. However, there was no explicit review of an Action Plan or mood check, as this was the first session.""}, {""item_name"": ""Feedback"", ""score"": 1, ""rationale"": ""The therapist responded appropriately to Jamie's feedback and ensured understanding of the session's focus, but did not fluidly request feedback throughout the session or ascertain Jamie's reaction to the treatment plan.""}, {""item_name"": ""Understanding"", ""score"": 3, ""rationale"": ""The therapist consistently listened and reflected Jamie's statements, demonstrating recognition of Jamie's emotional state through empathy and discussing it within the context of the conceptualization.""}, {""item_name"": ""Interpersonal Effectiveness"", ""score"": 3, ""rationale"": ""The therapist demonstrated warmth, genuineness, and unconditional acceptance through words and expressions, showing concern and providing positive reinforcement throughout the session.""}, {""item_name"": ""Collaboration"", ""score"": 3, ""rationale"": ""The therapist consistently invited Jamie's participation in setting the agenda, selecting techniques, and determining the action plan, resulting in a mutually agreeable direction.""}, {""item_name"": ""Pacing and Efficient Use of Time"", ""score"": 2, ""rationale"": ""The therapist allocated appropriate time for session segments and maintained focus, but there is no information about the session's total duration to confirm seamless pacing.""}, {""item_name"": ""Guided Discovery"", ""score"": 3, ""rationale"": ""The therapist skillfully used guided discovery to help Jamie explore thoughts and emotions, leading to a cognitive shift and assessing the impact of this shift.""}, {""item_name"": ""Focus on Key Cognitions and Behaviors"", ""score"": 3, ""rationale"": ""The therapist focused on the most relevant cognitions and behaviors, such as Jamie's fears and aspirations, which have the greatest promise for positive impact.""}, {""item_name"": ""Strategy for Change"", ""score"": 2, ""rationale"": ""The therapist discussed an overall strategy with Jamie and used appropriate CBT techniques, such as exploring evidence for and against Jamie's fears.""}, {""item_name"": ""Application of CBT Technique"", ""score"": 2, ""rationale"": ""The therapist applied a CBT technique with sufficient skill, recognizable in the exploration of evidence for and against Jamie's fears, likely to facilitate change.""}, {""item_name"": ""Action Plan"", ""score"": 2, ""rationale"": ""The therapist developed a new action plan based on the session, including setting small goals and financial planning, but did not assess the likelihood of completion or address potential obstacles.""}], ""total_score"": 26}"
"warm, non-directive, genuine",Feels constantly inadequate at work despite being highly skilled,"
[Kyle] Thanks for being here today, Jamie. When you think about the time since we last spoke, what experiences or moments stand out to you?
[Jamie] I've been thinking a lot about work. Even though I've been completing my tasks, I still feel like I'm not measuring up or doing enough.
[Kyle] It sounds like you're feeling a sense of self-doubt despite being productive. Let's explore that feeling together. What do you think might be contributing to this perception of not measuring up at work?
[Jamie] I guess it's because I rarely get feedback unless something goes wrong. It makes me question if I'm really doing well or if I'm just missing flaws others see.
[Kyle] It seems like the lack of feedback is leaving room for doubt and uncertainty. How would you feel about setting a goal to focus on managing these thoughts or perhaps finding ways to seek more constructive feedback?
[Jamie] That sounds like a good idea, but I'm not really sure where to start or how to approach it without feeling like I'm being a bother.
[Kyle] I understand that concern. One strategy could be to have a conversation with your supervisor where you express your desire for feedback to enhance your performance. How does the idea of preparing a few specific questions or topics you'd like feedback on sound to you? It might make the process feel more structured and less intrusive.
[Jamie] I suppose having specific questions could help. Maybe it wouldn't feel so awkward if I had a clear reason to ask for feedback.
[Kyle] Great! Having those questions can provide a clear basis for the conversation. Would you like to brainstorm potential questions together that align with your goals and work context?
[Jamie] Sure, I'd appreciate some help with that. It's hard for me to know what to focus on.
[Kyle] Of course, I'm here to help. How about starting with questions like, ""Can you share areas where I excel in my current role?"" or ""Are there any specific skills I could develop to improve my contributions?"" Does that feel like a good starting point?
[Jamie] Yes, those sound like good questions to start with. They seem less intimidating and more constructive.
[Kyle] I'm glad they resonate with you. As you prepare for this conversation, it might also be helpful to think about any recent projects or tasks you'd like specific feedback on. How does that sound as a way to be even more prepared?
[Jamie] That seems like a smart approach. I'll try to think about some recent projects that I had doubts about and could use some clarity on.
[Kyle] That sounds like a solid plan. By focusing on specific projects, you'll be able to get more detailed and actionable feedback. Would you like to set a time frame for when you might have this conversation, or perhaps discuss any other steps to take before you do?
[Jamie] I think setting a time would help me commit to it. Maybe aiming for the end of this week could work. It gives me some time to prepare but isn't too far away.
",16,25,"{""ctrs_evaluation"": [{""item_name"": ""Agenda"", ""score"": 2, ""rationale"": ""The therapist transitioned from the previous session by asking about experiences since they last spoke, identified significant events (Jamie's feelings about work), and set specific goals for the session (managing thoughts and seeking feedback). However, there was no explicit review of a previous Action Plan or mood check.""}, {""item_name"": ""Feedback"", ""score"": 1, ""rationale"": ""The therapist responded to Jamie's concerns and ensured understanding of the plan to seek feedback at work. However, there was no evidence of ascertaining Jamie's reaction to the session or treatment plan.""}, {""item_name"": ""Understanding"", ""score"": 3, ""rationale"": ""The therapist consistently listened and reflected Jamie's statements, demonstrated empathy by acknowledging Jamie's self-doubt, and discussed it within the context of the lack of feedback at work.""}, {""item_name"": ""Interpersonal Effectiveness"", ""score"": 3, ""rationale"": ""The therapist demonstrated warmth, genuineness, and unconditional acceptance throughout the session, as evidenced by their supportive and encouraging responses to Jamie's concerns.""}, {""item_name"": ""Collaboration"", ""score"": 2, ""rationale"": ""The therapist asked for Jamie's input when setting goals and selecting strategies for seeking feedback. However, there was no evidence of collaboration on determining an Action Plan.""}, {""item_name"": ""Pacing and Efficient Use of Time"", ""score"": 2, ""rationale"": ""The therapist allocated appropriate time for exploring Jamie's concerns and developing a strategy for seeking feedback. There is no indication of the session length, but the dialogue suggests efficient use of time.""}, {""item_name"": ""Guided Discovery"", ""score"": 3, ""rationale"": ""The therapist skillfully used guided discovery to help Jamie arrive at the conclusion of preparing specific questions for feedback, assessing the impact of this cognitive shift by discussing its potential benefits.""}, {""item_name"": ""Focus on Key Cognitions and Behaviors"", ""score"": 3, ""rationale"": ""The therapist focused on Jamie's key cognition of feeling inadequate due to lack of feedback and behaviors related to seeking feedback, which are relevant and have the greatest promise for positive impact.""}, {""item_name"": ""Strategy for Change"", ""score"": 2, ""rationale"": ""The therapist discussed an overall strategy with Jamie, including preparing specific questions for feedback and using this as a CBT technique to address Jamie's concerns.""}, {""item_name"": ""Application of CBT Technique"", ""score"": 2, ""rationale"": ""The therapist applied the technique of preparing structured questions for feedback with sufficient skill, making it recognizable and likely to facilitate change in a motivated client.""}, {""item_name"": ""Action Plan"", ""score"": 2, ""rationale"": ""The therapist developed a new Action Plan based on the session, including preparing questions and setting a time frame for seeking feedback. However, there was no explicit review of a previous Action Plan or assessment of potential obstacles.""}], ""total_score"": 25}"
"analytical, structured, direct",Believes that nothing they do will ever improve their life or mood,"
[Kyle] Hi Jamie. Since this is our first session, it would help to hear what has been going on for you recently and what led you to reach out.
[Jamie] Honestly, nothing seems to change for me. Things just feel stuck, and I doubt anything really helps, but here I am.
[Kyle] It sounds like you're feeling a bit discouraged right now. Would you like to explore what's contributing to this feeling of being stuck, or are there specific areas you'd like to focus on today?
[Jamie] I mean, I guess everything feels like it's going nowhere. Work, relationships, my mood... it’s all the same. I'm not sure it really matters what we discuss.
[Kyle] I understand that it feels overwhelming when everything seems stagnant. How about we start by identifying one or two specific areas you're most concerned about improving? This could help us set a focus for today's session. What do you think?
[Jamie] I guess we could talk about work. It's a big part of life, but I don't see it getting any better, no matter what I try.
[Kyle] Work can definitely have a big impact on our lives. Let's explore what's been happening at work. Can you tell me more about the challenges you're facing there?
[Jamie] It's just the same routine every day, and I don't feel any progress or satisfaction in what I do. It feels pointless, honestly.
[Kyle] Feeling like there’s no progress can be frustrating. Let's examine what specifically contributes to that sense of lack of satisfaction. Are there particular thoughts or beliefs about your work that come to mind when you think about your situation?
[Jamie] I can't help but feel like it doesn't make a difference. No matter how hard I try, nothing changes. So what's the point?
[Kyle] It sounds like there's a belief that your efforts aren't leading to meaningful change. Let's take a closer look at that thought. What evidence do you have that supports or contradicts this belief?
[Jamie] Honestly, it just seems like everything stays the same. I work hard, but I don't see any rewards or recognition. It feels like I'm just going through the motions.
[Kyle] It makes sense why you’d feel disheartened without seeing tangible rewards. Let's consider what small, manageable steps you could take to possibly shift this routine or gain some recognition. Would you be open to brainstorming some ideas together?
[Jamie] I don't know, it seems pointless to even try. But I guess we could talk about it.
[Kyle] Thank you for being open to exploring this. Let's start by identifying one small change you could implement at work that might incrementally improve your satisfaction. What’s one thing that, if slightly different, could make your day feel a bit more fulfilling?
[Jamie] Maybe... If I had more feedback on my work, I'd at least know where I stand. But again, I doubt it'll change anything.
",17,14,"{""ctrs_evaluation"": [{""item_name"": ""Agenda"", ""score"": 1, ""rationale"": ""The therapist attempted to set an agenda by asking about specific areas to focus on, but did not complete all five items required for a score of 2, such as reviewing an Action Plan or conducting a mood check.""}, {""item_name"": ""Feedback"", ""score"": 1, ""rationale"": ""The therapist did not ascertain the client's reaction or ensure understanding/agreement with a treatment plan, only briefly acknowledged the client's openness to discuss ideas.""}, {""item_name"": ""Understanding"", ""score"": 3, ""rationale"": ""The therapist consistently listened and reflected the client's statements, demonstrating recognition of the client's emotional state through empathy and discussing it within the context of the client's beliefs.""}, {""item_name"": ""Interpersonal Effectiveness"", ""score"": 2, ""rationale"": ""The therapist demonstrated concern for the client and maintained professional behavior, but there was limited evidence of warmth or unconditional acceptance.""}, {""item_name"": ""Collaboration"", ""score"": 1, ""rationale"": ""The therapist asked for client input when setting the agenda but did not consistently invite participation in every major session decision.""}, {""item_name"": ""Pacing and Efficient Use of Time"", ""score"": 1, ""rationale"": ""The therapist allocated time to explore the client's concerns but did not demonstrate efficient use of time across all session segments.""}, {""item_name"": ""Guided Discovery"", ""score"": 2, ""rationale"": ""The therapist designed the session to achieve a cognitive shift by exploring the client's beliefs about work, but did not fully assess the impact of the cognitive shift.""}, {""item_name"": ""Focus on Key Cognitions and Behaviors"", ""score"": 2, ""rationale"": ""The therapist focused on specific cognitions and beliefs related to the client's work and feelings of stagnation, which were relevant to the agenda.""}, {""item_name"": ""Strategy for Change"", ""score"": 1, ""rationale"": ""The therapist had a strategy to explore small changes at work but did not use an identifiable evidence-based CBT technique.""}, {""item_name"": ""Application of CBT Technique"", ""score"": 0, ""rationale"": ""There was no recognizable application of a CBT technique in the session.""}, {""item_name"": ""Action Plan"", ""score"": 0, ""rationale"": ""The therapist did not review a previous Action Plan, ask for client input on a new plan, or develop a new plan based on the session.""}], ""total_score"": 14}"
"direct, challenging, pragmatic",Avoids expressing anger leading to chronic resentment and passive-aggression,"
[Kyle] Before we dive in, I'd like to hear what's been happening for you since our last meeting. What feels most pressing right now?
[Jamie] Just the usual stuff, I guess. Nothing seems to change much, and it's frustrating.
[Kyle] I hear you—feeling stuck can be incredibly frustrating. Let's pinpoint a couple of specific things you'd like to address today. What do you think would be most helpful to focus on?
[Jamie] Maybe it would help to talk about why I can't seem to shake this constant annoyance with everything around me.
[Kyle] That's a good direction. We can explore what's behind that constant annoyance. To start, how often do you feel this way, and in what situations does it typically happen?
[Jamie] Honestly, it feels like it's all the time now. It's like, everything irks me, even the smallest things.
[Kyle] That's definitely challenging. Let's try to identify one or two situations that have stood out recently. What was going through your mind at those times?
[Jamie] There was this meeting at work, where I just felt like my ideas were brushed aside. It was infuriating, but I didn't say anything.
[Kyle] It sounds like feeling unheard or dismissed triggered that response. What thoughts were you having about yourself or the situation at that moment?
[Jamie] I kept thinking it was pointless to speak up because no one listens anyway. It just made me feel small and irrelevant.
[Kyle] That thought of ""no one listens"" seems quite powerful here. What evidence do you have for and against that belief in those meetings?
[Jamie] Well, it feels like every time I try to contribute, people just move on without acknowledging my input. But sometimes, they do ask me for my opinion, so maybe it's not all the time.
[Kyle] That's an important distinction. Noticing those times your opinion is valued can help reframe that belief. How could recognizing these moments change your approach in future meetings?
[Jamie] I suppose it might give me the courage to speak up more, but it's hard not to feel resentful about the times I'm overlooked.
[Kyle] Understandably, those feelings of resentment can linger. Let's focus on one small step you could take to assert yourself more confidently next time. What might that look like?
[Jamie] Maybe I could prepare a couple of points in advance and make sure I voice them clearly, even if I'm worried about being overlooked again.
",18,24,"{""ctrs_evaluation"": [{""item_name"": ""Agenda"", ""score"": 2, ""rationale"": ""The therapist transitioned from the previous session, identified significant events, and set specific goals for the session by asking what would be most helpful to focus on. However, there was no explicit review of an Action Plan or mood check.""}, {""item_name"": ""Feedback"", ""score"": 1, ""rationale"": ""The therapist responded to the client's frustration but did not ascertain the client's reaction to the session or ensure understanding/agreement with the treatment plan.""}, {""item_name"": ""Understanding"", ""score"": 3, ""rationale"": ""The therapist consistently listened and reflected the client's statements, demonstrating empathy and understanding of the client's emotional state, particularly around feeling unheard and dismissed.""}, {""item_name"": ""Interpersonal Effectiveness"", ""score"": 2, ""rationale"": ""The therapist demonstrated concern for the client and maintained professional behavior, but there was limited evidence of warmth or unconditional acceptance.""}, {""item_name"": ""Collaboration"", ""score"": 2, ""rationale"": ""The therapist asked for client input when setting the agenda and determining the Action Plan, but there was no explicit collaboration in selecting CBT techniques.""}, {""item_name"": ""Pacing and Efficient Use of Time"", ""score"": 1, ""rationale"": ""The therapist allocated appropriate time for session segments, but there is no information on the overall session length.""}, {""item_name"": ""Guided Discovery"", ""score"": 3, ""rationale"": ""The therapist skillfully used guided discovery to help the client recognize the impact of their belief about being unheard and facilitated a cognitive shift.""}, {""item_name"": ""Focus on Key Cognitions and Behaviors"", ""score"": 3, ""rationale"": ""The therapist focused on the client's belief of being unheard and its impact, which was highly relevant to the client's issues.""}, {""item_name"": ""Strategy for Change"", ""score"": 2, ""rationale"": ""The therapist discussed a strategy for change by helping the client recognize valued moments and plan to assert themselves, using CBT techniques.""}, {""item_name"": ""Application of CBT Technique"", ""score"": 2, ""rationale"": ""The therapist applied cognitive restructuring techniques with sufficient skill to facilitate change in the client's belief about being unheard.""}, {""item_name"": ""Action Plan"", ""score"": 2, ""rationale"": ""The therapist developed a new Action Plan based on the session by suggesting the client prepare points in advance for meetings, but did not assess the likelihood of completion or address obstacles.""}], ""total_score"": 24}"
"accepting, present-focused, gentle",Pain intensity increases significantly when stressed which is then ignored,"
[Kyle] Before we dive in, I'd like to hear what's been happening for you since our last meeting. What feels most pressing right now?
[Jamie] Honestly, I'm just frustrated. It's like every time I get stressed, the pain kicks up a notch, but I feel like there's nothing I can do about it.
[Kyle] I'm sorry to hear you're feeling this way. It sounds like there's a strong connection between stress and the pain you're experiencing, which can feel overwhelming at times. Let's explore some strategies today that might help manage this connection a bit better. Does that sound good to you?
[Jamie] Sure, I guess we can try that. But I'm not really convinced anything will change.
[Kyle] I understand your skepticism, and it's okay to feel unsure. Let's approach this together with an open mind. Sometimes, even small changes can lead to meaningful improvements. How about we start by identifying specific moments when stress spikes up?
[Jamie] Fine, but I don't see how that will help. Stress just happens, and the pain follows.
[Kyle] It's a common feeling that stress just happens to us, but understanding specific triggers can be a helpful first step. Once we identify them, we might find ways to reduce their impact or respond differently. Would you be open to trying a brief exercise to explore this further?
[Jamie] I suppose. We can give it a shot, but it feels like running in circles.
[Kyle] I appreciate your willingness to give it a try despite your doubts. Let's take a moment to examine a recent situation where stress led to an increase in pain. What was happening at that time, and what thoughts or feelings did you notice?
[Jamie] There was a deadline at work, and everything felt like it was piling up. I was thinking I had no time and wouldn't be able to get it done. The frustration was just overwhelming.
[Kyle] It sounds like the pressure of the deadline triggered a lot of stress and frustration for you. The thought of not having enough time might have intensified those feelings. By recognizing this pattern, we can work on strategies to shift your response in similar situations. How does that idea sit with you?
[Jamie] I guess it's okay. Maybe something can change, but I'm not holding my breath.
[Kyle] It's perfectly okay to feel cautious. Let's take it step by step and see what small adjustments we can make together. Would you like to try identifying one specific step you could take next time you face a similar situation at work?
[Jamie] Alright, but I'm not really sure what step would make a difference.
[Kyle] No worries, we can figure it out together. One possibility might be to pause and take a few deep breaths when you notice stress building. This can sometimes help to reset and refocus. Would you be open to trying that next time?
[Jamie] I can try, but I doubt it'll make much of a difference.
",19,19,"{""ctrs_evaluation"": [{""item_name"": ""Agenda"", ""score"": 1, ""rationale"": ""The therapist asked about what was pressing for the client and aimed to explore strategies, but did not transition from the previous session, review an Action Plan, conduct a mood check, or identify specific goals for the session.""}, {""item_name"": ""Feedback"", ""score"": 1, ""rationale"": ""The therapist responded to the client's skepticism and ensured understanding of the plan, but did not ascertain the client's reaction to the treatment plan or respond appropriately to feedback consistently.""}, {""item_name"": ""Understanding"", ""score"": 2, ""rationale"": ""The therapist consistently listened and reflected the client's statements, acknowledging the connection between stress and pain and the client's feelings of frustration.""}, {""item_name"": ""Interpersonal Effectiveness"", ""score"": 2, ""rationale"": ""The therapist demonstrated concern and provided positive reinforcement by appreciating the client's willingness to try despite doubts, maintaining a professional demeanor.""}, {""item_name"": ""Collaboration"", ""score"": 2, ""rationale"": ""The therapist asked for client input when selecting techniques and determining steps to take, though the agenda was not collaboratively set.""}, {""item_name"": ""Pacing and Efficient Use of Time"", ""score"": 1, ""rationale"": ""The therapist maintained focus on the issue but did not allocate time for all session segments or ensure the session was completed within a specific timeframe.""}, {""item_name"": ""Guided Discovery"", ""score"": 2, ""rationale"": ""The therapist used guided discovery to help the client identify stress triggers and explore responses, aiming for a cognitive shift.""}, {""item_name"": ""Focus on Key Cognitions and Behaviors"", ""score"": 3, ""rationale"": ""The therapist focused on the relevant cognition of stress leading to pain and explored the client's thoughts and feelings, which are crucial for addressing the client's issues.""}, {""item_name"": ""Strategy for Change"", ""score"": 2, ""rationale"": ""The therapist discussed a strategy to manage stress and used a CBT technique (identifying stress triggers) to facilitate change.""}, {""item_name"": ""Application of CBT Technique"", ""score"": 2, ""rationale"": ""The therapist applied the technique of identifying stress triggers with sufficient skill, likely to facilitate change in a motivated client.""}, {""item_name"": ""Action Plan"", ""score"": 1, ""rationale"": ""The therapist suggested a new plan (taking deep breaths), but did not review the previous Action Plan or fully develop a new one based on the session.""}], ""total_score"": 19}"
"observant, analytical, systemic",Struggling to adjust to loss of privacy and change in household dynamics after parent moves in,"
[Kyle] Before we dive in, I'd like to hear what's been happening for you since our last meeting. What feels most pressing right now?
[Jamie] Honestly, it's been really overwhelming. Ever since my parent moved in, it's like I can't catch a break. I feel like I have no privacy anymore.
[Kyle] It sounds like you're feeling overwhelmed and lacking privacy with your parent moving in. Let's set a goal for this session to explore how these feelings are affecting you and what strategies we might consider to help you regain some personal space. How does that sound?
[Jamie] Yeah, that sounds good. I just wish things would go back to how they were before.
[Kyle] Wanting things to return to how they were is understandable. Let's explore what specifically you're missing and how we can work towards achieving those elements again. Can you pinpoint what aspects of your previous routine or environment you found most valuable?
[Jamie] I miss having my own space and time to unwind without interruptions. It feels like I can't relax in my own home anymore.
[Kyle] I can see how lacking time and space to unwind would contribute to feeling overwhelmed. Let's think about ways you might carve out time or create boundaries that allow you to have some personal space even with your parent there. Does that sound like a useful direction?
[Jamie] Yeah, that might help. I'm just not sure how to actually make that happen without causing more tension.
[Kyle] Creating personal space without increasing tension can certainly be tricky. It might be helpful to identify any small, manageable changes you can make to start. For example, could setting aside a specific time each day for yourself be an option?
[Jamie] Maybe. I guess finding a set time could help, but I need to figure out how to communicate it without sounding selfish.
[Kyle] Balancing communication is key. Perhaps we can look at ways to express your need for personal time in a way that acknowledges both your needs and your parent's presence. Would you like to explore some wording options together?
[Jamie] Yeah, that would be helpful. I want to make sure it's clear but not hurtful.
[Kyle] Great. We can work on phrasing that conveys your need for personal time while remaining respectful. For example, you might say, ""I really value our time together, and I also need some moments to recharge so I can be at my best. Can we find a way to schedule some uninterrupted time during the day?"" How does that sound?
[Jamie] That sounds pretty good. It's gentle but gets the point across. I can try that.
[Kyle] I'm glad to hear that it resonates with you. Let's make it part of your action plan to try communicating this need over the next week. Would you like to decide on a specific day and time to have this conversation?
[Jamie] Yeah, I'll aim to talk about it this weekend. It seems like a good time to bring it up.
",20,30,"{""ctrs_evaluation"": [{""item_name"": ""Agenda"", ""score"": 3, ""rationale"": ""The therapist set a clear agenda by transitioning from the previous session, identifying significant events, conducting a mood check, and setting specific goals for the session.""}, {""item_name"": ""Feedback"", ""score"": 2, ""rationale"": ""The therapist ascertained the client's reaction and ensured understanding of the treatment plan, but there was no evidence of fluidly requesting feedback throughout the session.""}, {""item_name"": ""Understanding"", ""score"": 3, ""rationale"": ""The therapist consistently listened, reflected the client's statements, and demonstrated empathy by recognizing the client's emotional state.""}, {""item_name"": ""Interpersonal Effectiveness"", ""score"": 3, ""rationale"": ""The therapist demonstrated concern, provided positive reinforcement, maintained professional behavior, and showed warmth and genuineness.""}, {""item_name"": ""Collaboration"", ""score"": 3, ""rationale"": ""The therapist consistently invited the client's participation in session decisions, resulting in a mutually agreeable direction.""}, {""item_name"": ""Pacing and Efficient Use of Time"", ""score"": 2, ""rationale"": ""The therapist allocated appropriate time for session segments, but there is no specific evidence of session duration.""}, {""item_name"": ""Guided Discovery"", ""score"": 3, ""rationale"": ""The therapist skillfully used guided discovery to help the client arrive at their own conclusions and assessed the impact of the cognitive shift.""}, {""item_name"": ""Focus on Key Cognitions and Behaviors"", ""score"": 3, ""rationale"": ""The therapist focused on relevant cognitions and behaviors with the greatest promise for positive impact, such as creating personal space and communication strategies.""}, {""item_name"": ""Strategy for Change"", ""score"": 3, ""rationale"": ""The therapist explained the rationale for communication strategies, offered options, and obtained the client's agreement.""}, {""item_name"": ""Application of CBT Technique"", ""score"": 3, ""rationale"": ""The therapist applied communication strategies with comfort and technical correctness, facilitating change.""}, {""item_name"": ""Action Plan"", ""score"": 3, ""rationale"": ""The therapist reviewed the action plan, involved the client in developing a new plan, and ensured the client was capable of completing it.""}], ""total_score"": 30}"
"warm, empathetic, patient",Obsessed with the appearance of their hands hiding them in social situations,"
[Kyle] As we start today, Iwould you like to tell me about what you've been experiencing and what you're hoping we might work on together?
[Jamie] Well, I've been really fixated on how my hands look. I just can't shake the feeling that everyone notices them and thinks they're weird or unattractive. I'm hoping we can figure out why I'm so obsessed with this and if there's a way to feel less self-conscious about it.
[Kyle] Thank you for sharing that with me. It sounds like these thoughts about your hands are really impacting how you feel about yourself. Let's work on that together today. Perhaps we can explore some of the underlying thoughts you're having and then see if there are ways to challenge them or create a more balanced perspective. How does that sound to you?
[Jamie] That sounds okay. I guess I just want to understand why I'm so fixated on them and if there's a way to stop hiding them all the time.
[Kyle] Great, understanding the fixation is a good step forward. Let's start by exploring some of the thoughts or beliefs you have when you notice your hands. What goes through your mind in those moments?
[Jamie] I immediately think they're too veiny or that my skin looks weird. I just keep worrying that everyone else is noticing and judging them, too. It's like I can't focus on anything else when I'm around people.
[Kyle] It sounds like these thoughts trigger a lot of anxiety for you. It's important to recognize these are automatic thoughts, and we can work on examining their accuracy and impact. Would you be open to trying a thought record exercise to help challenge these thoughts and see them from a different perspective?
[Jamie] I guess I could try that. It might be helpful to see if these thoughts hold any real weight or if they're just in my mind.
[Kyle] Great, a thought record can really help with that. We'll identify the situation, the automatic thoughts, the emotions they trigger, and then look for evidence for and against these thoughts. This might help you find a more balanced view. We can start with an example together, and then you can practice it between sessions. Does that work for you?
[Jamie] Yeah, that sounds manageable. I could use some practice in changing how I think about all this.
[Kyle] I'm glad to hear that. Let's begin with a recent situation where you noticed your thoughts about your hands. Then, we can fill out the thought record together. Can you think of a specific time when this happened?
[Jamie] There was a time last week when I was in a meeting at work. I noticed my hands resting on the table, and I couldn't stop thinking about how they might look strange to everyone else.
[Kyle] That's a good example to work with. Let's write that down as the situation in the thought record. Next, what were the automatic thoughts that popped into your mind during that meeting?
[Jamie] I thought things like, ""Everyone's probably staring at my hands,"" and ""They must think my hands look weird or ugly."" It felt like I couldn't escape those thoughts.
[Kyle] Thank you for sharing those thoughts. Now, let's examine how these thoughts made you feel emotionally at that moment. What emotions were you experiencing?
[Jamie] I felt really anxious and embarrassed. It was hard to concentrate on the meeting with those feelings swirling around.
",21,25,"{""ctrs_evaluation"": [{""item_name"": ""Agenda"", ""score"": 2, ""rationale"": ""The therapist identified significant events, conducted a mood check, and identified specific goals for the session. However, there was no explicit review of the previous session or action plan.""}, {""item_name"": ""Feedback"", ""score"": 1, ""rationale"": ""The therapist ensured the client understood the treatment plan and responded appropriately to feedback, but did not ascertain the client's reaction to the session or request feedback throughout.""}, {""item_name"": ""Understanding"", ""score"": 3, ""rationale"": ""The therapist consistently listened, reflected the client's statements, and demonstrated recognition of the client's emotional state through empathy.""}, {""item_name"": ""Interpersonal Effectiveness"", ""score"": 3, ""rationale"": ""The therapist demonstrated concern, provided positive reinforcement, maintained professional behavior, and showed warmth and genuineness.""}, {""item_name"": ""Collaboration"", ""score"": 3, ""rationale"": ""The therapist invited the client's participation in setting the agenda, selecting techniques, and determining the action plan, resulting in a mutually agreeable direction.""}, {""item_name"": ""Pacing and Efficient Use of Time"", ""score"": 1, ""rationale"": ""The dialogue suggests appropriate allocation of time for session segments but lacks information on session duration.""}, {""item_name"": ""Guided Discovery"", ""score"": 3, ""rationale"": ""The therapist skillfully used guided discovery to help the client arrive at their own conclusions and assessed the impact of the cognitive shift.""}, {""item_name"": ""Focus on Key Cognitions and Behaviors"", ""score"": 3, ""rationale"": ""The therapist focused on the most relevant cognitions and behaviors related to the client's concerns about their hands.""}, {""item_name"": ""Strategy for Change"", ""score"": 2, ""rationale"": ""The therapist discussed an overall strategy with the client and used an appropriate CBT technique (thought record).""}, {""item_name"": ""Application of CBT Technique"", ""score"": 2, ""rationale"": ""The therapist applied the thought record technique with sufficient skill, making it recognizable and likely to facilitate change.""}, {""item_name"": ""Action Plan"", ""score"": 2, ""rationale"": ""The therapist developed a new action plan based on the session and asked for client input, but did not assess the likelihood of completion or address potential obstacles.""}], ""total_score"": 25}"
"warm, empathetic, patient",Intrusive exaggerated thoughts about infant death or harm,"
[Kyle] To begin, could you share what has been most difficult or concerning for you lately?
[Jamie] I've been having these overwhelming thoughts that something terrible might happen to my baby. It's like I can't shake the fear, and it feels like I'm on edge all the time.
[Kyle] It sounds like you're experiencing a lot of anxiety and fear right now, especially concerning your baby. That must be really hard to manage. Let's work together to explore these thoughts and see if we can find ways to reduce your distress. How does that sound to you?
[Jamie] That sounds okay, I guess. I just want to find a way to calm down and feel less frightened all the time.
[Kyle] Absolutely, focusing on calming techniques and addressing those fears is a great goal. Let's identify one or two practical strategies to help you manage your anxiety better. Does that sound like something you'd be willing to try?
[Jamie] Yes, I'm willing to try. I just want to feel a little more at ease.
[Kyle] That’s a positive step forward. Let's start by examining a few techniques. One option we can explore is grounding exercises, which can help you stay connected to the present moment. Would you like to give one of them a try together right now?
[Jamie] Sure, I'm open to trying that. I hope it helps me feel less overwhelmed.
[Kyle] Great. Let's begin with a simple grounding exercise. Start by taking a deep breath and slowly exhale. Then, look around you and identify five things that you can see. After that, let me know how you're feeling.
[Jamie] Alright, I see a lamp, the window, my couch, a book on the table, and a painting on the wall. I'm still a bit anxious, but focusing on these things helped me feel a tiny bit more present.
[Kyle] That's a great start. Noticing changes, even small ones, is a step toward feeling more at ease. Grounding exercises can take practice, and integrating them into your routine might enhance their effect. Would you like to make a plan to practice this exercise regularly?
[Jamie] I think that could be helpful. Having a plan might make it easier to remember to do it when I'm feeling overwhelmed.
[Kyle] Wonderful. Let's decide on a specific time when you can practice this exercise daily—perhaps right after waking up or before bedtime. How does that sound, and which time do you think would work best for you?
[Jamie] Doing it before bedtime sounds like a good idea. Maybe it could help me calm down for the night.
[Kyle] That sounds like a sensible plan. Practicing this exercise before bedtime might help you unwind. Let's agree that you'll try this each night and we'll check in next time on how it's going. Does that sound good to you?
[Jamie] Yes, that sounds good. I'll give it a try and see if it helps over time.
",22,22,"{""ctrs_evaluation"": [{""item_name"": ""Agenda"", ""score"": 1, ""rationale"": ""The therapist identified specific goals for the session, such as exploring thoughts and finding calming techniques, but did not transition from the previous session, review an Action Plan, or conduct a mood check.""}, {""item_name"": ""Feedback"", ""score"": 1, ""rationale"": ""The therapist ensured the client understood and agreed with the treatment plan but did not ascertain the client's reaction or respond to feedback throughout the session.""}, {""item_name"": ""Understanding"", ""score"": 3, ""rationale"": ""The therapist consistently listened and reflected the client's statements, demonstrating empathy by acknowledging the client's anxiety and fear.""}, {""item_name"": ""Interpersonal Effectiveness"", ""score"": 3, ""rationale"": ""The therapist demonstrated warmth, genuineness, and unconditional acceptance through empathetic responses and supportive language.""}, {""item_name"": ""Collaboration"", ""score"": 2, ""rationale"": ""The therapist asked for client input when setting the agenda and selecting techniques, but did not explicitly determine the Action Plan collaboratively.""}, {""item_name"": ""Pacing and Efficient Use of Time"", ""score"": 1, ""rationale"": ""The therapist allocated appropriate time for session segments but there is no information on the session's total duration.""}, {""item_name"": ""Guided Discovery"", ""score"": 2, ""rationale"": ""The therapist designed the session to achieve a cognitive shift by introducing grounding exercises and assessed the shift after the intervention.""}, {""item_name"": ""Focus on Key Cognitions and Behaviors"", ""score"": 3, ""rationale"": ""The therapist focused on the client's anxiety and intrusive thoughts, which are highly relevant to the session's goals.""}, {""item_name"": ""Strategy for Change"", ""score"": 2, ""rationale"": ""The therapist discussed an overall strategy and used grounding exercises, a recognizable CBT technique.""}, {""item_name"": ""Application of CBT Technique"", ""score"": 2, ""rationale"": ""The therapist applied grounding exercises with sufficient skill that it was recognizable and likely to facilitate change.""}, {""item_name"": ""Action Plan"", ""score"": 2, ""rationale"": ""The therapist developed a new Action Plan based on the session and asked for client input, but did not assess the likelihood of completion or address potential obstacles.""}], ""total_score"": 22}"
"calm, structured, supportive",Experienced several non-related traumas over a lifetime leading to chronic dysregulation,"
[Kyle] Hi Jamie. As we get started today, what's been on your mind recently?
[Jamie] It's just been a lot, honestly. I feel like everything is just piling up, and I can't catch a break.
[Kyle] That sounds overwhelming. It’s understandable to feel stressed when things seem to pile up. Let's take a moment to identify the key areas that are contributing to this feeling and set some goals for our session today. Where would you like to start?
[Jamie] Uh, I don't even know where to start. Everything feels like it needs attention right now, and it's hard to even think straight. Maybe just figuring out how to deal with this constant feeling like I'm drowning.
[Kyle] I can see how that would be really challenging. Let's focus on strategies to manage that overwhelming feeling. One goal for today could be to identify a specific thought pattern or belief contributing to that stress and work on ways to address it. How does that sound to you?
[Jamie] Yeah, okay, that sounds good. I just hope I can stick with it and not get lost in everything again.
[Kyle] It's understandable to feel concerned about sticking with strategies when things get hectic. Together, we'll work on creating a manageable plan you can rely on, even during busy times. Let's start by discussing any particular thoughts that come up when you're feeling overwhelmed. Can you think of any specific examples?
[Jamie] It's mostly thoughts like, ""I can't handle this,"" or ""I'm going to mess everything up."" They just keep running through my head and make everything feel worse.
[Kyle] Thank you for sharing those thoughts. They can certainly make situations feel more daunting. A technique we can try is challenging these thoughts to see if there’s a more balanced perspective. Would you be open to exploring how we can reframe these thoughts together?
[Jamie] Yeah, I'm open to it. Maybe I can finally stop that spiral before it gets out of control.
[Kyle] Great to hear you're open to this. Let's begin by examining one of these thoughts, like ""I can't handle this."" We'll explore evidence for and against it and then work on creating a balanced, helpful thought. How does that approach sound to you?
[Jamie] It sounds like a good start. Maybe it'll help me feel a bit more in control.
[Kyle] I hope so too. Let's break it down: When you think, ""I can't handle this,"" what evidence supports that thought, and what might contradict it?
[Jamie] Well, it feels true because I always end up feeling overwhelmed and I struggle to get things done. But I guess sometimes I do manage to get through things, even if it's not perfect.
[Kyle] That's a really important recognition. While feeling overwhelmed is tough, acknowledging those times you've made it through can help create a more balanced view. As an alternative thought, what if we reframed it to something like, ""I feel overwhelmed, but I have managed challenging times before""? How does that feel to you?
[Jamie] It feels a bit more hopeful, like maybe I can handle things. It's hard to really believe it right now, but I get where you're going with it.
",23,27,"{""ctrs_evaluation"": [{""item_name"": ""Agenda"", ""score"": 2, ""rationale"": ""The therapist transitioned from the previous session, identified significant events, and set specific goals for the session by focusing on managing overwhelming feelings and identifying thought patterns. However, there was no explicit review of an Action Plan or mood check.""}, {""item_name"": ""Feedback"", ""score"": 2, ""rationale"": ""The therapist ensured the client understood and agreed with the treatment plan by asking if the approach sounded good and responded appropriately to the client's concerns about sticking with strategies.""}, {""item_name"": ""Understanding"", ""score"": 3, ""rationale"": ""The therapist consistently listened and reflected the client's statements, demonstrated empathy by acknowledging the client's feelings of being overwhelmed, and discussed these emotions within the context of the session's goals.""}, {""item_name"": ""Interpersonal Effectiveness"", ""score"": 3, ""rationale"": ""The therapist demonstrated warmth and genuineness by acknowledging the client's struggles, providing reassurance, and maintaining a supportive tone throughout the session.""}, {""item_name"": ""Collaboration"", ""score"": 3, ""rationale"": ""The therapist consistently invited the client's participation in setting the agenda and selecting techniques, resulting in a mutually agreeable direction for the session.""}, {""item_name"": ""Pacing and Efficient Use of Time"", ""score"": 2, ""rationale"": ""The therapist allocated appropriate time for session segments and maintained a focused discussion, although the total session duration is not specified.""}, {""item_name"": ""Guided Discovery"", ""score"": 3, ""rationale"": ""The therapist skillfully used guided discovery to help the client arrive at their own conclusions about their thought patterns and assessed the impact of cognitive shifts.""}, {""item_name"": ""Focus on Key Cognitions and Behaviors"", ""score"": 3, ""rationale"": ""The therapist focused on the most relevant cognitions, specifically the client's thoughts of 'I can't handle this,' which have a significant impact on the client's stress.""}, {""item_name"": ""Strategy for Change"", ""score"": 2, ""rationale"": ""The therapist discussed an overall strategy for change and used a CBT technique of cognitive restructuring to address the client's negative thoughts.""}, {""item_name"": ""Application of CBT Technique"", ""score"": 3, ""rationale"": ""The therapist applied cognitive restructuring with technical correctness and comfort, guiding the client through examining evidence for and against their thoughts.""}, {""item_name"": ""Action Plan"", ""score"": 1, ""rationale"": ""The therapist discussed creating a manageable plan but did not explicitly review a previous Action Plan or develop a new one based on the session.""}], ""total_score"": 27}"
"structured, mediatory, educational",Struggles with initiation and completion of necessary non-stimulating life tasks,"
[Kyle] I'm glad you made the time to come in today. What have things been like for you over the past few days?
[Jamie] Honestly, it's been kind of a mess. I keep putting off things I need to do, like paying bills or even just cleaning up around the house. It's like I can't get myself to start anything.
[Kyle] It sounds like you're feeling overwhelmed and stuck right now. Let's aim to explore what's contributing to this procrastination today. Does that sound okay to you?
[Jamie] Yeah, that sounds okay. I need to figure out why I keep avoiding these things.
[Kyle] Great, so let's focus on identifying some of the thoughts or emotions you experience right before you avoid tasks. Can you recall any specific thoughts that come to mind in those moments?
[Jamie] Usually, I just feel like everything is too much. I think, ""I'll deal with it later,"" or ""It's not urgent,"" but then later never seems to come.
[Kyle] It seems like there might be a pattern of postponing due to feeling overwhelmed. How do you feel about exploring these thoughts and finding ways to challenge them together?
[Jamie] I feel like that could be helpful. I want to stop this cycle, but it's hard to do it on my own.
[Kyle] I understand, and I'm here to support you. Let's start by creating a small plan to address one task. Is there a specific task you'd want to focus on today?
[Jamie] I guess paying my bills would be a good place to start. It’s something I keep putting off, but it needs to get done.
[Kyle] That's a great choice. We can break it down into smaller, manageable steps. How about we start by setting a specific time today to gather your bills and any necessary information?
[Jamie] Okay, that sounds doable. I can try setting aside some time this evening to gather everything up.
[Kyle] Excellent. Setting a specific time can make the task feel more manageable. How does it feel to have this as a concrete first step?
[Jamie] It feels a little bit better, like I'm not just spinning in circles. It's nice to at least have a starting point.
[Kyle] That's great to hear. From here, let's continue to work on breaking things down and tackling one step at a time. Would you like to plan more steps after gathering the bills, or focus on just this one for now?
[Jamie] I think I should focus on just this one for now. I don't want to get too ahead of myself and end up feeling overwhelmed again.
",24,25,"{""ctrs_evaluation"": [{""item_name"": ""Agenda"", ""score"": 2, ""rationale"": ""The therapist identified significant events, conducted a mood check, and set specific goals for the session by focusing on Jamie's procrastination issues and task avoidance.""}, {""item_name"": ""Feedback"", ""score"": 1, ""rationale"": ""The therapist ascertained the client's reaction to the session's focus and responded appropriately, but did not ensure understanding or agreement with a treatment plan.""}, {""item_name"": ""Understanding"", ""score"": 3, ""rationale"": ""The therapist consistently listened and reflected Jamie's statements, demonstrated empathy by recognizing Jamie's feelings of being overwhelmed, and discussed these emotions within the context of the session.""}, {""item_name"": ""Interpersonal Effectiveness"", ""score"": 3, ""rationale"": ""The therapist demonstrated concern, provided positive reinforcement, maintained professional behavior, and showed warmth and genuineness throughout the session.""}, {""item_name"": ""Collaboration"", ""score"": 3, ""rationale"": ""The therapist invited Jamie's participation in setting the agenda, selecting tasks to focus on, and determining the action plan, resulting in a mutually agreeable direction.""}, {""item_name"": ""Pacing and Efficient Use of Time"", ""score"": 2, ""rationale"": ""The therapist allocated appropriate time for session segments and maintained focus, but there is no information on session length to confirm if it was completed within 40-60 minutes.""}, {""item_name"": ""Guided Discovery"", ""score"": 2, ""rationale"": ""The therapist designed the session to achieve a cognitive shift by exploring Jamie's thoughts and emotions related to task avoidance, but did not assess the impact of the cognitive shift.""}, {""item_name"": ""Focus on Key Cognitions and Behaviors"", ""score"": 3, ""rationale"": ""The therapist focused on Jamie's procrastination and avoidance behaviors, which are relevant and have the greatest promise for positive impact.""}, {""item_name"": ""Strategy for Change"", ""score"": 2, ""rationale"": ""The therapist discussed a strategy to address procrastination and used a CBT technique by breaking tasks into manageable steps.""}, {""item_name"": ""Application of CBT Technique"", ""score"": 2, ""rationale"": ""The therapist applied a CBT technique by breaking down tasks into smaller steps, which was recognizable and likely to facilitate change.""}, {""item_name"": ""Action Plan"", ""score"": 2, ""rationale"": ""The therapist reviewed the new action plan with Jamie, asked for input, and developed a plan based on the session by focusing on paying bills.""}], ""total_score"": 25}"
"direct, challenging, pragmatic",Parents struggling to manage and support a teenager who is self-harming,"
[Kyle] Hi Jamie. Since our last conversation, what has been coming up for you that feels important to talk about today?
[Jamie] I've just been feeling really lost and scared about everything. It's like I can't figure out how to make things better, and that makes me feel even more alone.
[Kyle] It sounds like you're experiencing a lot of fear and uncertainty, which can be incredibly overwhelming. Let's work together to identify some specific situations or thoughts where this feeling of being lost and scared is particularly strong. From there, we can set some goals for today to help bring a bit more clarity. How does that sound?
[Jamie] I guess that sounds okay. It's just... whenever I try to think about it, everything gets so jumbled and I'm not really sure where to start.
[Kyle] Let's break it down step-by-step. Can you think of a recent moment when you felt particularly lost or scared? We'll start there and go through it together.
[Jamie] There was this time last week when I had a fight with my parents. It made me feel like I can't do anything right, and I didn't know how to make things better. It was really overwhelming.
[Kyle] That sounds like a challenging situation. When you think back to that fight with your parents, what were some of the specific thoughts going through your mind about yourself or the situation?
[Jamie] I kept thinking that I'm just a problem for them and that maybe they'd be better off without me. It was hard to shake off that feeling.
[Kyle] Those thoughts are quite intense and understandably difficult to deal with. Let's examine those thoughts: What evidence do you have that supports them, and what evidence might contradict them? This can help us understand them more clearly.
[Jamie] Well, they always seem frustrated with me, like I can't do anything right. But I guess, sometimes they're also supportive and say they love me. It's hard to see that part when things are bad, though.
[Kyle] It's natural to focus on the negative during tough times, but recognizing the supportive moments is important too. Let's explore how we can shift focus and challenge the negative thoughts. What small step could you take to remind yourself of the positive interactions with your parents?
[Jamie] Maybe I could try writing down any positive things they say or do when they happen, so I can look at them later when I'm feeling down. Would that help?
[Kyle] That's a good strategy. Writing down positive interactions can serve as a reminder of the bigger picture, helping to challenge those negative thoughts when they arise. How about we make that your action plan—aim to jot down any positive interactions throughout the week?
[Jamie] Yeah, I think I can try doing that. It might help me see things a bit differently.
[Kyle] Great. Let's agree that you'll give this a try, and we'll review how it went in our next session. Feel free to note any thoughts or feelings that come up as you do this. Does that sound like a solid plan for you?
[Jamie] Yeah, that sounds like a plan. I'll give it a shot and see how it goes.
",25,30,"{""ctrs_evaluation"": [{""item_name"": ""Agenda"", ""score"": 2, ""rationale"": ""The therapist transitioned from the previous session, identified significant events, conducted a mood check, and set specific goals for the session. However, there was no explicit review of the previous Action Plan.""}, {""item_name"": ""Feedback"", ""score"": 2, ""rationale"": ""The therapist ascertained the client's reaction to the session's goals and ensured the client understood and agreed with the treatment plan. There was no evidence of fluidly requesting feedback throughout the session.""}, {""item_name"": ""Understanding"", ""score"": 3, ""rationale"": ""The therapist consistently listened and reflected the client's statements and demonstrated recognition of the client's emotional state through empathy, discussing it within the context of the conceptualization.""}, {""item_name"": ""Interpersonal Effectiveness"", ""score"": 3, ""rationale"": ""The therapist demonstrated concern for the client, provided positive reinforcement, maintained professional behavior, and showed warmth and genuineness throughout the session.""}, {""item_name"": ""Collaboration"", ""score"": 3, ""rationale"": ""The therapist invited the client's participation in setting the agenda, selecting techniques, and determining the Action Plan, resulting in a mutually agreeable direction.""}, {""item_name"": ""Pacing and Efficient Use of Time"", ""score"": 2, ""rationale"": ""The therapist allocated appropriate time for session segments and likely kept the session within 40-60 minutes, though there is no explicit mention of session length.""}, {""item_name"": ""Guided Discovery"", ""score"": 3, ""rationale"": ""The therapist skillfully used guided discovery to help the client arrive at their own conclusions and assessed the impact of the cognitive shift.""}, {""item_name"": ""Focus on Key Cognitions and Behaviors"", ""score"": 3, ""rationale"": ""The therapist focused on the most relevant cognitions and behaviors, such as the client's negative thoughts about being a problem, which had the greatest promise for positive impact.""}, {""item_name"": ""Strategy for Change"", ""score"": 3, ""rationale"": ""The therapist discussed an overall strategy, used an appropriate CBT technique, explained the rationale, and obtained the client's agreement to use it.""}, {""item_name"": ""Application of CBT Technique"", ""score"": 3, ""rationale"": ""The therapist applied the CBT technique of challenging negative thoughts with skill and technical correctness, facilitating potential change.""}, {""item_name"": ""Action Plan"", ""score"": 3, ""rationale"": ""The therapist reviewed the new Action Plan, ensured the client was capable of completing it, and addressed potential obstacles by discussing the likelihood of completion.""}], ""total_score"": 30}"
"warm, empathetic, patient",Obsessed with the appearance of their hands hiding them in social situations,"
[Kyle] As we start today, Iwould you like to tell me about what you've been experiencing and what you're hoping we might work on together?
[Jamie] Well, I've been really fixated on how my hands look. I just can't shake the feeling that everyone notices them and thinks they're weird or unattractive. I'm hoping we can figure out why I'm so obsessed with this and if there's a way to feel less self-conscious about it.
[Kyle] Thank you for sharing that with me. It sounds like these thoughts about your hands are really impacting how you feel about yourself. Let's work on that together today. Perhaps we can explore some of the underlying thoughts you're having and then see if there are ways to challenge them or create a more balanced perspective. How does that sound to you?
[Jamie] That sounds okay. I guess I just want to understand why I'm so fixated on them and if there's a way to stop hiding them all the time.
[Kyle] Great, understanding the fixation is a good step forward. Let's start by exploring some of the thoughts or beliefs you have when you notice your hands. What goes through your mind in those moments?
[Jamie] I immediately think they're too veiny or that my skin looks weird. I just keep worrying that everyone else is noticing and judging them, too. It's like I can't focus on anything else when I'm around people.
[Kyle] It sounds like these thoughts trigger a lot of anxiety for you. It's important to recognize these are automatic thoughts, and we can work on examining their accuracy and impact. Would you be open to trying a thought record exercise to help challenge these thoughts and see them from a different perspective?
[Jamie] I guess I could try that. It might be helpful to see if these thoughts hold any real weight or if they're just in my mind.
[Kyle] Great, a thought record can really help with that. We'll identify the situation, the automatic thoughts, the emotions they trigger, and then look for evidence for and against these thoughts. This might help you find a more balanced view. We can start with an example together, and then you can practice it between sessions. Does that work for you?
[Jamie] Yeah, that sounds manageable. I could use some practice in changing how I think about all this.
[Kyle] I'm glad to hear that. Let's begin with a recent situation where you noticed your thoughts about your hands. Then, we can fill out the thought record together. Can you think of a specific time when this happened?
[Jamie] There was a time last week when I was in a meeting at work. I noticed my hands resting on the table, and I couldn't stop thinking about how they might look strange to everyone else.
[Kyle] That's a good example to work with. Let's write that down as the situation in the thought record. Next, what were the automatic thoughts that popped into your mind during that meeting?
[Jamie] I thought things like, ""Everyone's probably staring at my hands,"" and ""They must think my hands look weird or ugly."" It felt like I couldn't escape those thoughts.
[Kyle] Thank you for sharing those thoughts. Now, let's examine how these thoughts made you feel emotionally at that moment. What emotions were you experiencing?
[Jamie] I felt really anxious and embarrassed. It was hard to concentrate on the meeting with those feelings swirling around.
",26,21,"{""ctrs_evaluation"": [{""item_name"": ""Agenda"", ""score"": 1, ""rationale"": ""The therapist initiated the session by asking the client about their experiences and goals, but did not explicitly transition from the previous session, review an Action Plan, conduct a mood check, or set specific goals for the session.""}, {""item_name"": ""Feedback"", ""score"": 1, ""rationale"": ""The therapist asked for the client's agreement on exploring thoughts and using a thought record, but did not ascertain the client's reaction throughout the session or respond to feedback beyond initial agreement.""}, {""item_name"": ""Understanding"", ""score"": 3, ""rationale"": ""The therapist consistently listened, reflected the client's statements, and demonstrated empathy by recognizing the emotional impact of the client's thoughts about their hands.""}, {""item_name"": ""Interpersonal Effectiveness"", ""score"": 3, ""rationale"": ""The therapist demonstrated warmth and concern, provided positive reinforcement, and maintained professionalism throughout the session.""}, {""item_name"": ""Collaboration"", ""score"": 2, ""rationale"": ""The therapist asked for client input when setting the agenda and selecting the CBT technique (thought record), but did not explicitly involve the client in determining an Action Plan.""}, {""item_name"": ""Pacing and Efficient Use of Time"", ""score"": 1, ""rationale"": ""The therapist maintained a focus on the client's concerns and introduced a CBT technique, but there is no evidence of efficient time allocation for all session segments or session duration.""}, {""item_name"": ""Guided Discovery"", ""score"": 2, ""rationale"": ""The therapist designed the session to achieve a cognitive shift by using a thought record to challenge automatic thoughts, but did not assess the impact of the cognitive shift within the session.""}, {""item_name"": ""Focus on Key Cognitions and Behaviors"", ""score"": 3, ""rationale"": ""The therapist focused on the client's automatic thoughts and beliefs about their hands, which are central to the client's concerns and likely to have a significant impact.""}, {""item_name"": ""Strategy for Change"", ""score"": 2, ""rationale"": ""The therapist discussed using a thought record as a strategy to challenge and change the client's thoughts, which is an appropriate CBT technique.""}, {""item_name"": ""Application of CBT Technique"", ""score"": 2, ""rationale"": ""The therapist applied the thought record technique with sufficient skill, making it recognizable and likely to facilitate change in a motivated client.""}, {""item_name"": ""Action Plan"", ""score"": 1, ""rationale"": ""The therapist introduced the thought record exercise for practice between sessions but did not review a previous Action Plan or develop a comprehensive new plan with the client.""}], ""total_score"": 21}"
"warm, empathetic, patient",Intrusive exaggerated thoughts about infant death or harm,"
[Kyle] To begin, could you share what has been most difficult or concerning for you lately?
[Jamie] I've been having these overwhelming thoughts that something terrible might happen to my baby. It's like I can't shake the fear, and it feels like I'm on edge all the time.
[Kyle] It sounds like you're experiencing a lot of anxiety and fear right now, especially concerning your baby. That must be really hard to manage. Let's work together to explore these thoughts and see if we can find ways to reduce your distress. How does that sound to you?
[Jamie] That sounds okay, I guess. I just want to find a way to calm down and feel less frightened all the time.
[Kyle] Absolutely, focusing on calming techniques and addressing those fears is a great goal. Let's identify one or two practical strategies to help you manage your anxiety better. Does that sound like something you'd be willing to try?
[Jamie] Yes, I'm willing to try. I just want to feel a little more at ease.
[Kyle] That’s a positive step forward. Let's start by examining a few techniques. One option we can explore is grounding exercises, which can help you stay connected to the present moment. Would you like to give one of them a try together right now?
[Jamie] Sure, I'm open to trying that. I hope it helps me feel less overwhelmed.
[Kyle] Great. Let's begin with a simple grounding exercise. Start by taking a deep breath and slowly exhale. Then, look around you and identify five things that you can see. After that, let me know how you're feeling.
[Jamie] Alright, I see a lamp, the window, my couch, a book on the table, and a painting on the wall. I'm still a bit anxious, but focusing on these things helped me feel a tiny bit more present.
[Kyle] That's a great start. Noticing changes, even small ones, is a step toward feeling more at ease. Grounding exercises can take practice, and integrating them into your routine might enhance their effect. Would you like to make a plan to practice this exercise regularly?
[Jamie] I think that could be helpful. Having a plan might make it easier to remember to do it when I'm feeling overwhelmed.
[Kyle] Wonderful. Let's decide on a specific time when you can practice this exercise daily—perhaps right after waking up or before bedtime. How does that sound, and which time do you think would work best for you?
[Jamie] Doing it before bedtime sounds like a good idea. Maybe it could help me calm down for the night.
[Kyle] That sounds like a sensible plan. Practicing this exercise before bedtime might help you unwind. Let's agree that you'll try this each night and we'll check in next time on how it's going. Does that sound good to you?
[Jamie] Yes, that sounds good. I'll give it a try and see if it helps over time.
",27,27,"{""ctrs_evaluation"": [{""item_name"": ""Agenda"", ""score"": 2, ""rationale"": ""The therapist identified specific goals for the session, such as exploring thoughts and finding calming techniques, but did not review the previous Action Plan or conduct a mood check.""}, {""item_name"": ""Feedback"", ""score"": 2, ""rationale"": ""The therapist ascertained the client's reaction to the proposed strategies and ensured the client understood and agreed with the treatment plan.""}, {""item_name"": ""Understanding"", ""score"": 3, ""rationale"": ""The therapist consistently listened and reflected the client's statements, demonstrating empathy and understanding of the client's emotional state.""}, {""item_name"": ""Interpersonal Effectiveness"", ""score"": 3, ""rationale"": ""The therapist demonstrated warmth, genuineness, and unconditional acceptance throughout the session, providing positive reinforcement and maintaining professional behavior.""}, {""item_name"": ""Collaboration"", ""score"": 3, ""rationale"": ""The therapist consistently invited the client's participation in setting the agenda, selecting techniques, and determining the Action Plan, resulting in a mutually agreeable direction.""}, {""item_name"": ""Pacing and Efficient Use of Time"", ""score"": 2, ""rationale"": ""The therapist allocated appropriate time for session segments, although the total session length is not specified.""}, {""item_name"": ""Guided Discovery"", ""score"": 2, ""rationale"": ""The therapist designed the session to achieve a cognitive shift by exploring grounding techniques, but did not assess the impact of the cognitive shift.""}, {""item_name"": ""Focus on Key Cognitions and Behaviors"", ""score"": 3, ""rationale"": ""The therapist focused on the client's anxiety and intrusive thoughts, which are highly relevant and have the greatest promise for positive impact.""}, {""item_name"": ""Strategy for Change"", ""score"": 2, ""rationale"": ""The therapist discussed an overall strategy and used grounding exercises as an appropriate CBT technique.""}, {""item_name"": ""Application of CBT Technique"", ""score"": 2, ""rationale"": ""The therapist applied grounding exercises with sufficient skill, which was recognizable and likely to facilitate change.""}, {""item_name"": ""Action Plan"", ""score"": 3, ""rationale"": ""The therapist reviewed the new Action Plan, ensured the client was capable of completing it, and addressed the likelihood of completion by discussing specific times to practice.""}], ""total_score"": 27}"
"calm, structured, supportive",Experienced several non-related traumas over a lifetime leading to chronic dysregulation,"
[Kyle] Hi Jamie. As we get started today, what's been on your mind recently?
[Jamie] It's just been a lot, honestly. I feel like everything is just piling up, and I can't catch a break.
[Kyle] That sounds overwhelming. It’s understandable to feel stressed when things seem to pile up. Let's take a moment to identify the key areas that are contributing to this feeling and set some goals for our session today. Where would you like to start?
[Jamie] Uh, I don't even know where to start. Everything feels like it needs attention right now, and it's hard to even think straight. Maybe just figuring out how to deal with this constant feeling like I'm drowning.
[Kyle] I can see how that would be really challenging. Let's focus on strategies to manage that overwhelming feeling. One goal for today could be to identify a specific thought pattern or belief contributing to that stress and work on ways to address it. How does that sound to you?
[Jamie] Yeah, okay, that sounds good. I just hope I can stick with it and not get lost in everything again.
[Kyle] It's understandable to feel concerned about sticking with strategies when things get hectic. Together, we'll work on creating a manageable plan you can rely on, even during busy times. Let's start by discussing any particular thoughts that come up when you're feeling overwhelmed. Can you think of any specific examples?
[Jamie] It's mostly thoughts like, ""I can't handle this,"" or ""I'm going to mess everything up."" They just keep running through my head and make everything feel worse.
[Kyle] Thank you for sharing those thoughts. They can certainly make situations feel more daunting. A technique we can try is challenging these thoughts to see if there’s a more balanced perspective. Would you be open to exploring how we can reframe these thoughts together?
[Jamie] Yeah, I'm open to it. Maybe I can finally stop that spiral before it gets out of control.
[Kyle] Great to hear you're open to this. Let's begin by examining one of these thoughts, like ""I can't handle this."" We'll explore evidence for and against it and then work on creating a balanced, helpful thought. How does that approach sound to you?
[Jamie] It sounds like a good start. Maybe it'll help me feel a bit more in control.
[Kyle] I hope so too. Let's break it down: When you think, ""I can't handle this,"" what evidence supports that thought, and what might contradict it?
[Jamie] Well, it feels true because I always end up feeling overwhelmed and I struggle to get things done. But I guess sometimes I do manage to get through things, even if it's not perfect.
[Kyle] That's a really important recognition. While feeling overwhelmed is tough, acknowledging those times you've made it through can help create a more balanced view. As an alternative thought, what if we reframed it to something like, ""I feel overwhelmed, but I have managed challenging times before""? How does that feel to you?
[Jamie] It feels a bit more hopeful, like maybe I can handle things. It's hard to really believe it right now, but I get where you're going with it.
",28,25,"{""ctrs_evaluation"": [{""item_name"": ""Agenda"", ""score"": 2, ""rationale"": ""The therapist identified significant events, conducted a mood check, and set specific goals for the session by focusing on strategies to manage the overwhelming feeling. However, there was no explicit review of the previous action plan or transition from the previous session.""}, {""item_name"": ""Feedback"", ""score"": 1, ""rationale"": ""The therapist ensured the client understood and agreed with the treatment plan by asking how the approach sounded, but there was no evidence of ascertaining the client's reaction or responding to feedback throughout the session.""}, {""item_name"": ""Understanding"", ""score"": 3, ""rationale"": ""The therapist consistently listened, reflected the client's statements, and demonstrated empathy by recognizing the client's emotional state as overwhelming and challenging.""}, {""item_name"": ""Interpersonal Effectiveness"", ""score"": 3, ""rationale"": ""The therapist demonstrated warmth, genuineness, and unconditional acceptance by validating the client's feelings and providing positive reinforcement throughout the session.""}, {""item_name"": ""Collaboration"", ""score"": 3, ""rationale"": ""The therapist invited the client's participation in setting the agenda, selecting techniques, and determining the action plan, resulting in a mutually agreeable direction.""}, {""item_name"": ""Pacing and Efficient Use of Time"", ""score"": 2, ""rationale"": ""The therapist allocated appropriate time for session segments and maintained focus on the session's goals, though the exact session duration is not provided.""}, {""item_name"": ""Guided Discovery"", ""score"": 3, ""rationale"": ""The therapist skillfully used guided discovery to help the client arrive at their own conclusions and assessed the impact of the cognitive shift by exploring evidence for and against the client's thoughts.""}, {""item_name"": ""Focus on Key Cognitions and Behaviors"", ""score"": 3, ""rationale"": ""The therapist focused on the most relevant cognitions, such as the thought 'I can't handle this,' which had the greatest promise for positive impact.""}, {""item_name"": ""Strategy for Change"", ""score"": 2, ""rationale"": ""The therapist discussed an overall strategy and used a CBT technique by challenging and reframing the client's thoughts, but did not offer other options or obtain explicit agreement for the technique.""}, {""item_name"": ""Application of CBT Technique"", ""score"": 2, ""rationale"": ""The therapist applied the CBT technique of cognitive restructuring with sufficient skill, which was recognizable and likely to facilitate change.""}, {""item_name"": ""Action Plan"", ""score"": 1, ""rationale"": ""The therapist developed a plan based on the session by reframing thoughts, but did not review the previous action plan or assess the likelihood of completion and potential obstacles.""}], ""total_score"": 25}"
"structured, mediatory, educational",Struggles with initiation and completion of necessary non-stimulating life tasks,"
[Kyle] I'm glad you made the time to come in today. What have things been like for you over the past few days?
[Jamie] Honestly, it's been kind of a mess. I keep putting off things I need to do, like paying bills or even just cleaning up around the house. It's like I can't get myself to start anything.
[Kyle] It sounds like you're feeling overwhelmed and stuck right now. Let's aim to explore what's contributing to this procrastination today. Does that sound okay to you?
[Jamie] Yeah, that sounds okay. I need to figure out why I keep avoiding these things.
[Kyle] Great, so let's focus on identifying some of the thoughts or emotions you experience right before you avoid tasks. Can you recall any specific thoughts that come to mind in those moments?
[Jamie] Usually, I just feel like everything is too much. I think, ""I'll deal with it later,"" or ""It's not urgent,"" but then later never seems to come.
[Kyle] It seems like there might be a pattern of postponing due to feeling overwhelmed. How do you feel about exploring these thoughts and finding ways to challenge them together?
[Jamie] I feel like that could be helpful. I want to stop this cycle, but it's hard to do it on my own.
[Kyle] I understand, and I'm here to support you. Let's start by creating a small plan to address one task. Is there a specific task you'd want to focus on today?
[Jamie] I guess paying my bills would be a good place to start. It’s something I keep putting off, but it needs to get done.
[Kyle] That's a great choice. We can break it down into smaller, manageable steps. How about we start by setting a specific time today to gather your bills and any necessary information?
[Jamie] Okay, that sounds doable. I can try setting aside some time this evening to gather everything up.
[Kyle] Excellent. Setting a specific time can make the task feel more manageable. How does it feel to have this as a concrete first step?
[Jamie] It feels a little bit better, like I'm not just spinning in circles. It's nice to at least have a starting point.
[Kyle] That's great to hear. From here, let's continue to work on breaking things down and tackling one step at a time. Would you like to plan more steps after gathering the bills, or focus on just this one for now?
[Jamie] I think I should focus on just this one for now. I don't want to get too ahead of myself and end up feeling overwhelmed again.
",29,26,"{""ctrs_evaluation"": [{""item_name"": ""Agenda"", ""score"": 2, ""rationale"": ""The therapist identified specific goals for the session, such as exploring procrastination and creating a plan for tasks. However, there was no explicit transition from the previous session or mood check.""}, {""item_name"": ""Feedback"", ""score"": 2, ""rationale"": ""The therapist ascertained the client's reaction to the session's focus and ensured client agreement with the treatment plan. However, there was no evidence of responding to feedback beyond initial agreement.""}, {""item_name"": ""Understanding"", ""score"": 3, ""rationale"": ""The therapist consistently listened and reflected the client's statements, demonstrating empathy by acknowledging the client's feelings of being overwhelmed and stuck.""}, {""item_name"": ""Interpersonal Effectiveness"", ""score"": 3, ""rationale"": ""The therapist demonstrated concern, provided positive reinforcement, and maintained professional behavior. They also showed warmth and genuineness by expressing support for the client's efforts.""}, {""item_name"": ""Collaboration"", ""score"": 3, ""rationale"": ""The therapist invited the client's participation in setting the agenda, selecting tasks to focus on, and determining the action plan, resulting in a mutually agreeable direction.""}, {""item_name"": ""Pacing and Efficient Use of Time"", ""score"": 2, ""rationale"": ""The therapist allocated appropriate time for session segments and maintained focus on the client's issues within a reasonable session length.""}, {""item_name"": ""Guided Discovery"", ""score"": 2, ""rationale"": ""The therapist designed the session to achieve a cognitive shift by exploring thoughts and emotions related to procrastination, but did not assess the impact of the cognitive shift.""}, {""item_name"": ""Focus on Key Cognitions and Behaviors"", ""score"": 3, ""rationale"": ""The therapist focused on relevant cognitions and behaviors, such as the client's thoughts of postponement and feelings of being overwhelmed, which are central to the client's procrastination.""}, {""item_name"": ""Strategy for Change"", ""score"": 2, ""rationale"": ""The therapist discussed a strategy involving breaking tasks into manageable steps and used an appropriate CBT technique to address procrastination.""}, {""item_name"": ""Application of CBT Technique"", ""score"": 2, ""rationale"": ""The therapist applied a recognizable CBT technique of breaking tasks into smaller steps, which is likely to facilitate change in a motivated client.""}, {""item_name"": ""Action Plan"", ""score"": 2, ""rationale"": ""The therapist reviewed the action plan by setting a specific time to gather bills and asked for client input, but did not assess the likelihood of completion or address potential obstacles.""}], ""total_score"": 26}"
"direct, challenging, pragmatic",Parents struggling to manage and support a teenager who is self-harming,"
[Kyle] Hi Jamie. Since our last conversation, what has been coming up for you that feels important to talk about today?
[Jamie] I've just been feeling really lost and scared about everything. It's like I can't figure out how to make things better, and that makes me feel even more alone.
[Kyle] It sounds like you're experiencing a lot of fear and uncertainty, which can be incredibly overwhelming. Let's work together to identify some specific situations or thoughts where this feeling of being lost and scared is particularly strong. From there, we can set some goals for today to help bring a bit more clarity. How does that sound?
[Jamie] I guess that sounds okay. It's just... whenever I try to think about it, everything gets so jumbled and I'm not really sure where to start.
[Kyle] Let's break it down step-by-step. Can you think of a recent moment when you felt particularly lost or scared? We'll start there and go through it together.
[Jamie] There was this time last week when I had a fight with my parents. It made me feel like I can't do anything right, and I didn't know how to make things better. It was really overwhelming.
[Kyle] That sounds like a challenging situation. When you think back to that fight with your parents, what were some of the specific thoughts going through your mind about yourself or the situation?
[Jamie] I kept thinking that I'm just a problem for them and that maybe they'd be better off without me. It was hard to shake off that feeling.
[Kyle] Those thoughts are quite intense and understandably difficult to deal with. Let's examine those thoughts: What evidence do you have that supports them, and what evidence might contradict them? This can help us understand them more clearly.
[Jamie] Well, they always seem frustrated with me, like I can't do anything right. But I guess, sometimes they're also supportive and say they love me. It's hard to see that part when things are bad, though.
[Kyle] It's natural to focus on the negative during tough times, but recognizing the supportive moments is important too. Let's explore how we can shift focus and challenge the negative thoughts. What small step could you take to remind yourself of the positive interactions with your parents?
[Jamie] Maybe I could try writing down any positive things they say or do when they happen, so I can look at them later when I'm feeling down. Would that help?
[Kyle] That's a good strategy. Writing down positive interactions can serve as a reminder of the bigger picture, helping to challenge those negative thoughts when they arise. How about we make that your action plan—aim to jot down any positive interactions throughout the week?
[Jamie] Yeah, I think I can try doing that. It might help me see things a bit differently.
[Kyle] Great. Let's agree that you'll give this a try, and we'll review how it went in our next session. Feel free to note any thoughts or feelings that come up as you do this. Does that sound like a solid plan for you?
[Jamie] Yeah, that sounds like a plan. I'll give it a shot and see how it goes.
",30,28,"{""ctrs_evaluation"": [{""item_name"": ""Agenda"", ""score"": 2, ""rationale"": ""The therapist transitioned from the previous session, identified significant events, conducted a mood check, and identified specific goals for the session. However, there is no explicit review of the Action Plan from the previous session.""}, {""item_name"": ""Feedback"", ""score"": 1, ""rationale"": ""The therapist ascertained the client's reaction and ensured the client understood the treatment plan, but there is no evidence of responding to feedback throughout the session.""}, {""item_name"": ""Understanding"", ""score"": 3, ""rationale"": ""The therapist consistently listened, reflected the client's statements, and demonstrated recognition of the client's emotional state through empathy, discussing it within the context of the conceptualization.""}, {""item_name"": ""Interpersonal Effectiveness"", ""score"": 3, ""rationale"": ""The therapist demonstrated concern, provided positive reinforcement, maintained professional behavior, and showed warmth and genuineness throughout the session.""}, {""item_name"": ""Collaboration"", ""score"": 3, ""rationale"": ""The therapist invited the client's participation in setting the agenda, selecting techniques, and determining the Action Plan, resulting in a mutually agreeable direction.""}, {""item_name"": ""Pacing and Efficient Use of Time"", ""score"": 2, ""rationale"": ""The therapist allocated appropriate time for session segments and kept the session within a reasonable time frame, but there is no explicit mention of session duration.""}, {""item_name"": ""Guided Discovery"", ""score"": 3, ""rationale"": ""The therapist skillfully used guided discovery to help the client arrive at their own conclusions and assessed the impact of the cognitive shift.""}, {""item_name"": ""Focus on Key Cognitions and Behaviors"", ""score"": 3, ""rationale"": ""The therapist focused on the most relevant cognitions and behaviors, specifically addressing the client's negative thoughts and their impact.""}, {""item_name"": ""Strategy for Change"", ""score"": 2, ""rationale"": ""The therapist discussed a strategy with the client and used an appropriate CBT technique, but did not offer alternative options or obtain explicit agreement for the technique.""}, {""item_name"": ""Application of CBT Technique"", ""score"": 3, ""rationale"": ""The therapist applied the CBT technique with comfort and technical correctness, facilitating potential change in the client.""}, {""item_name"": ""Action Plan"", ""score"": 3, ""rationale"": ""The therapist reviewed the Action Plan, asked for client input, developed a new plan, ensured the client was capable of completing it, and addressed potential obstacles.""}], ""total_score"": 28}"
"warm, empathetic, patient",Fears that the physiological symptoms of exercise will trigger a panic attack,"
[Kyle] Thanks for being here today, Jamie. When you think about the time since we last spoke, what experiences or moments stand out to you?
[Jamie] You know, I've been really worried about exercising and how it might lead to a panic attack. Even just thinking about the physiological symptoms like my heart racing makes me anxious.
[Kyle] Thank you for sharing that with me. It sounds like the thought of exercising is bringing a lot of anxiety due to the fear of experiencing a panic attack. What would you like to be different in relation to exercise by the end of our session today?
[Jamie] I guess it would be good if I could feel a bit more comfortable with the idea of exercise, without the constant fear hanging over me.
[Kyle] That's a helpful goal to work towards today. We can explore some strategies to gradually reduce that fear and help you feel more at ease with exercise. How does that sound to you?
[Jamie] Yeah, that sounds okay. I'll give it a try.
[Kyle] Great, I'm glad to hear that. Let's start by understanding the specific thoughts you're having about exercise and the possibility of a panic attack. Can you tell me more about what goes through your mind during those moments?
[Jamie] Whenever I think about exercising, I immediately worry about my heart rate increasing or maybe feeling dizzy. Those are signs that usually trigger panic for me, and I can't help but think about them.
[Kyle] It sounds like the increased heart rate and dizziness associated with exercise are closely linked to your feelings of panic. Let's work together to explore these thoughts and see if we can find ways to challenge them. What do you think about taking this approach?
[Jamie] I understand the idea, but it's hard not to focus on those symptoms when they happen. I'll do my best to try, though.
[Kyle] I appreciate your willingness to try. Let's break it down step-by-step and see if we can reframe some of these thoughts into something less threatening. We can start by considering other possible explanations for these symptoms. What scenarios could you think of where an increased heart rate might be less alarming?
[Jamie] I guess if I'm watching something exciting or feeling nervous about something else, my heart rate might go up too. Maybe it's not always panic-related.
[Kyle] Exactly, sometimes these physical sensations can have different causes. Recognizing these alternate scenarios can help reduce the fear associated with them. Would you like to try building on this understanding with a small exercise plan, focusing on less intense activities at first?
[Jamie] That could be worth trying. Keeping it light sounds less intimidating.
[Kyle] Let's work together to create a plan that feels manageable for you. We could start with activities like a short walk or gentle stretching. How often do you think you might try one of these activities before we meet next?
[Jamie] Maybe I could start with a couple of times a week and see how that feels.
",31,31,"{""ctrs_evaluation"": [{""item_name"": ""Agenda"", ""score"": 3, ""rationale"": ""The therapist transitioned from the previous session, identified significant events, reviewed the client's concerns, conducted a mood check, and set specific goals for the session, ensuring all items important to the client were addressed.""}, {""item_name"": ""Feedback"", ""score"": 2, ""rationale"": ""The therapist ascertained the client's reaction to the proposed strategies and ensured the client understood and agreed with the treatment plan but did not fluidly request feedback throughout the session.""}, {""item_name"": ""Understanding"", ""score"": 3, ""rationale"": ""The therapist consistently listened and reflected the client's statements, demonstrated empathy, and discussed the client's emotional state within the context of the conceptualization.""}, {""item_name"": ""Interpersonal Effectiveness"", ""score"": 3, ""rationale"": ""The therapist demonstrated concern for the client, provided positive reinforcement, maintained professional behavior, and showed warmth and genuineness throughout the session.""}, {""item_name"": ""Collaboration"", ""score"": 3, ""rationale"": ""The therapist asked for client input when setting the agenda, selecting CBT techniques, and determining the Action Plan, consistently inviting the client's participation in every major session decision.""}, {""item_name"": ""Pacing and Efficient Use of Time"", ""score"": 2, ""rationale"": ""The therapist allocated appropriate time for all session segments and completed the session within a typical timeframe, though seamless pacing was not explicitly demonstrated.""}, {""item_name"": ""Guided Discovery"", ""score"": 3, ""rationale"": ""The therapist skillfully used guided discovery to help the client arrive at their own conclusions about alternative explanations for symptoms, assessing the impact of the cognitive shift.""}, {""item_name"": ""Focus on Key Cognitions and Behaviors"", ""score"": 3, ""rationale"": ""The therapist focused on the most relevant cognitions and behaviors related to the client's fear of exercise and panic symptoms, with a promise for positive impact.""}, {""item_name"": ""Strategy for Change"", ""score"": 3, ""rationale"": ""The therapist discussed an overall strategy, used evidence-based CBT techniques, explained the rationale, offered options, and obtained the client's agreement.""}, {""item_name"": ""Application of CBT Technique"", ""score"": 3, ""rationale"": ""The therapist applied CBT techniques with comfort and technical correctness, facilitating change in the client.""}, {""item_name"": ""Action Plan"", ""score"": 3, ""rationale"": ""The therapist reviewed the previous Action Plan, asked for client input, developed a new plan, ensured the client was capable of completing it, and addressed potential obstacles.""}], ""total_score"": 31}"
"warm, empathetic, patient",Avoids annual flu shots and necessary blood work due to extreme fear,"
[Kyle] To begin, could you share what has been most difficult or concerning for you lately?
[Jamie] Well, I've been avoiding my annual flu shots and some necessary blood work because I'm extremely fearful. The idea of going through those processes just makes me very anxious.
[Kyle] It sounds like the fear and anxiety around medical procedures are really overwhelming for you. Let's explore this further as part of our session today, and perhaps we can work on some strategies together to help manage these feelings. How does that sound to you?
[Jamie] I'm open to trying to understand it better, but honestly, just talking about it makes me feel uneasy. Still, I'm willing to give it a go if it might help.
[Kyle] I really appreciate your willingness to explore this, even though it makes you uneasy. Let's take it one step at a time and see if we can uncover some helpful insights. Would it be okay if we start by identifying what specific thoughts come up for you when you think about these medical procedures?
[Jamie] When I think about them, I get images of sharp needles and the feeling of being out of control. It's like there's a panic that I can't quite shake off.
[Kyle] It sounds like those images and the sensation of losing control intensify your anxiety and create a sense of panic. Let's try to unpack these thoughts together and explore how they influence your feelings and actions. Does that feel like a good place to start?
[Jamie] Yeah, that seems like a good starting point. Maybe understanding it better will help lessen the fear a bit.
[Kyle] Great. By exploring these thoughts, we might discover connections between what you're imagining and how you're feeling. Together, we can work on reframing some of these thoughts to help reduce your anxiety. What do you think triggers the most intense reactions?
[Jamie] I think it's the anticipation of the pain and not being in control during the procedures. Just knowing that something is going to prick me makes my heart race.
[Kyle] That anticipation of pain and feeling out of control seem to be at the heart of your anxiety. It's understandable why these feelings are so intense. Let's consider some techniques to manage these thoughts, such as relaxation exercises or cognitive reframing. Which one would you like to explore first?
[Jamie] Maybe starting with some relaxation exercises could help calm me down a bit when I'm thinking about it. That might be a good step forward.
[Kyle] That's a great choice. Let's practice a simple relaxation technique like deep breathing. We'll focus on slow, steady breaths to help calm your mind and body. How about we try this together now?
[Jamie] Alright, I'm willing to give it a try. Let's go ahead with the deep breathing.
[Kyle] Wonderful. Let's start by sitting comfortably. Close your eyes if you feel comfortable doing so. Take a deep breath in through your nose, letting your belly expand, and hold it gently for a moment. Then, slowly exhale through your mouth. Let's repeat this a few times together. How does that feel?
[Jamie] It feels a bit calming, actually. I didn't expect it to make a difference so quickly, but I do feel a little more at ease.
",32,21,"{""ctrs_evaluation"": [{""item_name"": ""Agenda"", ""score"": 1, ""rationale"": ""The therapist identified significant events and specific goals for the session but did not transition from the previous session, review an Action Plan, or conduct a mood check.""}, {""item_name"": ""Feedback"", ""score"": 1, ""rationale"": ""The therapist ascertained the client's reaction to some extent but did not ensure understanding/agreement with a treatment plan or respond to feedback comprehensively.""}, {""item_name"": ""Understanding"", ""score"": 3, ""rationale"": ""The therapist consistently listened and reflected the client's statements and demonstrated recognition of the client's emotional state through empathy.""}, {""item_name"": ""Interpersonal Effectiveness"", ""score"": 3, ""rationale"": ""The therapist demonstrated concern, provided positive reinforcement, maintained professional behavior, and showed warmth and genuineness.""}, {""item_name"": ""Collaboration"", ""score"": 2, ""rationale"": ""The therapist asked for client input when setting the agenda and selecting techniques, but there was no clear determination of an Action Plan.""}, {""item_name"": ""Pacing and Efficient Use of Time"", ""score"": 1, ""rationale"": ""The therapist allocated appropriate time for session segments but there is no information about the session duration.""}, {""item_name"": ""Guided Discovery"", ""score"": 2, ""rationale"": ""The therapist designed the session to achieve a cognitive shift and avoided bias, but did not assess the shift after an intervention.""}, {""item_name"": ""Focus on Key Cognitions and Behaviors"", ""score"": 3, ""rationale"": ""The therapist focused on specific cognitions and behaviors related to the client's anxiety about medical procedures, which are highly relevant.""}, {""item_name"": ""Strategy for Change"", ""score"": 2, ""rationale"": ""The therapist discussed an overall strategy and used relaxation exercises as an appropriate CBT technique.""}, {""item_name"": ""Application of CBT Technique"", ""score"": 2, ""rationale"": ""The therapist applied a CBT technique (deep breathing) with sufficient skill, which was recognizable and likely to facilitate change.""}, {""item_name"": ""Action Plan"", ""score"": 1, ""rationale"": ""The therapist initiated a new plan with relaxation exercises but did not review a previous Action Plan or fully develop a new one based on the session.""}], ""total_score"": 21}"
"warm, empathetic, patient",Pushes people away when they get too close due to deep-seated fear of betrayal,"
[Kyle] Since this is our first time meeting, can you tell me what has been affecting you most or prompting you to seek support right now?
[Jamie] I've been feeling really overwhelmed and unsure about how to deal with my relationships. I guess I'm just afraid that if I let people in too much, they'll end up hurting me.
[Kyle] I hear you saying that the thought of letting people in feels risky and causing a lot of overwhelm. It's understandable to have those fears when it comes to relationships. Let’s explore some specific situations where you've felt this way and work on setting some goals for our session today. How does that sound to you?
[Jamie] I guess that might help, but I'm not sure how comfortable I am with sharing specific situations right now. It's just difficult to open up like that.
[Kyle] I completely understand, and it's perfectly okay to take your time. We can focus on what you feel comfortable discussing. Perhaps we can start by setting a goal to better understand these feelings of discomfort and gradually work toward addressing them. Does that feel manageable for today?
[Jamie] Yeah, I think I can try that. Taking it slow seems like the best way for me right now.
[Kyle] That sounds like a good plan. We'll take things step by step and focus on what feels manageable for you. Let’s begin by exploring one general aspect of your relationships that you'd like to understand better. How does that sound?
[Jamie] I suppose we could talk about why I tend to push people away. It seems like every time I get close to someone, I just end up pulling back.
[Kyle] Thank you for sharing that with me. It sounds like you have a pattern of pulling back in relationships when they become closer. Let’s explore what thoughts or beliefs might be contributing to this pattern. What do you usually find yourself thinking when you start to pull away?
[Jamie] I often worry that if I let someone in too much, they'll find a reason to leave or hurt me. It's like this inner voice that keeps reminding me it's safer to be on my own.
[Kyle] It sounds like there's a strong belief that keeping a distance might protect you from potential hurt or rejection. Let’s try exploring where this belief comes from and how it affects your current relationships. Does that sound like a step you'd be comfortable taking?
[Jamie] I think I can try to look into that. It's not easy, but maybe understanding where it comes from could help.
[Kyle] That's a great approach, and it's perfectly okay to take this at your own pace. Understanding the roots of this belief can indeed be a powerful step toward change. Let's start by gently reflecting on any past experiences that might have contributed to this belief. How do you feel about that?
[Jamie] I might be willing to think about some past experiences, but it's still a bit hard for me to talk about them in detail. Just thinking about it makes me uneasy.
[Kyle] It's completely understandable to feel uneasy, and it's important we move at a pace you're comfortable with. We can start by acknowledging those feelings and seeing if there are any smaller, less detailed aspects we can focus on first. How does that sound for today?
[Jamie] That sounds more manageable. Focusing on smaller aspects might make it easier to handle.
",33,18,"{""ctrs_evaluation"": [{""item_name"": ""Agenda"", ""score"": 1, ""rationale"": ""The therapist attempted to set goals for the session by exploring specific situations and understanding feelings, but did not complete all five agenda-setting tasks such as reviewing the Action Plan or conducting a mood check.""}, {""item_name"": ""Feedback"", ""score"": 1, ""rationale"": ""The therapist responded to Jamie's feedback about feeling uncomfortable but did not ascertain the client's reaction to the treatment plan or ensure understanding/agreement throughout the session.""}, {""item_name"": ""Understanding"", ""score"": 3, ""rationale"": ""The therapist consistently listened and reflected Jamie's statements, demonstrating empathy and understanding of Jamie's emotional state and conceptualization of their fear of betrayal.""}, {""item_name"": ""Interpersonal Effectiveness"", ""score"": 3, ""rationale"": ""The therapist demonstrated warmth, genuineness, and unconditional acceptance throughout the session, providing positive reinforcement and maintaining professional behavior.""}, {""item_name"": ""Collaboration"", ""score"": 2, ""rationale"": ""The therapist asked for Jamie's input when setting the agenda and determining the focus of the session, but did not consistently invite participation in every major decision.""}, {""item_name"": ""Pacing and Efficient Use of Time"", ""score"": 1, ""rationale"": ""The therapist maintained a slow pace to accommodate Jamie's comfort level, but there is no evidence of efficient time allocation for all session segments or completion within 40-60 minutes.""}, {""item_name"": ""Guided Discovery"", ""score"": 2, ""rationale"": ""The therapist designed the session to achieve a cognitive shift by exploring Jamie's beliefs about relationships and assessing the impact of these beliefs.""}, {""item_name"": ""Focus on Key Cognitions and Behaviors"", ""score"": 3, ""rationale"": ""The therapist focused on Jamie's belief about keeping a distance in relationships, which is a key cognition with potential for positive impact.""}, {""item_name"": ""Strategy for Change"", ""score"": 1, ""rationale"": ""The therapist had a strategy to explore Jamie's beliefs but did not use an identifiable evidence-based CBT technique.""}, {""item_name"": ""Application of CBT Technique"", ""score"": 0, ""rationale"": ""There was no recognizable application of a specific CBT technique during the session.""}, {""item_name"": ""Action Plan"", ""score"": 1, ""rationale"": ""The therapist discussed setting a goal to understand feelings of discomfort but did not review a previous Action Plan or develop a new one based on the session.""}], ""total_score"": 18}"
"direct, challenging, pragmatic",One partner hides debt and spending from the other leading to trust breakdown,"
[Kyle] Hello, Jamie. When you think about the past weeks or months, what feels most important for me to know about what you're going through?
[Jamie] It's the betrayal and broken trust that's eating at me. I found out my partner has been hiding debt and spending from me. Feels like my whole world turned upside down.
[Kyle] I can see how discovering that hidden information would feel like a betrayal and shake your sense of stability. Let's focus on what feels most pressing for you right now. Do you want to explore how to rebuild trust, manage the financial impact, or perhaps something else related to this situation?
[Jamie] Honestly, I'm not sure if rebuilding trust is possible right now. I can't stop feeling angry and defensive, and it's hard to even think about that. Maybe understanding how to manage this anger would help.
[Kyle] That's a practical focus. Let's work on understanding your anger and identifying ways to manage it. How about we explore the specific thoughts or beliefs fueling your anger first? Does that sound good to you?
[Jamie] Fine, I guess. I think it's the constant questioning of what else might be hidden or what other lies I've believed. That keeps the anger burning.
[Kyle] It makes sense that unanswered questions could keep anger simmering. Let's try to examine these thoughts more closely. What evidence do you have for these thoughts, and how might they be impacting you?
[Jamie] The evidence is in the secrets that were already uncovered. If those were hidden, I can't help but think there might be more. It's like walking on eggshells, constantly second-guessing everything. It's exhausting.
[Kyle] Walking on eggshells sounds incredibly draining. Let's consider how these thoughts are affecting your day-to-day life. How do you think challenging or changing these thoughts could impact your emotional state or your overall well-being?
[Jamie] I guess if I could challenge these thoughts and not let them have such a grip on me, I might feel less angry and more at peace. But honestly, I'm not sure if that's possible right now.
[Kyle] It's understandable to feel uncertain about making changes. How about trying a thought record exercise this week? It involves documenting these thoughts when they arise and then evaluating their accuracy and impact. Would you be open to giving that a try?
[Jamie] I can try, but no promises. It's hard to face these feelings head-on without getting defensive.
[Kyle] It's perfectly okay to find it challenging. The goal is to practice and gradually ease the defensiveness. Let's set a realistic plan. Try to document thoughts just a couple of times this week. Does that feel manageable?
[Jamie] Yeah, I can attempt it a couple of times. We'll see how it goes.
[Kyle] Great, that's a solid start. Let's check in next time to see how it went. You can also jot down any reactions or patterns you notice. Remember, this is a step toward regaining control over the situation. We'll refine things as we move forward.
[Jamie] Alright, I'll give it a shot and see what comes up. I guess there's nothing to lose by trying.
",34,25,"{""ctrs_evaluation"": [{""item_name"": ""Agenda"", ""score"": 2, ""rationale"": ""The therapist transitioned from the previous session, identified significant events (betrayal and broken trust), and identified specific goals for the session (managing anger). However, there was no explicit review of the Action Plan or mood check.""}, {""item_name"": ""Feedback"", ""score"": 1, ""rationale"": ""The therapist ascertained the client's reaction to some extent and responded appropriately, but did not ensure the client understood or agreed with the treatment plan throughout the session.""}, {""item_name"": ""Understanding"", ""score"": 3, ""rationale"": ""The therapist consistently listened and reflected the client's statements and demonstrated empathy by acknowledging the emotional impact of the betrayal.""}, {""item_name"": ""Interpersonal Effectiveness"", ""score"": 3, ""rationale"": ""The therapist demonstrated concern, provided positive reinforcement, and maintained professional behavior. Warmth and acceptance were evident in the therapist's responses.""}, {""item_name"": ""Collaboration"", ""score"": 2, ""rationale"": ""The therapist asked for client input when setting the agenda and selecting techniques, but did not consistently invite participation in every major session decision.""}, {""item_name"": ""Pacing and Efficient Use of Time"", ""score"": 2, ""rationale"": ""The therapist allocated appropriate time for session segments and maintained focus on the main issue, but there is no information about the session's total duration.""}, {""item_name"": ""Guided Discovery"", ""score"": 3, ""rationale"": ""The therapist skillfully used guided discovery to help the client examine thoughts and consider the impact of changing them, facilitating a cognitive shift.""}, {""item_name"": ""Focus on Key Cognitions and Behaviors"", ""score"": 3, ""rationale"": ""The therapist focused on the client's anger and the thoughts fueling it, which are highly relevant to the client's situation and have the potential for positive impact.""}, {""item_name"": ""Strategy for Change"", ""score"": 2, ""rationale"": ""The therapist discussed a strategy involving a thought record exercise, which is an appropriate evidence-based CBT technique.""}, {""item_name"": ""Application of CBT Technique"", ""score"": 2, ""rationale"": ""The therapist applied the thought record technique with sufficient skill, making it recognizable and likely to facilitate change.""}, {""item_name"": ""Action Plan"", ""score"": 2, ""rationale"": ""The therapist developed a new Action Plan based on the session and asked for client input, but did not fully assess the likelihood of completion or address potential obstacles.""}], ""total_score"": 25}"
"supportive, focused, structured",Grieving the loss of a young adult child to overdose,"
[Kyle] Hi Jamie. Since our last conversation, what has been coming up for you that feels important to talk about today?
[Jamie] I can't stop replaying moments and wondering what I missed, what I could have done differently. It just feels so heavy and empty.
[Kyle] It sounds like you're experiencing a lot of heavy and distressing emotions. It’s quite common to revisit and second-guess our past actions, especially when they hold significant weight for us. Let's try to focus on understanding these thoughts and feelings. Would you be open to exploring one or two specific moments that are most pressing for you today?
[Jamie] There's this one moment I can't shake off—when I saw changes in their behavior, and I just brushed it off. What if I had taken it seriously then?
[Kyle] It seems like you're carrying a significant amount of guilt and responsibility for not acting differently in that moment. Let's work together to examine this thought. What evidence do you have for this belief, and what might be alternative explanations for how things happened?
[Jamie] I just feel like I should have known. I was their parent, after all. Maybe I was just too caught up in my own world to see what was right there.
[Kyle] It's understandable to have high expectations of yourself as a parent, and it’s easy to be overly critical in hindsight. Remember, we're human and can only work with the knowledge we have at the time. How would it feel to consider the possibility that you were doing the best you could with the information you had?
[Jamie] I want to believe that, but it just feels like I failed them in the worst way possible. It's so hard to let go of that blame.
[Kyle] It’s really difficult to feel like you've let someone down, especially someone you love deeply. It might help us to identify whether this belief is helping or hindering you in moving forward. What do you think this self-blame is doing for you, and what might be the effect if you were to gradually shift this perspective?
[Jamie] It feels like holding onto the blame is a way to stay connected to them, but it's also keeping me stuck in this dark place. I just can't seem to find a way out.
[Kyle] It sounds like the blame is serving a dual purpose: maintaining a connection and creating a barrier to healing. Let's explore how we can sustain that connection in healthier ways. How would it be to find small, meaningful actions or rituals that honor your relationship with them, while also starting to release some of this blame?
[Jamie] I like the idea of honoring them differently, but I'm not sure what that looks like yet. It's hard to even imagine letting go of the guilt.
[Kyle] Taking small steps can be effective when approaching something as challenging as this. Perhaps starting with something simple, like writing a letter to them expressing your feelings, could be a way to explore this new form of connection. How do you feel about trying this as a step towards honoring them while beginning to lighten the load of guilt?
[Jamie] Writing a letter could be a start. It might help put some of these swirling thoughts into words, even if it's just a small step.
[Kyle] That sounds like a constructive approach. Writing can provide clarity and relief by articulating those swirling thoughts. Let's include this as part of our action plan. Are you comfortable setting a time in the next week to sit down and write this letter? How does that plan sound to you?
[Jamie] I can try to find some time this week. It's not easy, but maybe it'll help, even just a little.
",35,24,"{""ctrs_evaluation"": [{""item_name"": ""Agenda"", ""score"": 2, ""rationale"": ""The therapist transitioned from the previous session and identified specific goals for the session by asking what was important to talk about. However, there was no explicit review of an Action Plan or mood check.""}, {""item_name"": ""Feedback"", ""score"": 1, ""rationale"": ""The therapist ensured the client understood and agreed with the treatment plan by asking how the plan sounded, but did not ascertain the client's reaction throughout the session or respond to feedback.""}, {""item_name"": ""Understanding"", ""score"": 3, ""rationale"": ""The therapist consistently listened and reflected the client's statements, demonstrating empathy and understanding of the client's emotional state by acknowledging feelings of guilt and responsibility.""}, {""item_name"": ""Interpersonal Effectiveness"", ""score"": 3, ""rationale"": ""The therapist demonstrated concern for the client, provided positive reinforcement, and maintained professional behavior. They also showed warmth and genuineness by validating the client's feelings and offering support.""}, {""item_name"": ""Collaboration"", ""score"": 2, ""rationale"": ""The therapist asked for client input when setting the agenda and determining the Action Plan, but did not explicitly invite participation in selecting CBT techniques.""}, {""item_name"": ""Pacing and Efficient Use of Time"", ""score"": 1, ""rationale"": ""The therapist allocated appropriate time for session segments but there is no information about the session duration to confirm it was completed within 40-60 minutes.""}, {""item_name"": ""Guided Discovery"", ""score"": 3, ""rationale"": ""The therapist skillfully used guided discovery to help the client explore alternative explanations for their beliefs and assessed the impact of shifting perspectives on self-blame.""}, {""item_name"": ""Focus on Key Cognitions and Behaviors"", ""score"": 3, ""rationale"": ""The therapist focused on the client's guilt and self-blame, which are key cognitions affecting their grieving process, and explored their impact and potential shifts.""}, {""item_name"": ""Strategy for Change"", ""score"": 2, ""rationale"": ""The therapist discussed a strategy involving writing a letter as a CBT technique to help the client process emotions and shift perspectives.""}, {""item_name"": ""Application of CBT Technique"", ""score"": 2, ""rationale"": ""The therapist applied the technique of writing a letter with sufficient skill, making it recognizable and likely to facilitate change in a motivated client.""}, {""item_name"": ""Action Plan"", ""score"": 2, ""rationale"": ""The therapist developed a new Action Plan involving writing a letter, asked for client input, and ensured the client was comfortable with the plan.""}], ""total_score"": 24}"
"systematic, educational, logical",Mind races with endless repetitive thoughts when trying to sleep,"
[Kyle] Hi Jamie. Since this is our first session, it would help to hear what has been going on for you recently and what led you to reach out.
[Jamie] Lately, I've been struggling to quiet my mind, especially at night. It feels like my thoughts just keep looping, and I can't seem to shut them off, which is really exhausting.
[Kyle] That sounds quite challenging and exhausting indeed. To help calm your mind at night, we could work on some strategies together. Does this align with what you'd like to focus on today?
[Jamie] Yeah, that sounds good. Anything that might help slow down my racing thoughts would be great.
[Kyle] Great. One technique that might be helpful is called cognitive restructuring. It involves identifying and challenging those racing thoughts to reduce their intensity and frequency. Would you like to explore this approach together?
[Jamie] Sure, I'm open to trying that. Anything to help quiet these thoughts a bit.
[Kyle] Excellent. Let's start by identifying a specific thought that often keeps repeating. Could you share one with me, and we'll work on how to challenge it effectively?
[Jamie] One thought that seems to come up a lot is that I didn't accomplish enough during the day. It's like a constant loop in my head.
[Kyle] Thank you for sharing that. Let's examine this thought more closely. What evidence supports and contradicts the idea that you didn't accomplish enough during the day?
[Jamie] Well, I always feel like there are more tasks left on my list than I've completed, which makes me think I'm not doing enough. But I guess there are times when I do get through a lot, even though it doesn't feel that way.
[Kyle] It’s good to notice that you have evidence for both sides. Acknowledging your accomplishments, even when they feel small, can help. How might you reframe your thought about not accomplishing enough to reflect this balanced perspective?
[Jamie] Maybe I could remind myself that even small accomplishments count and that it's okay not to finish everything. Just trying my best should be enough for now.
[Kyle] That's a great reframe. Recognizing your efforts and progress can shift the focus from what remains to be done to what you have achieved. Would you like to try using this reframe as part of your nightly routine to help manage those racing thoughts?
[Jamie] Yeah, I think incorporating that into my nightly routine might help ease some of the frustration I feel.
[Kyle] Perfect. Let’s make an action plan for you to practice this. Each night, could you spend a few minutes reviewing your day and consciously acknowledge at least three things you accomplished, no matter how small? How does this plan sound to you?
[Jamie] That sounds doable. I'll give it a try and see if it can help slow things down a bit.
",36,30,"{""ctrs_evaluation"": [{""item_name"": ""Agenda"", ""score"": 2, ""rationale"": ""The therapist identified significant events, conducted a mood check, and set specific goals for the session, but did not review a previous Action Plan as this was the first session.""}, {""item_name"": ""Feedback"", ""score"": 2, ""rationale"": ""The therapist ascertained the client's reaction to the proposed strategies and ensured the client understood and agreed with the treatment plan.""}, {""item_name"": ""Understanding"", ""score"": 3, ""rationale"": ""The therapist consistently listened, reflected the client's statements, and demonstrated empathy towards the client's emotional state.""}, {""item_name"": ""Interpersonal Effectiveness"", ""score"": 3, ""rationale"": ""The therapist demonstrated concern, provided positive reinforcement, maintained professional behavior, and showed warmth and acceptance.""}, {""item_name"": ""Collaboration"", ""score"": 3, ""rationale"": ""The therapist invited the client's participation in setting the agenda, selecting techniques, and determining the Action Plan, resulting in a mutually agreeable direction.""}, {""item_name"": ""Pacing and Efficient Use of Time"", ""score"": 2, ""rationale"": ""The therapist allocated appropriate time for session segments and kept the session within a reasonable timeframe, although exact duration is not specified.""}, {""item_name"": ""Guided Discovery"", ""score"": 3, ""rationale"": ""The therapist skillfully used guided discovery to help the client arrive at their own conclusions and assessed the impact of the cognitive shift.""}, {""item_name"": ""Focus on Key Cognitions and Behaviors"", ""score"": 3, ""rationale"": ""The therapist focused on the most relevant cognition related to the client's racing thoughts, which had the greatest promise for positive impact.""}, {""item_name"": ""Strategy for Change"", ""score"": 3, ""rationale"": ""The therapist discussed an overall strategy, explained the rationale for cognitive restructuring, and obtained the client's agreement.""}, {""item_name"": ""Application of CBT Technique"", ""score"": 3, ""rationale"": ""The therapist applied cognitive restructuring with technical correctness and comfort, facilitating a potential change in the client.""}, {""item_name"": ""Action Plan"", ""score"": 3, ""rationale"": ""The therapist reviewed the new Action Plan, ensured the client was capable of completing it, and addressed potential obstacles.""}], ""total_score"": 30}"
"collaborative, direct, encouraging",Spends excessive time on grooming rituals to feel 'acceptable',"
[Kyle] Hello, Jamie. When you think about the past weeks or months, what feels most important for me to know about what you're going through?
[Jamie] I feel like I'm constantly racing against the clock, trying to get everything just right, especially when it comes to my grooming routine. It takes so much time, but I can't seem to feel ""acceptable"" otherwise.
[Kyle] It sounds like you're under a lot of pressure trying to meet certain standards with your grooming routine. How does this pressure affect you emotionally, and what would you like to focus on in today's session regarding this issue?
[Jamie] The pressure makes me feel frustrated and drained. I’d like to focus on finding ways to manage these grooming rituals better so I can have more time for other things.
[Kyle] Great, let's work on that together. We'll aim to explore your grooming rituals, understand their impact, and find some strategies that could help you manage them better. How does that sound to you?
[Jamie] That sounds like a good plan. I'm eager to find a more balanced approach.
[Kyle] I'm glad to hear that. Let's start by identifying which aspects of your grooming routine feel most overwhelming and explore why they are important to you. How does that sound?
[Jamie] It sounds helpful. The most overwhelming part is making sure everything looks perfect—I just can't let myself leave the house until it does.
[Kyle] I see, the need for perfection really plays a big role here. Let's consider how this belief about needing to look perfect affects your daily life and mood. How do you think this belief might be impacting you throughout the day?
[Jamie] It leaves me feeling exhausted and anxious. I'm often preoccupied with whether I look okay rather than enjoying the moment.
[Kyle] That exhaustion and anxiety are understandable given the pressure you're describing. Let's explore whether there are any underlying thoughts or beliefs contributing to this need for perfection. How do you think this belief developed?
[Jamie] I think it might have started in school, where I felt judged based on appearances. It left a mark, making me feel like I must always present myself perfectly to be accepted.
[Kyle] It sounds like those past experiences have had a lasting impact on how you view yourself and present yourself today. Acknowledging this connection is important. Would you be open to examining these beliefs and how we might start to challenge or reframe them together?
[Jamie] Yes, I'm open to that. I want to change how I handle these thoughts and habits.
[Kyle] That's a great step forward. We can begin by identifying specific thoughts that arise during your grooming routine and practice questioning their validity or exploring alternative perspectives. We’ll also consider new, more balanced self-standards. How does that approach feel to you?
[Jamie] It feels promising. I’m ready to try questioning these thoughts and work towards finding a healthier balance.
",37,28,"{""ctrs_evaluation"": [{""item_name"": ""Agenda"", ""score"": 2, ""rationale"": ""The therapist identified significant events, conducted a mood check, and set specific goals for the session, but did not review the previous Action Plan or transition from the previous session.""}, {""item_name"": ""Feedback"", ""score"": 2, ""rationale"": ""The therapist ensured the client understood and agreed with the treatment plan and responded appropriately to feedback, but there was no evidence of ascertaining the client's reaction throughout the session.""}, {""item_name"": ""Understanding"", ""score"": 3, ""rationale"": ""The therapist consistently listened and reflected the client's statements and demonstrated recognition of the client's emotional state through empathy.""}, {""item_name"": ""Interpersonal Effectiveness"", ""score"": 3, ""rationale"": ""The therapist demonstrated concern, provided positive reinforcement, maintained professional behavior, and showed warmth and genuineness throughout the session.""}, {""item_name"": ""Collaboration"", ""score"": 3, ""rationale"": ""The therapist consistently invited the client's participation in setting the agenda and determining the session's direction, resulting in a mutually agreeable plan.""}, {""item_name"": ""Pacing and Efficient Use of Time"", ""score"": 2, ""rationale"": ""The therapist allocated appropriate time for session segments and maintained efficient pacing, but there is no information on the session's total duration.""}, {""item_name"": ""Guided Discovery"", ""score"": 3, ""rationale"": ""The therapist skillfully used guided discovery to help the client arrive at their own conclusions and assessed the impact of cognitive shifts.""}, {""item_name"": ""Focus on Key Cognitions and Behaviors"", ""score"": 3, ""rationale"": ""The therapist focused on the most relevant cognitions and behaviors related to the client's grooming rituals, which have a significant impact on the client's life.""}, {""item_name"": ""Strategy for Change"", ""score"": 3, ""rationale"": ""The therapist discussed an overall strategy, explained the rationale for the technique, and obtained the client's agreement to use it.""}, {""item_name"": ""Application of CBT Technique"", ""score"": 3, ""rationale"": ""The therapist applied CBT techniques with comfort and technical correctness, facilitating potential change in the client.""}, {""item_name"": ""Action Plan"", ""score"": 1, ""rationale"": ""The therapist developed a new plan based on the session but did not review the previous Action Plan or assess the client's capability to complete the new plan.""}], ""total_score"": 28}"
"direct, challenging, pragmatic",Holds onto old resentments causing mood to sour and relationships to decay,"
[Kyle] Before we dive in, I'd like to hear what's been happening for you since our last meeting. What feels most pressing right now?
[Jamie] Honestly, it feels like everything is just piling up. It's this constant cycle of people letting me down and me pretending I'm fine with it. I'm just getting tired of it.
[Kyle] That sounds really exhausting and frustrating. Let's set a goal for this session to identify the key thoughts and beliefs driving this cycle. Does that sound like a good starting point for you?
[Jamie] I guess so. But I've been down this road before, and it never seems to change much.
[Kyle] I understand the skepticism, and it's valid. Let's challenge that belief by looking at how we can approach this differently with a specific CBT technique today. How does that sound to you?
[Jamie] Sure, we can try it, but I'm not holding my breath for a miracle here.
[Kyle] That's fair, and I'm not here to promise miracles. CBT is about making practical, achievable changes. Let's focus on that and see what small step we can take today. How about we start by identifying a recent situation where you felt let down and break it down together?
[Jamie] Alright. Last week, my friend bailed on plans last minute, and it just brought back all those feelings of being unimportant.
[Kyle] Thanks for sharing that. Let’s examine those thoughts and the belief about feeling unimportant. What went through your mind when your friend canceled, and how did it affect your feelings and actions?
[Jamie] I immediately thought about how it's always me getting sidelined. I was angry, but I just told them it was fine when inside I was fuming. Then I just avoided talking to them for a few days.
[Kyle] Let's break that down. The thought that you're always sidelined seems to be central here. What evidence supports or contradicts this belief? And what effect might challenging this thought have on your feelings and actions?
[Jamie] Well, it feels like every time I start trusting someone to be there, they drop the ball. But maybe not everyone does it intentionally. Still, even if I try to tell myself that, it's hard to believe.
[Kyle] It's understandable that changing these beliefs can be difficult. Let's work on gathering more balanced evidence to challenge this belief. How does creating a thought record to track these events and thoughts sound as a technique to try out this week?
[Jamie] I can try that, but it seems like a lot of effort just to convince myself of something I don't really feel.
[Kyle] I get that it feels like a lot, but look at it as an investment in breaking the cycle you're in. Keeping a thought record helps create space for alternative perspectives. Let's start small and realistic—maybe one or two situations this week?
[Jamie] Fine, I'll give it a shot. But if it doesn't work, at least I tried.
",38,27,"{""ctrs_evaluation"": [{""item_name"": ""Agenda"", ""score"": 2, ""rationale"": ""The therapist identified significant events, conducted a mood check, and set specific goals for the session. However, there was no explicit review of the previous Action Plan or transition from the previous session.""}, {""item_name"": ""Feedback"", ""score"": 2, ""rationale"": ""The therapist ascertained the client's reaction, ensured the client understood the treatment plan, and responded appropriately to feedback. However, feedback was not fluidly requested throughout the session.""}, {""item_name"": ""Understanding"", ""score"": 3, ""rationale"": ""The therapist consistently listened and reflected the client's statements and demonstrated recognition of the client's emotional state through empathy, discussing it within the context of the conceptualization.""}, {""item_name"": ""Interpersonal Effectiveness"", ""score"": 3, ""rationale"": ""The therapist demonstrated concern, provided positive reinforcement, maintained professional behavior, and showed warmth and genuineness through words and expressions.""}, {""item_name"": ""Collaboration"", ""score"": 3, ""rationale"": ""The therapist consistently invited the client's participation in setting the agenda, selecting CBT techniques, and determining the Action Plan, resulting in a mutually agreeable direction.""}, {""item_name"": ""Pacing and Efficient Use of Time"", ""score"": 2, ""rationale"": ""The therapist allocated appropriate time for session segments and the session was likely completed within 40-60 minutes. However, there is no evidence of seamless pacing or limiting unproductive discussion.""}, {""item_name"": ""Guided Discovery"", ""score"": 3, ""rationale"": ""The therapist skillfully used guided discovery to help the client arrive at their own conclusions and assessed the impact of the cognitive shift, particularly around the belief of being sidelined.""}, {""item_name"": ""Focus on Key Cognitions and Behaviors"", ""score"": 3, ""rationale"": ""The therapist focused on the most relevant cognitions and behaviors, specifically the belief of being sidelined, which has a significant impact on the client's mood and relationships.""}, {""item_name"": ""Strategy for Change"", ""score"": 2, ""rationale"": ""The therapist discussed an overall strategy and used a CBT technique, such as creating a thought record, but did not offer other options or obtain explicit agreement for the technique.""}, {""item_name"": ""Application of CBT Technique"", ""score"": 2, ""rationale"": ""The therapist applied the thought record technique with sufficient skill that it was recognizable and likely to facilitate change, but there was no demonstration of technical correctness.""}, {""item_name"": ""Action Plan"", ""score"": 2, ""rationale"": ""The therapist reviewed the new Action Plan and asked for client input, developing a plan based on the session. However, there was no assessment of the likelihood of completion or addressing potential obstacles.""}], ""total_score"": 27}"
"calm, present-focused, gentle",Experiences rapid mood swings and intense fear of abandonment. History of non-suicidal self-injury during relational stress.,"
[Kyle] Hi Jamie. Since our last conversation, what has been coming up for you that feels important to talk about today?
[Jamie] I don't know. Everything feels like it's been all over the place. My mood swings have been out of control, and I'm just scared of losing people around me. It's overwhelming.
[Kyle] It sounds like you're experiencing a lot of emotional ups and downs, which can be really challenging. Let's take a moment to focus on how we can manage these feelings together. What would you like to prioritize discussing today to help with these mood swings?
[Jamie] I guess I want to understand why I get so angry so fast. It's like I can't control it, and it ruins everything.
[Kyle] That sounds like a great focus for today. Understanding the triggers and patterns behind your anger can be really helpful. How does it sound if we explore what thoughts or situations typically lead to these intense feelings?
[Jamie] Yeah, okay. It's usually when I feel like someone is pulling away from me or ignoring me. It makes me panic and then I just snap.
[Kyle] Thank you for sharing that. It sounds like you're feeling a strong reaction when you perceive someone might be distancing themselves. Let's look at this thought pattern together. What goes through your mind in those moments when you feel ignored or worried about losing connection?
[Jamie] It's like this fear that I'm not good enough or that they're going to leave me. I start thinking that I'm not worth the effort, and then the anger just takes over.
[Kyle] It sounds like there's an underlying fear of abandonment and self-worth concerns that trigger this anger. Would it be helpful to explore ways to challenge these thoughts and develop strategies for responding differently when they arise?
[Jamie] Yeah, I think it would help. I just don't want to keep feeling like I'm spiraling out of control whenever this happens.
[Kyle] Let's focus on identifying some techniques that can help you feel more in control when these thoughts and feelings come up. How about we start with recognizing and reframing some of these automatic thoughts about self-worth and abandonment? Would that be okay with you?
[Jamie] Yeah, that sounds like a good idea. I want to find a better way to handle it all.
[Kyle] Great. As a first step, when you notice these thoughts coming up, try gently questioning them. Ask yourself: “Is there concrete evidence that supports this thought?” or “What might be an alternative explanation for this person’s behavior?” We can practice this together if you’d like. Does that sound like a helpful approach?
[Jamie] I think it could be. It might help me see things differently and not just jump to conclusions so quickly.
[Kyle] I'm glad you think it could be helpful. Practicing this can give you more perspective and a sense of control over those quick reactions. As our next step, shall we set a small action plan where you can try this out when you notice these thoughts during the week?
[Jamie] Okay, let's do that. I want to try and see if it'll make a difference.
",39,26,"{""ctrs_evaluation"": [{""item_name"": ""Agenda"", ""score"": 2, ""rationale"": ""The therapist transitioned from the previous session, identified significant events, conducted a mood check, and identified specific goals for the session. However, there was no explicit review of an Action Plan.""}, {""item_name"": ""Feedback"", ""score"": 1, ""rationale"": ""The therapist ascertained the client's reaction and ensured understanding of the treatment plan but did not fluidly request feedback throughout the session.""}, {""item_name"": ""Understanding"", ""score"": 3, ""rationale"": ""The therapist consistently listened, reflected the client's statements, and demonstrated recognition of the client's emotional state through empathy.""}, {""item_name"": ""Interpersonal Effectiveness"", ""score"": 3, ""rationale"": ""The therapist demonstrated concern, provided positive reinforcement, maintained professional behavior, and showed warmth and genuineness.""}, {""item_name"": ""Collaboration"", ""score"": 3, ""rationale"": ""The therapist consistently invited the client's participation in session decisions, resulting in a mutually agreeable direction.""}, {""item_name"": ""Pacing and Efficient Use of Time"", ""score"": 2, ""rationale"": ""The therapist allocated appropriate time for session segments, though there is no information on the total session duration.""}, {""item_name"": ""Guided Discovery"", ""score"": 3, ""rationale"": ""The therapist skillfully used guided discovery to help the client arrive at their own conclusions and assessed the impact of the cognitive shift.""}, {""item_name"": ""Focus on Key Cognitions and Behaviors"", ""score"": 3, ""rationale"": ""The therapist focused on relevant cognitions and behaviors with the greatest promise for positive impact, such as self-worth and fear of abandonment.""}, {""item_name"": ""Strategy for Change"", ""score"": 2, ""rationale"": ""The therapist discussed an overall strategy and used an appropriate CBT technique, but did not offer other options or obtain explicit agreement.""}, {""item_name"": ""Application of CBT Technique"", ""score"": 2, ""rationale"": ""The therapist applied a CBT technique with sufficient skill that it was recognizable and likely to facilitate change.""}, {""item_name"": ""Action Plan"", ""score"": 2, ""rationale"": ""The therapist developed a new action plan based on the current session and asked for client input, but did not review a previous plan.""}], ""total_score"": 26}"
"supportive, focused, structured",Highly social person bored and restless after retirement from a busy job,"
[Kyle] As we start today, Iwould you like to tell me about what you've been experiencing and what you're hoping we might work on together?
[Jamie] I'm just feeling really bored and restless since I retired. I miss the structure and social interactions from my job, and I don't really know what to do with myself now.
[Kyle] It sounds like losing the structure and social connections from your job has been challenging. Let's focus on setting a goal for today's session, perhaps exploring ways to create new routines or social opportunities. How does that sound to you?
[Jamie] I suppose that sounds alright. Not sure how much it'll help, but I'm willing to give it a try.
[Kyle] I appreciate your willingness to try. Let's start by discussing any activities or interests you've considered exploring in your free time. Are there any hobbies or social groups that you've thought about?
[Jamie] Honestly, nothing really catches my interest right now. It's hard to get excited about anything.
[Kyle] I understand that it can feel challenging when you're not interested in things at the moment. How about we look at some of the activities you previously enjoyed, even a little, and see if we can spark a bit of interest from there?
[Jamie] I used to enjoy playing tennis once in a while, but it's been ages since I last picked up a racket.
[Kyle] Playing tennis could be a great way to reintroduce some routine and social interaction into your life. How would you feel about setting a small goal around trying tennis again, perhaps checking out local clubs or inviting a friend to play?
[Jamie] I suppose I could look into it. It might be nice to play again, if I can find someone to join me.
[Kyle] That sounds like a promising plan. As an action step, how about you research local tennis clubs or reach out to a friend who might be interested in playing with you? Would that work for you this week?
[Jamie] Yeah, I can try to do that this week. Let's see where it goes.
[Kyle] Great! I'm glad to hear you're open to giving it a try. Before we wrap up, is there anything else you'd like to discuss or add to your plan for this week?
[Jamie] No, I think that's enough for now. Let's just see how it goes with the tennis.
[Kyle] Sounds good. We'll revisit this next time and see how it went. Take care, and I'll look forward to hearing about your experience. Goodbye!
[Jamie] Goodbye.
",40,23,"{""ctrs_evaluation"": [{""item_name"": ""Agenda"", ""score"": 2, ""rationale"": ""The therapist transitioned from the previous session, identified significant events, and set specific goals for the session. However, there was no explicit review of an Action Plan or mood check.""}, {""item_name"": ""Feedback"", ""score"": 1, ""rationale"": ""The therapist ascertained the client's reaction to the proposed plan but did not ensure understanding/agreement with the treatment plan or respond to feedback throughout the session.""}, {""item_name"": ""Understanding"", ""score"": 3, ""rationale"": ""The therapist consistently listened and reflected the client's statements, demonstrating empathy and understanding of the client's emotional state.""}, {""item_name"": ""Interpersonal Effectiveness"", ""score"": 3, ""rationale"": ""The therapist demonstrated concern, provided positive reinforcement, and maintained professional behavior, showing warmth and genuineness.""}, {""item_name"": ""Collaboration"", ""score"": 2, ""rationale"": ""The therapist asked for client input when setting the agenda and determining the Action Plan but did not consistently invite participation in every major decision.""}, {""item_name"": ""Pacing and Efficient Use of Time"", ""score"": 2, ""rationale"": ""The therapist allocated appropriate time for session segments and likely completed the session within 40-60 minutes, but there is no evidence of seamless pacing.""}, {""item_name"": ""Guided Discovery"", ""score"": 2, ""rationale"": ""The therapist designed the session to achieve a cognitive shift by exploring activities and interests, avoiding bias, and assessing the shift after the intervention.""}, {""item_name"": ""Focus on Key Cognitions and Behaviors"", ""score"": 2, ""rationale"": ""The therapist focused on specific behaviors and emotions associated with the client's restlessness and lack of interest, relevant to the agenda.""}, {""item_name"": ""Strategy for Change"", ""score"": 2, ""rationale"": ""The therapist discussed an overall strategy and used an appropriate CBT technique by setting a goal to explore tennis as a means of reintroducing routine.""}, {""item_name"": ""Application of CBT Technique"", ""score"": 2, ""rationale"": ""The therapist applied a CBT technique with sufficient skill by encouraging the client to set a goal and explore tennis, which is likely to facilitate change.""}, {""item_name"": ""Action Plan"", ""score"": 2, ""rationale"": ""The therapist reviewed the action plan and developed a new plan based on the session, but did not assess the likelihood of completion or address potential obstacles.""}], ""total_score"": 23}"
"methodical, structured, coaching-style",Feels unworthy of love or attention due to self-perceived physical flaws,"
[Kyle] I'm glad you made the time to come in today. What have things been like for you over the past few days?
[Jamie] I've been feeling really down, just kind of stuck in a cycle of criticizing myself. It's hard to shake the feeling that I'm not good enough.
[Kyle] Thank you for sharing that with me. It sounds like you've been dealing with some difficult emotions and self-critical thoughts. Let's explore this further today and work on strategies to help you manage these thoughts. How does that sound as a focus for our session?
[Jamie] Yeah, that sounds okay. I could use some help with that.
[Kyle] Great. Let's start by breaking down a recent situation where you noticed these self-critical thoughts. What was happening at the time, and what thoughts were going through your mind?
[Jamie] There was a moment this week when I was looking in the mirror, and all I could see were flaws. I just kept thinking I’m not attractive or worthy of attention or love.
[Kyle] It sounds like that was a tough moment for you. When you notice these thoughts, what are some emotions that come up for you?
[Jamie] I mostly feel ashamed and isolated. Like I want to hide from the world.
[Kyle] Feeling ashamed and wanting to isolate yourself must be very challenging. Let's consider what evidence you have that supports or contradicts these self-critical thoughts. Would you be open to exploring this as a way to gain new perspectives?
[Jamie] I suppose I could try to look at it differently, but it’s hard to see anything positive sometimes.
[Kyle] Absolutely, it can be tough to shift perspective, especially when you're feeling overwhelmed. Let's take a step-by-step approach. Can you think of any past experiences where you felt positive about yourself or received positive feedback from others?
[Jamie] There have been times when friends have complimented me or appreciated something I did, but I usually just dismiss it or think they’re just being nice.
[Kyle] It’s understandable to have those reactions. It might be helpful to start gathering evidence of these positive interactions and consider them more seriously. How would you feel about keeping a journal to note down these moments and your responses to them? This could be a step towards recognizing and challenging those self-critical thoughts.
[Jamie] I could try that. Writing things down might help me see them more clearly, I guess.
[Kyle] That's a solid step forward. Let’s set a plan for this week where each day you jot down a positive comment or moment you experienced and how you felt at the time. Would you like to try this and discuss it in our next session?
[Jamie] I’ll give it a shot. We can talk about it more next time.
",41,31,"{""ctrs_evaluation"": [{""item_name"": ""Agenda"", ""score"": 3, ""rationale"": ""The therapist transitioned from the previous session, identified significant events, reviewed the action plan, conducted a mood check, and set specific goals for the session, ensuring all items important to the client were addressed.""}, {""item_name"": ""Feedback"", ""score"": 2, ""rationale"": ""The therapist ascertained the client's reaction to the session focus and ensured the client understood and agreed with the treatment plan. However, there was no evidence of fluid feedback throughout the session.""}, {""item_name"": ""Understanding"", ""score"": 3, ""rationale"": ""The therapist consistently listened and reflected the client's statements and demonstrated empathy by recognizing the client's emotional state and discussing it within the context of the conceptualization.""}, {""item_name"": ""Interpersonal Effectiveness"", ""score"": 3, ""rationale"": ""The therapist demonstrated concern for the client, provided positive reinforcement, maintained professional behavior, and showed warmth and genuineness throughout the session.""}, {""item_name"": ""Collaboration"", ""score"": 3, ""rationale"": ""The therapist invited the client's participation in setting the agenda, selecting techniques, and determining the action plan, resulting in a mutually agreeable direction.""}, {""item_name"": ""Pacing and Efficient Use of Time"", ""score"": 2, ""rationale"": ""The therapist allocated appropriate time for session segments and completed the session within an appropriate timeframe, but there is no specific evidence of seamless pacing.""}, {""item_name"": ""Guided Discovery"", ""score"": 3, ""rationale"": ""The therapist skillfully used guided discovery to help the client arrive at their own conclusions and assessed the impact of the cognitive shift by suggesting a journal to gather evidence of positive interactions.""}, {""item_name"": ""Focus on Key Cognitions and Behaviors"", ""score"": 3, ""rationale"": ""The therapist focused on the client's self-critical thoughts and emotions, which are the most relevant cognitions with the greatest promise for positive impact.""}, {""item_name"": ""Strategy for Change"", ""score"": 3, ""rationale"": ""The therapist discussed an overall strategy and used an appropriate CBT technique by suggesting a journal to challenge self-critical thoughts, explaining the rationale and obtaining client agreement.""}, {""item_name"": ""Application of CBT Technique"", ""score"": 3, ""rationale"": ""The therapist applied the CBT technique of journaling with comfort and technical correctness, likely facilitating change in a motivated client.""}, {""item_name"": ""Action Plan"", ""score"": 3, ""rationale"": ""The therapist reviewed the previous action plan, asked for client input on the new plan, developed a new plan based on the session, ensured the client was capable of completing it, and addressed potential obstacles.""}], ""total_score"": 31}"
"methodical, structured, coaching-style",Lives day-to-day without setting goals or planning for the future,"
[Kyle] Hi Jamie. As we get started today, what's been on your mind recently?
[Jamie] Not much, really. Just kind of going through the motions as usual.
[Kyle] I understand. How would you say your mood has been over the past week?
[Jamie] I’d say it’s been pretty neutral. Nothing too high or too low.
[Kyle] That's a helpful starting point. Let's focus today on identifying any specific areas where you'd like to see some change or improvement. Does that sound good to you?
[Jamie] I guess that sounds alright, but I’m not sure where to start.
[Kyle] That's completely okay, Jamie. Perhaps we could explore some recent situations that stood out to you, even if they seemed neutral. Would that be a good starting point?
[Jamie] Sure, but honestly, nothing really stands out lately. Everything just blends together.
[Kyle] It sounds like things have been feeling a bit monotonous. Maybe we could look at what a small change might look like for you. Is there anything, even a minor detail, that you'd be curious about exploring or shifting?
[Jamie] I haven’t really thought about it, but maybe trying something new could be interesting. Not sure what, though.
[Kyle] Trying something new can indeed be a great step. Let's brainstorm some possibilities together. What’s one activity you’ve been curious about, even if you haven’t tried it before?
[Jamie] Hmm, maybe something like cooking a new recipe. I haven’t done much of that.
[Kyle] Cooking a new recipe could be a fun way to break the routine. How about we make an action plan for you to try cooking one new recipe this week? Would that feel achievable for you?
[Jamie] Yeah, I think I could give that a shot.
[Kyle] Great! Let's decide on a day and time that works for you to try this new recipe. Do you have any specific preferences or cuisines in mind?
[Jamie] Not really, I’m open to whatever. Maybe something simple to start with would be best.
",42,18,"{""ctrs_evaluation"": [{""item_name"": ""Agenda"", ""score"": 1, ""rationale"": ""The therapist transitioned from the previous session and identified specific goals for the session by focusing on areas for change. However, there was no review of an Action Plan or mood check, and significant events were not identified.""}, {""item_name"": ""Feedback"", ""score"": 1, ""rationale"": ""The therapist ensured the client understood the plan to try a new recipe, but did not ascertain the client's reaction to the session or respond to feedback throughout.""}, {""item_name"": ""Understanding"", ""score"": 2, ""rationale"": ""The therapist consistently listened and reflected the client's statements, acknowledging the monotonous feeling and exploring small changes.""}, {""item_name"": ""Interpersonal Effectiveness"", ""score"": 2, ""rationale"": ""The therapist demonstrated concern for the client and maintained professional behavior, but there was limited evidence of providing positive reinforcement.""}, {""item_name"": ""Collaboration"", ""score"": 2, ""rationale"": ""The therapist asked for client input when setting the agenda and determining the Action Plan, but did not involve the client in selecting CBT techniques.""}, {""item_name"": ""Pacing and Efficient Use of Time"", ""score"": 1, ""rationale"": ""The session segments were appropriately allocated time, but there is no information on the total session duration to confirm it was completed within 40-60 minutes.""}, {""item_name"": ""Guided Discovery"", ""score"": 2, ""rationale"": ""The therapist designed the session to achieve a cognitive shift by exploring new activities, avoided bias, and assessed the shift by discussing the action plan.""}, {""item_name"": ""Focus on Key Cognitions and Behaviors"", ""score"": 2, ""rationale"": ""The therapist focused on the client's lack of engagement in activities and explored trying new activities as a way to break the routine.""}, {""item_name"": ""Strategy for Change"", ""score"": 2, ""rationale"": ""The therapist discussed a strategy to try new activities and used brainstorming as a technique to facilitate this change.""}, {""item_name"": ""Application of CBT Technique"", ""score"": 1, ""rationale"": ""The therapist applied brainstorming as a technique, but it was not clearly recognizable as a CBT technique likely to facilitate change.""}, {""item_name"": ""Action Plan"", ""score"": 2, ""rationale"": ""The therapist developed a new Action Plan based on the session, asked for client input, and ensured it was achievable by deciding on a simple recipe.""}], ""total_score"": 18}"
"direct, challenging, pragmatic",Becomes irrationally angry when they perceive any form of injustice or unfairness,"
[Kyle] Hi Jamie. Since our last conversation, what has been coming up for you that feels important to talk about today?
[Jamie] You know, it really grinds my gears how people can be so blatantly unfair and just get away with it. I had a situation come up where someone was treated completely unjustly at work, and the fact that no one seems to care or do anything about it makes my blood boil. How can people just stand by and let this happen?
[Kyle] It sounds like you're feeling really frustrated and perhaps even angry about the unfairness you witnessed. Let's take a moment to focus on understanding and challenging your thoughts around this. What specific thoughts keep running through your mind when you think about this situation?
[Jamie] I keep thinking that if we don't stand up against this kind of unfairness, then it will only continue to happen. It's just not right for someone to be treated poorly and for others to turn a blind eye. I feel like if I don't do something, I'm just as bad as the people perpetuating the injustice.
[Kyle] I hear that it's really important to you to take a stand and not be complicit in the unfairness. Let's explore your belief that you're ""just as bad"" if you don't act. What evidence do you have for and against this thought?
[Jamie] For this thought, the evidence is mostly my own conscience telling me that ignoring injustice makes me part of the problem. I feel responsible to do something because it's the right thing to do. Against it, I guess I know logically that one person can't fix everything, and sometimes there are reasons or complexities I might not be aware of. But it's hard to shake the feeling that not doing anything is like silently agreeing with what's happening.
[Kyle] It's clear that your values are really driving this sense of responsibility. On one hand, we have your strong conviction about standing up for what's right, and on the other, the logic that acknowledges potential complexity and limits. Considering both perspectives, what might be a balanced way for you to approach this situation?
[Jamie] Maybe I can focus on what I can do realistically, like having a conversation with someone who can make a difference or offering support to the person who was affected. I need to remind myself that taking some action, no matter how small, is still better than doing nothing.
[Kyle] That sounds like a practical and meaningful way to engage with the situation. Taking feasible steps, like having conversations and offering support, can align with your values without overwhelming you. Let's consider creating a specific plan for how you might do this. What steps could you take next?
[Jamie] I could start by reaching out to the person who was treated unfairly to check in and see how they're doing. Then, if they’re open to it, I could help them explore their options or find resources. I could also bring up the issue with a supervisor or someone at work who might have the power to address it. Taking these steps might help me feel like I'm actively contributing to a solution.
[Kyle] That approach sounds thoughtful and actionable. Checking in with the person and potentially speaking to someone with influence can be impactful ways to address the issue. How confident do you feel about going ahead with these steps, and is there any support you might need to get started?
[Jamie] I feel relatively confident about reaching out to the person, but the idea of bringing it up to someone in authority makes me a bit nervous. I might need some advice on how to approach that conversation effectively to make sure I'm heard and that it doesn't backfire somehow.
[Kyle] Your concern is valid; it's important to approach the conversation thoughtfully. You might consider preparing by outlining the key points you want to communicate and thinking about how to express them clearly and respectfully. Would it be helpful to role-play or practice this conversation to build your confidence?
[Jamie] Yeah, I think practicing would be really helpful. It might give me a chance to work through what I want to say and how I want to say it, so I feel more prepared when the time comes to actually have the conversation.
[Kyle] Great, practicing can definitely help build your confidence. Let's think about a few key points you might want to cover in this conversation. How about we start by identifying the main message you want to convey and any specific outcomes you're hoping for?
[Jamie] The main message I want to convey is that the treatment this person received was unfair and shouldn't be ignored. I hope to get a commitment from the authority figure to look into the situation and take it seriously. It would also be great if there could be some sort of follow-up action or change to prevent similar issues in the future.
",43,26,"{""ctrs_evaluation"": [{""item_name"": ""Agenda"", ""score"": 2, ""rationale"": ""The therapist transitioned from the previous session by asking what was important to discuss, identified significant events, and set specific goals for the session by focusing on Jamie's feelings about unfairness. However, there was no explicit review of an Action Plan or mood check.""}, {""item_name"": ""Feedback"", ""score"": 1, ""rationale"": ""The therapist responded to Jamie's concerns and ensured understanding of the treatment plan, but there was no evidence of ascertaining Jamie's reaction to the session or responding to feedback.""}, {""item_name"": ""Understanding"", ""score"": 3, ""rationale"": ""The therapist consistently listened, reflected Jamie's statements, and demonstrated empathy by acknowledging Jamie's frustration and anger about unfairness.""}, {""item_name"": ""Interpersonal Effectiveness"", ""score"": 3, ""rationale"": ""The therapist demonstrated concern, provided positive reinforcement, and maintained professional behavior. Additionally, they showed warmth and acceptance through their responses.""}, {""item_name"": ""Collaboration"", ""score"": 2, ""rationale"": ""The therapist asked for Jamie's input when exploring beliefs and determining the Action Plan, but there was no explicit invitation for participation in setting the agenda.""}, {""item_name"": ""Pacing and Efficient Use of Time"", ""score"": 2, ""rationale"": ""The therapist allocated appropriate time for session segments and kept the session focused, but there is no explicit mention of session duration.""}, {""item_name"": ""Guided Discovery"", ""score"": 3, ""rationale"": ""The therapist skillfully used guided discovery to help Jamie explore beliefs about unfairness and arrive at a balanced approach, assessing the cognitive shift effectively.""}, {""item_name"": ""Focus on Key Cognitions and Behaviors"", ""score"": 3, ""rationale"": ""The therapist focused on Jamie's key cognition of feeling responsible for addressing unfairness, which was relevant and impactful.""}, {""item_name"": ""Strategy for Change"", ""score"": 2, ""rationale"": ""The therapist discussed a strategy involving realistic actions Jamie could take and used cognitive restructuring, an evidence-based CBT technique.""}, {""item_name"": ""Application of CBT Technique"", ""score"": 2, ""rationale"": ""The therapist applied cognitive restructuring with sufficient skill, facilitating a cognitive shift in Jamie.""}, {""item_name"": ""Action Plan"", ""score"": 3, ""rationale"": ""The therapist reviewed the plan, asked for Jamie's input, developed a new plan, and ensured Jamie was capable of completing it, addressing potential obstacles.""}], ""total_score"": 26}"
"accepting, present-focused, gentle",Constantly fights against the reality of their pain leading to emotional distress,"
[Kyle] Hi Jamie. Since our last conversation, what has been coming up for you that feels important to talk about today?
[Jamie] Honestly, it's just that same crushing weight. I keep trying to push through the pain, but it never changes, and it feels like I'm just stuck in this endless cycle.
[Kyle] I'm sorry to hear that you're feeling stuck. It sounds like this cycle is really weighing you down. Let's explore how your thoughts and feelings are playing into this pattern and work together to find ways to start shifting it. How does that sound?
[Jamie] I get what you're saying, but it just feels like every time we talk about shifting things, nothing actually changes. It's hard to believe anything will make a difference.
[Kyle] It's understandable to feel discouraged when change feels elusive. Let's focus today on identifying one small, actionable step you might take that could offer a sense of movement, however slight. Would that be okay with you?
[Jamie] I guess we can try that, but I'm doubtful it'll lead to anything different.
[Kyle] I appreciate your willingness to try despite feeling doubtful. Sometimes even small steps can start to open up new perspectives. Let's take a look at what's been happening when you've tried to push through the pain, and see if we can identify a specific thought or behavior we might adjust. How does that sound to you?
[Jamie] Fine, let's look at it, but I'm not expecting any breakthroughs.
[Kyle] That’s okay—let’s explore it step-by-step. Can you describe a recent moment when you felt that crushing weight and what thoughts or actions followed?
[Jamie] There was this moment last week at work. I felt overwhelmed and told myself I just had to push through like always, but it only made things worse. It feels like I'm running against a brick wall.
[Kyle] It sounds like in that moment, the thought ""I just have to push through"" might have intensified the pressure. Let’s consider experimenting with an alternative thought or approach when you start feeling overwhelmed. What’s a small change you think could be helpful to try next time?
[Jamie] Maybe trying to take a break or step away for a moment instead of forcing myself to keep going. But honestly, I'm just skeptical it'll help.
[Kyle] Taking a break or stepping away could provide a bit of space to breathe, which might make it easier to manage the situation. How about we create a simple plan for trying that out next time you feel overwhelmed? Even if you’re skeptical, it might be worth experimenting with.
[Jamie] Alright, I'll give it a shot, but without much hope it'll change anything.
[Kyle] I appreciate your openness to trying it, even if you’re unsure of the outcome. Let’s specify when and how you might incorporate breaks during overwhelming moments at work, and we can check back next time on how it felt for you. Does that sound like a plan?
[Jamie] Yeah, that sounds like a plan. Let's see how it goes.
",44,21,"{""ctrs_evaluation"": [{""item_name"": ""Agenda"", ""score"": 1, ""rationale"": ""The therapist identified significant events and conducted a mood check but did not transition from the previous session or review an Action Plan.""}, {""item_name"": ""Feedback"", ""score"": 1, ""rationale"": ""The therapist ascertained the client's reaction but did not ensure the client understood/agreed with the treatment plan or respond appropriately to feedback.""}, {""item_name"": ""Understanding"", ""score"": 3, ""rationale"": ""The therapist consistently listened, reflected the client's statements, and demonstrated recognition of the client's emotional state through empathy.""}, {""item_name"": ""Interpersonal Effectiveness"", ""score"": 3, ""rationale"": ""The therapist demonstrated concern for the client, provided positive reinforcement, maintained professional behavior, and showed warmth and genuineness.""}, {""item_name"": ""Collaboration"", ""score"": 2, ""rationale"": ""The therapist asked for client input when setting the agenda and determining the Action Plan but did not consistently invite participation in every major decision.""}, {""item_name"": ""Pacing and Efficient Use of Time"", ""score"": 1, ""rationale"": ""The therapist allocated appropriate time for session segments but there is no evidence the session was completed within 40-60 minutes.""}, {""item_name"": ""Guided Discovery"", ""score"": 2, ""rationale"": ""The therapist designed the session to achieve a cognitive shift and avoided bias, but did not assess the shift after an intervention.""}, {""item_name"": ""Focus on Key Cognitions and Behaviors"", ""score"": 2, ""rationale"": ""The therapist focused on specific cognitions and behaviors associated with the agenda items.""}, {""item_name"": ""Strategy for Change"", ""score"": 2, ""rationale"": ""The therapist discussed an overall strategy and used an appropriate evidence-based technique.""}, {""item_name"": ""Application of CBT Technique"", ""score"": 2, ""rationale"": ""The therapist applied a CBT technique with sufficient skill that it was recognizable and likely to facilitate change.""}, {""item_name"": ""Action Plan"", ""score"": 2, ""rationale"": ""The therapist reviewed the previous Action Plan, asked for client input on the new plan, and developed a new plan based on the current session.""}], ""total_score"": 21}"
"supportive, focused, structured",Young adult overwhelmed by the responsibilities and demands of their first full-time job,"
[Kyle] To begin, could you share what has been most difficult or concerning for you lately?
[Jamie] I've been feeling really overwhelmed by all the responsibilities at my new job. It's my first full-time position, and I'm anxious about not meeting expectations and failing.
[Kyle] Thank you for sharing that with me. It sounds like the pressure of wanting to succeed in your new role is weighing heavily on you. Let's work together to understand these feelings and develop strategies to manage them. How does that sound for our session goals today?
[Jamie] Yeah, that sounds good. I think I really need some strategies to handle this stress and anxiety better.
[Kyle] Great, let's explore some strategies that can help. To start, can you describe a specific situation at work that triggers your anxiety? This will help us identify thoughts and behaviors we can address.
[Jamie] One situation that triggers my anxiety is when I'm given a new project or task and have to meet tight deadlines. I'm worried I won't do it well enough or on time, and it stresses me out a lot.
[Kyle] It sounds like facing new tasks and deadlines brings about worries of not meeting expectations, which is understandable. Let’s focus on breaking down these tasks into smaller, manageable steps and develop a plan for prioritizing them. How does that approach sound to you?
[Jamie] That sounds like it could really help. Breaking things down might make everything feel less overwhelming.
[Kyle] Excellent. Let's create a step-by-step plan together. First, identify the main components of a typical task. Then, we'll prioritize them and set realistic timeframes for each part. How does that approach fit with your work style?
[Jamie] I think that approach would definitely fit my work style. Having a clear plan might help me manage my anxiety better.
[Kyle] I'm glad to hear that. Let's practice breaking down a current task into smaller steps now, if you have one in mind. This will give us a chance to detail the plan and see how it feels for you.
[Jamie] Sure, I have a report I need to complete by the end of the week. We could try breaking that down into smaller steps to see how it goes.
[Kyle] Perfect. Let's start by outlining the key steps for the report, such as gathering data, drafting sections, and reviewing your work. Then, we can allocate time for each step to make it manageable. Does that sound like a good plan?
[Jamie] Yeah, that sounds like a solid plan. I think having clear steps will help me focus and not feel so overwhelmed.
[Kyle] Great to hear that. As you begin this process, notice which steps feel most challenging and we can explore strategies for those. How would you feel about trying this approach for your report and checking in next session on how it went?
[Jamie] I feel like that's a good idea. I'll try breaking it down and see how it goes, and we can discuss it next time.
",45,31,"{""ctrs_evaluation"": [{""item_name"": ""Agenda"", ""score"": 3, ""rationale"": ""The therapist transitioned from the previous session, identified significant events, reviewed the action plan, conducted a mood check, and identified specific goals for the session. The therapist also ensured that the client's concerns were addressed and prioritized.""}, {""item_name"": ""Feedback"", ""score"": 2, ""rationale"": ""The therapist ascertained the client's reaction and ensured the client understood and agreed with the treatment plan. However, there was no evidence of fluidly requesting feedback throughout the session.""}, {""item_name"": ""Understanding"", ""score"": 3, ""rationale"": ""The therapist consistently listened and reflected the client's statements and demonstrated recognition of the client's emotional state through empathy, discussing it within the context of the conceptualization.""}, {""item_name"": ""Interpersonal Effectiveness"", ""score"": 3, ""rationale"": ""The therapist demonstrated concern for the client, provided positive reinforcement, maintained professional behavior, and showed warmth, genuineness, and unconditional acceptance through words and expressions.""}, {""item_name"": ""Collaboration"", ""score"": 3, ""rationale"": ""The therapist asked for client input when setting the agenda, selecting CBT techniques, and determining the action plan, consistently inviting the client's participation in every major session decision.""}, {""item_name"": ""Pacing and Efficient Use of Time"", ""score"": 2, ""rationale"": ""The therapist allocated appropriate time for all session segments and the session was likely completed within 40-60 minutes, but there is no evidence of seamless pacing or limiting unproductive discussion.""}, {""item_name"": ""Guided Discovery"", ""score"": 3, ""rationale"": ""The therapist designed the session to achieve a cognitive shift, avoided bias, assessed the shift after intervention, and skillfully used discovery to help the client arrive at their own conclusions.""}, {""item_name"": ""Focus on Key Cognitions and Behaviors"", ""score"": 3, ""rationale"": ""The therapist focused on specific cognitions and behaviors associated with the agenda items and the most relevant cognitions/behaviors with the greatest promise for positive impact.""}, {""item_name"": ""Strategy for Change"", ""score"": 3, ""rationale"": ""The therapist discussed an overall strategy with the client, used an appropriate evidence-based CBT technique, explained the rationale, offered options, and obtained the client's agreement.""}, {""item_name"": ""Application of CBT Technique"", ""score"": 3, ""rationale"": ""The therapist applied a CBT technique with sufficient skill, demonstrating comfort and technical correctness, facilitating change in a motivated client.""}, {""item_name"": ""Action Plan"", ""score"": 3, ""rationale"": ""The therapist reviewed the previous action plan, asked for client input, developed a new plan, ensured the client was capable of completing it, assessed the likelihood of completion, and addressed potential obstacles.""}], ""total_score"": 31}"
"warm, empathetic, patient",Obsessed with the color or tone of their skin using excessive products/procedures,"
[Kyle] Since this is our first time meeting, can you tell me what has been affecting you most or prompting you to seek support right now?
[Jamie] It's just... I'm always thinking about my skin tone. I've become obsessed with it, and it's hard to focus on anything else sometimes.
[Kyle] Thank you for sharing that with me. It sounds like these thoughts about your skin tone are really consuming your attention and impacting your daily life. Let's aim to explore this deeper today. How does that sound to you?
[Jamie] I guess that's alright. It's just a bit embarrassing, you know?
[Kyle] I completely understand, and I want you to know this is a safe space where you can express yourself without judgment. It's brave of you to discuss these feelings. Shall we explore how these thoughts affect your emotions and daily activities?
[Jamie] Okay... I notice that I'm often anxious or ashamed about it. It affects my mood and how I interact with people.
[Kyle] Thank you for sharing that. It seems like these thoughts might be linked to feelings of anxiety and shame, which then influence your interactions. Would you like to work on understanding and addressing some of these thoughts together?
[Jamie] Yeah, I think I'd like that. It might help to have some clarity.
[Kyle] Great, together we can start examining these thoughts and see if there are patterns or assumptions we can work with. Would you be open to exploring what specific thoughts tend to trigger the strongest emotions?
[Jamie] Sure, I can try to think about specific thoughts. It's mostly when I compare myself to others or feel like my skin isn't how I want it to be.
[Kyle] That sounds really challenging, and it's understandable that those comparisons can lead to strong emotions. Let's take a closer look at one of those thoughts. How might we challenge or reframe a specific thought to help reduce its impact on how you feel?
[Jamie] Maybe I can remind myself that everyone has different skin, and that's okay. But it's hard to believe that sometimes.
[Kyle] That's a great start—acknowledging diversity in skin tones as something natural and okay. It can take time to truly believe it, but it’s a helpful perspective. Would you be interested in practicing this reframe as part of an action plan? Perhaps noting down each time you successfully challenge a comparison thought?
[Jamie] I think I could try that. It might help to have something tangible to look back on.
[Kyle] That sounds like a solid plan. Let's set a goal for you to jot down these moments and reflect on them. Would it be helpful to review your progress together next time?
[Jamie] Yeah, I'd like that. It might help to see if I'm making any progress.
",46,22,"{""ctrs_evaluation"": [{""item_name"": ""Agenda"", ""score"": 1, ""rationale"": ""The therapist initiated the session by asking about the client's main concerns, but did not explicitly set a structured agenda or review a previous action plan, as this was the first session.""}, {""item_name"": ""Feedback"", ""score"": 1, ""rationale"": ""The therapist asked for the client's agreement to explore thoughts and emotions, but did not consistently seek feedback throughout the session.""}, {""item_name"": ""Understanding"", ""score"": 3, ""rationale"": ""The therapist consistently listened, reflected the client's statements, and demonstrated empathy by acknowledging the client's feelings of embarrassment and anxiety.""}, {""item_name"": ""Interpersonal Effectiveness"", ""score"": 3, ""rationale"": ""The therapist demonstrated warmth and genuineness, providing a safe space for the client to express themselves without judgment.""}, {""item_name"": ""Collaboration"", ""score"": 2, ""rationale"": ""The therapist asked for the client's input when exploring thoughts and creating an action plan, but did not consistently invite participation in every major decision.""}, {""item_name"": ""Pacing and Efficient Use of Time"", ""score"": 1, ""rationale"": ""The dialogue suggests a focus on key issues, but there is no evidence of efficient time management or session length control.""}, {""item_name"": ""Guided Discovery"", ""score"": 2, ""rationale"": ""The therapist facilitated a cognitive shift by helping the client reframe thoughts about skin tone, but did not assess the impact of this shift.""}, {""item_name"": ""Focus on Key Cognitions and Behaviors"", ""score"": 3, ""rationale"": ""The therapist focused on specific thoughts and emotions related to the client's skin tone obsession, which are highly relevant to the client's concerns.""}, {""item_name"": ""Strategy for Change"", ""score"": 2, ""rationale"": ""The therapist discussed a strategy involving thought reframing and used a CBT technique to address the client's concerns.""}, {""item_name"": ""Application of CBT Technique"", ""score"": 2, ""rationale"": ""The therapist applied a CBT technique of cognitive restructuring with sufficient skill to facilitate change.""}, {""item_name"": ""Action Plan"", ""score"": 2, ""rationale"": ""The therapist developed a new action plan with the client, involving tracking and reflecting on thought challenges, but did not assess potential obstacles.""}], ""total_score"": 22}"
"structured, mediatory, educational",Depression and anxiety from the loss of a strong romantic connection post-baby,"
[Kyle] Hi Jamie. Since our last conversation, what has been coming up for you that feels important to talk about today?
[Jamie] I've been feeling really lost and stuck. It's hard to shake the sense of emptiness since everything changed between us after the baby.
[Kyle] It sounds like you're experiencing a lot of emotions related to changes in your relationship and the new dynamics since having a baby. Let's set a goal for today's session. Would exploring these feelings and working to understand them better be helpful for you?
[Jamie] Yeah, I think understanding why I feel this way might help. It's just been tough to make sense of it all.
[Kyle] I understand. Let's focus on identifying and examining some of the thoughts and beliefs you're having around these changes. How does that sound as a starting point?
[Jamie] That sounds like a good place to start. I'm willing to try.
[Kyle] Great. Let's start by exploring what specific thoughts come to mind when you notice the feeling of emptiness. Can you recall any recent situations where this feeling was particularly strong?
[Jamie] It hits me most when I'm alone at night after the baby is asleep. I start thinking about how distant things have become between us and feel like I'm missing a part of myself.
[Kyle] Thank you for sharing that. When you have these thoughts about distance and missing a part of yourself, what beliefs or assumptions do you notice about your relationship or your own identity?
[Jamie] I often feel like I'm not enough, like I've lost the connection that made me feel whole. It's as if I'm failing both as a partner and as myself.
[Kyle] It sounds like you're carrying some heavy and self-critical beliefs about yourself and your role as a partner. Let's work on examining these beliefs to see if they reflect the whole picture. Would you be open to exploring some evidence that may support or contradict these thoughts?
[Jamie] I guess I'm open to that. Maybe seeing things differently could help.
[Kyle] Great. Let's start by thinking of any recent experiences that might contradict the belief that you're not enough. Can you recall a moment when you felt you were a supportive partner or true to yourself?
[Jamie] There was a time last week when I managed to juggle everything with the baby and still made time for a heartfelt conversation with my partner. It felt good to connect, even if just for a moment.
[Kyle] That sounds like a meaningful moment where you were able to balance and connect. Let's explore how you can build on these moments of connection and recognize your strengths. How might you encourage more of these experiences moving forward?
[Jamie] Maybe I could try setting aside a little more dedicated time for us, even if it's just for a short while each day, to nurture that connection.
",47,27,"{""ctrs_evaluation"": [{""item_name"": ""Agenda"", ""score"": 2, ""rationale"": ""The therapist transitioned from the previous session, identified significant events, and set specific goals for the session by focusing on Jamie's feelings and thoughts about the relationship changes.""}, {""item_name"": ""Feedback"", ""score"": 1, ""rationale"": ""The therapist ascertained the client's reaction and ensured understanding of the session's focus, but did not fluidly request feedback throughout the session.""}, {""item_name"": ""Understanding"", ""score"": 3, ""rationale"": ""The therapist consistently listened and reflected Jamie's statements, demonstrating empathy and understanding of Jamie's emotional state within the context of the relationship changes.""}, {""item_name"": ""Interpersonal Effectiveness"", ""score"": 3, ""rationale"": ""The therapist demonstrated concern, provided positive reinforcement, and maintained professional behavior, showing warmth and acceptance through the session.""}, {""item_name"": ""Collaboration"", ""score"": 3, ""rationale"": ""The therapist invited Jamie's participation in setting the agenda, selecting techniques, and determining the action plan, resulting in a mutually agreeable direction.""}, {""item_name"": ""Pacing and Efficient Use of Time"", ""score"": 2, ""rationale"": ""The therapist allocated appropriate time for session segments and maintained focus, though the overall session timing is not explicitly mentioned.""}, {""item_name"": ""Guided Discovery"", ""score"": 3, ""rationale"": ""The therapist skillfully used guided discovery to help Jamie arrive at her own conclusions about her beliefs and assessed the impact of these cognitive shifts.""}, {""item_name"": ""Focus on Key Cognitions and Behaviors"", ""score"": 3, ""rationale"": ""The therapist focused on the most relevant cognitions and beliefs related to Jamie's feelings of emptiness and self-worth, which have a significant impact on her situation.""}, {""item_name"": ""Strategy for Change"", ""score"": 2, ""rationale"": ""The therapist discussed an overall strategy with Jamie and used cognitive restructuring as an evidence-based CBT technique.""}, {""item_name"": ""Application of CBT Technique"", ""score"": 2, ""rationale"": ""The therapist applied cognitive restructuring with sufficient skill, which was recognizable and likely to facilitate change.""}, {""item_name"": ""Action Plan"", ""score"": 3, ""rationale"": ""The therapist reviewed the previous plan, asked for Jamie's input, and developed a new plan to nurture connection, addressing potential obstacles.""}], ""total_score"": 27}"
"calm, structured, supportive","Experienced severe prolonged bullying by a superior resulting in hypervigilance at work, presents self-injury for pain relief","
[Kyle] To begin, could you share what has been most difficult or concerning for you lately?
[Jamie] I've been feeling really anxious at work, constantly on edge because of my boss. It's like I'm always waiting for the next attack.
[Kyle] I hear that you're experiencing a lot of anxiety and stress at work, especially related to your interactions with your boss. That must be quite challenging. Could we work together today to explore this anxiety and find ways to manage it more effectively? How does that sound to you?
[Jamie] I guess that could be helpful. I'm just not sure how to feel less on edge.
[Kyle] We can definitely explore some strategies to help reduce that feeling of being on edge. One approach we might consider is identifying specific thoughts or situations that trigger the anxiety and examining them more closely. Are you open to trying that today?
[Jamie] Yeah, I can give that a try. It's mostly when I have to interact with my boss, especially if there's a chance of criticism.
[Kyle] Thank you for sharing that. Let's start by examining a recent situation when you had to interact with your boss and felt anxious. Can you describe the event and the thoughts that went through your mind at that time?
[Jamie] There was a meeting last week where I had to present. I kept thinking I’d mess up and my boss would call me out in front of everyone. I felt like I couldn't breathe.
[Kyle] It sounds like the thought of messing up and potentially being criticized in front of everyone was really distressing for you. Let's explore that thought further. What evidence do you have for and against the idea that you would mess up?
[Jamie] Well, I've never actually messed up a presentation before, but my boss often finds faults or criticizes the smallest things. So, I feel like it’s bound to happen eventually.
[Kyle] It's understandable why you would feel anxious given your boss's tendency to criticize. On one hand, your past experience shows that you are capable of successfully delivering presentations. On the other hand, the fear of criticism seems to be what's amplifying your anxiety. How might it change your experience if we focus on what you can control and how you can prepare for feedback differently?
[Jamie] If I could focus more on my preparation and remind myself of past successes, maybe I wouldn’t feel as anxious. But I'm still scared of the criticism.
[Kyle] That's a great insight. Focusing on preparation and past successes can be empowering. To address the fear of criticism, we might explore ways to reinterpret feedback as an opportunity for growth rather than a personal attack. How do you feel about working on re-framing criticism in that way?
[Jamie] I know it makes sense logically, but I still struggle to separate it from feeling like a personal attack. Maybe if I practice it more, it could help.
[Kyle] Practicing this re-framing can definitely help over time. As part of your action plan, would you be willing to note down instances of criticism and actively practice viewing them as learning opportunities? This could help reinforce the new perspective.
[Jamie] I can try doing that. Taking note of it might make me see things differently, even if it’s just a little bit at first.
",48,26,"{""ctrs_evaluation"": [{""item_name"": ""Agenda"", ""score"": 2, ""rationale"": ""The therapist transitioned from the previous session, identified significant events, conducted a mood check, and identified specific goals for the session. However, there was no explicit review of an Action Plan.""}, {""item_name"": ""Feedback"", ""score"": 1, ""rationale"": ""The therapist ensured the client understood and agreed with the treatment plan, but did not ascertain the client's reaction or respond to feedback throughout the session.""}, {""item_name"": ""Understanding"", ""score"": 3, ""rationale"": ""The therapist consistently listened and reflected the client's statements, demonstrating recognition of the client's emotional state through empathy and discussing it within the context of the conceptualization.""}, {""item_name"": ""Interpersonal Effectiveness"", ""score"": 3, ""rationale"": ""The therapist demonstrated concern, provided positive reinforcement, maintained professional behavior, and showed warmth and genuineness throughout the session.""}, {""item_name"": ""Collaboration"", ""score"": 3, ""rationale"": ""The therapist consistently invited the client's participation in setting the agenda, selecting techniques, and determining the Action Plan, resulting in a mutually agreeable direction.""}, {""item_name"": ""Pacing and Efficient Use of Time"", ""score"": 2, ""rationale"": ""The therapist allocated appropriate time for session segments and completed the session within the typical timeframe, but there is no evidence of seamless pacing or limiting unproductive discussion.""}, {""item_name"": ""Guided Discovery"", ""score"": 3, ""rationale"": ""The therapist skillfully used guided discovery to help the client arrive at their own conclusions and assessed the impact of the cognitive shift.""}, {""item_name"": ""Focus on Key Cognitions and Behaviors"", ""score"": 3, ""rationale"": ""The therapist focused on the most relevant cognitions and behaviors, specifically the client's anxiety and fear of criticism, which have the greatest promise for positive impact.""}, {""item_name"": ""Strategy for Change"", ""score"": 2, ""rationale"": ""The therapist discussed an overall strategy and used an appropriate CBT technique, but did not explain the rationale for the technique or offer other options.""}, {""item_name"": ""Application of CBT Technique"", ""score"": 2, ""rationale"": ""The therapist applied a CBT technique with sufficient skill, recognizable as likely to facilitate change in a motivated client, but did not demonstrate comfort and technical correctness.""}, {""item_name"": ""Action Plan"", ""score"": 2, ""rationale"": ""The therapist reviewed the previous Action Plan, asked for client input on the new plan, and developed a new plan based on the current session, but did not ensure the client was capable of completing the plan or address potential obstacles.""}], ""total_score"": 26}"
"methodical, structured, coaching-style","Stalls on minor daily decisions (what to eat what to wear) due to fear of the ""wrong"" choice","
[Kyle] Hi Jamie. As we get started today, what's been on your mind recently?
[Jamie] Hi. I've been really stuck on deciding what to have for lunch. I just keep worrying that I might pick something that I won't even enjoy, and then I'll feel like I wasted my meal. It's so silly, but I can't help it.
[Kyle] Thanks for sharing that, Jamie. It sounds like you're feeling a bit anxious about making the ""right"" choice for lunch. Let's talk about what might be underlying this worry. What do you think is at the core of this concern?
[Jamie] I guess it's the fear of making a mistake and regretting it. I feel like I'm constantly second-guessing myself and worried that I'll end up unhappy with my decision. It's like every choice, no matter how small, feels so final.
[Kyle] It's understandable to feel anxious when decisions seem final and carry the weight of potential regret. Let's explore how this thought pattern impacts other areas of your life. Would you say this fear of making mistakes crops up frequently for you?
[Jamie] Yeah, it definitely does. It's not just food—it's what to wear, what task to do first at work, even what movie to watch. I end up spending so much time debating each choice that I just feel overwhelmed.
[Kyle] I see that this pattern of second-guessing decisions is affecting various aspects of your daily life, leaving you feeling overwhelmed. How would you feel about working on a strategy together to help manage these decision-making moments more effectively?
[Jamie] I think that could be helpful. It would be nice to find a way to feel more confident in my choices and not get so caught up in the fear.
[Kyle] Great! Let's start by breaking down the decision-making process. One strategy is to set a time limit for making a decision and focus on the benefits of each option rather than the potential regret. How does that sound as a first step?
[Jamie] It sounds like it could work. I think having a set time might stop me from overthinking, and focusing on positives feels less stressful. It might be a good way to start changing my mindset.
[Kyle] I'm glad that resonates with you, Jamie. Let's plan for you to practice this with smaller decisions this week, like choosing meals or outfits. Would you like to set a specific goal around this for the week ahead?
[Jamie] Sure, I could try doing that. Maybe I can aim to decide on meals within five minutes and outfits within ten. It sounds like a manageable start.
[Kyle] That sounds like a solid plan. Deciding on meals in five minutes and outfits in ten is achievable and will give you a chance to practice staying focused on the positives. Before our next session, keep track of how this approach works for you. How do you feel about this plan?
[Jamie] I feel a bit nervous about it, but I'm willing to give it a try. Hopefully, it will help me feel less stuck in my decisions. I'll make a note of how it goes.
[Kyle] It's okay to feel a bit nervous, Jamie, and it's great that you're willing to give it a try. Remember, this is about practice and noticing any changes in your thought patterns. I'm here to support you through this. We'll review how it went in our next session. How does that sound?
[Jamie] That sounds good. I appreciate the support, and I'm looking forward to seeing if it makes a difference. I'll do my best to keep an open mind.
",49,26,"{""ctrs_evaluation"": [{""item_name"": ""Agenda"", ""score"": 1, ""rationale"": ""The therapist did not explicitly set an agenda or review the previous session, but they did identify a significant event (Jamie's difficulty with decision-making) and set a specific goal for the session.""}, {""item_name"": ""Feedback"", ""score"": 2, ""rationale"": ""The therapist ascertained Jamie's reaction to the proposed strategy, ensured understanding and agreement, and responded appropriately to Jamie's feedback.""}, {""item_name"": ""Understanding"", ""score"": 3, ""rationale"": ""The therapist consistently listened and reflected Jamie's statements, demonstrated empathy, and discussed Jamie's emotional state within the context of the conceptualization.""}, {""item_name"": ""Interpersonal Effectiveness"", ""score"": 3, ""rationale"": ""The therapist demonstrated concern, provided positive reinforcement, maintained professional behavior, and showed warmth and acceptance throughout the session.""}, {""item_name"": ""Collaboration"", ""score"": 3, ""rationale"": ""The therapist invited Jamie's participation in setting the agenda, selecting CBT techniques, and determining the action plan, resulting in a mutually agreeable direction.""}, {""item_name"": ""Pacing and Efficient Use of Time"", ""score"": 2, ""rationale"": ""The therapist allocated appropriate time for session segments and likely completed the session within 40-60 minutes, although exact timing is not specified.""}, {""item_name"": ""Guided Discovery"", ""score"": 2, ""rationale"": ""The therapist designed the session to achieve a cognitive shift by exploring Jamie's thought patterns and proposing a strategy, but did not assess the impact of the shift.""}, {""item_name"": ""Focus on Key Cognitions and Behaviors"", ""score"": 3, ""rationale"": ""The therapist focused on Jamie's fear of making mistakes and second-guessing, which are relevant cognitions with potential for positive impact.""}, {""item_name"": ""Strategy for Change"", ""score"": 2, ""rationale"": ""The therapist discussed an overall strategy with Jamie and used an appropriate evidence-based CBT technique (setting time limits and focusing on positives).""}, {""item_name"": ""Application of CBT Technique"", ""score"": 2, ""rationale"": ""The therapist applied a CBT technique with sufficient skill that it was recognizable and likely to facilitate change in a motivated client.""}, {""item_name"": ""Action Plan"", ""score"": 3, ""rationale"": ""The therapist reviewed the action plan, asked for Jamie's input, developed a new plan, ensured Jamie was capable of completing it, and addressed potential obstacles.""}], ""total_score"": 26}"
"direct, challenging, pragmatic",Parents disagree on the amount and frequency of financial support given to adult children,"
[Kyle] To begin, could you share what has been most difficult or concerning for you lately?
[Jamie] I've been really conflicted about how my parents disagree on supporting us financially as adults. It makes me feel guilty and resentful at the same time.
[Kyle] It sounds like you're experiencing a mix of guilt and resentment over your parents' differing views on financial support. Let's set a goal for today: to understand these emotions better and explore how you can manage them. How does that sound to you?
[Jamie] Yeah, that sounds good. I think understanding why I feel this way would help a lot.
[Kyle] Great. Let's start by examining the thoughts that come up when your parents disagree about their financial support. Can you identify any specific thoughts or beliefs that might be contributing to your feelings of guilt or resentment?
[Jamie] I often think that accepting their help means I'm not independent enough, which leads to guilt. But I also resent feeling stuck between their differing expectations, like I’m somehow the cause of their arguments.
[Kyle] You've identified some key thoughts: feeling dependent and feeling responsible for their arguments. Let's explore the evidence you have for and against these beliefs. How might this help shift your perspective on the situation?
[Jamie] Exploring the evidence might help me see if my feelings are justified or if I'm being too hard on myself. It might also help me understand their views better and figure out if there’s a way to manage the situation without taking all the blame.
[Kyle] Precisely. By analyzing the evidence, you can better assess whether your thoughts are accurate or if they're perhaps exaggerated. This approach can help you see the situation more clearly and identify practical steps you can take to respond differently. Shall we look into some possible evidence now?
[Jamie] Yeah, that sounds like a good place to start. Let's do it.
[Kyle] Alright, let's start with the thought, ""Accepting help means I'm not independent enough."" Can you think of any evidence that supports or contradicts this belief?
[Jamie] Well, I guess supporting the belief is the fact that I should be more self-sufficient by now. But contradicting it, I know that many people my age also get help from their parents, and it doesn’t necessarily mean they aren’t independent.
[Kyle] You've noted that while there's societal pressure to be self-sufficient, receiving help doesn't inherently mean a lack of independence, as it's common among your peers. How does recognizing this affect your feelings about accepting their support?
[Jamie] Acknowledging that it’s common might help reduce the guilt I feel about needing support. It makes me realize that I'm not alone and that accepting help doesn’t define my independence.
[Kyle] That's a valuable realization. Reducing guilt can make it easier to focus on the present, rather than being stuck in self-doubt. Now, let's consider the belief that you're the cause of their arguments. What evidence do you have on both sides of that thought?
[Jamie] Supporting that belief is how often their disagreements seem to center around me and my siblings. But contradicting it, their arguments are also about other issues, so it might just be one part of a bigger picture.
",50,29,"{""ctrs_evaluation"": [{""item_name"": ""Agenda"", ""score"": 3, ""rationale"": ""The therapist effectively transitioned from the previous session, identified significant events, reviewed the action plan, conducted a mood check, and set specific goals for the session. The therapist ensured that the client's concerns were addressed and prioritized.""}, {""item_name"": ""Feedback"", ""score"": 2, ""rationale"": ""The therapist ascertained the client's reaction to the session goals and ensured the client understood and agreed with the treatment plan. However, there was no evidence of fluidly requesting feedback throughout the session.""}, {""item_name"": ""Understanding"", ""score"": 3, ""rationale"": ""The therapist consistently listened and reflected the client's statements, demonstrating recognition of the client's emotional state through empathy and discussing it within the context of the conceptualization.""}, {""item_name"": ""Interpersonal Effectiveness"", ""score"": 3, ""rationale"": ""The therapist demonstrated concern for the client, provided positive reinforcement, maintained professional behavior, and showed warmth and genuineness throughout the session.""}, {""item_name"": ""Collaboration"", ""score"": 3, ""rationale"": ""The therapist consistently invited the client's participation in setting the agenda, selecting CBT techniques, and determining the action plan, resulting in a mutually agreeable direction.""}, {""item_name"": ""Pacing and Efficient Use of Time"", ""score"": 2, ""rationale"": ""The therapist allocated appropriate time for all session segments and likely completed the session within 40-60 minutes. However, there is no evidence of seamless pacing or limiting unproductive discussion.""}, {""item_name"": ""Guided Discovery"", ""score"": 3, ""rationale"": ""The therapist skillfully used guided discovery to help the client arrive at their own conclusions and assessed the impact of the cognitive shift, facilitating a deeper understanding of the client's thoughts and beliefs.""}, {""item_name"": ""Focus on Key Cognitions and Behaviors"", ""score"": 3, ""rationale"": ""The therapist focused on the most relevant cognitions and behaviors with the greatest promise for positive impact, such as the client's beliefs about independence and responsibility for parental arguments.""}, {""item_name"": ""Strategy for Change"", ""score"": 2, ""rationale"": ""The therapist discussed an overall strategy with the client and used an appropriate, identifiable evidence-based CBT technique to challenge and reframe the client's beliefs.""}, {""item_name"": ""Application of CBT Technique"", ""score"": 3, ""rationale"": ""The therapist applied CBT techniques with comfort and technical correctness, facilitating a cognitive shift in the client by examining evidence for and against their beliefs.""}, {""item_name"": ""Action Plan"", ""score"": 2, ""rationale"": ""The therapist reviewed the previous action plan, asked for client input on the new plan, and developed a new plan based on the current session. However, there was no evidence of ensuring the client's capability to complete the plan or addressing potential obstacles.""}], ""total_score"": 29}"
"accepting, present-focused, gentle","A high school student suffering from long-term bullying and isolation in school, poor self-image. Withdrawal from peers, difficulty expressing emotions, disordered eating patterns. Use minor self-injury activities to reduce pain","
[Kyle] Hi Jamie. As we get started today, what's been on your mind recently?
[Jamie] I dunno, everything just feels...empty.
[Kyle] That sounds really tough, Jamie. Can you tell me a bit more about what you mean by ""empty""?
[Jamie] Like, I'm here but not really feeling anything. Just numb.
[Kyle] It sounds like you're experiencing a sense of numbness, which can be really challenging. What does this numbness look like in your daily life?
[Jamie] I guess, I just go through the motions. Nothing seems to matter much.
[Kyle] I hear you. It sounds like you're feeling disconnected from things that usually bring you meaning or joy. What would you like to focus on during our session today?
[Jamie] I'm not sure. I guess, just being here is enough for now.
[Kyle] That's perfectly okay. Being here is an important step. Would it be helpful to explore some small ways to reconnect with the present moment or things you once enjoyed?
[Jamie] Maybe. I just don't know where to start.
[Kyle] How about we start by identifying one small activity that used to bring you some enjoyment, even if it's just a little? Does anything come to mind?
[Jamie] I used to like drawing, but I haven't done it in a while.
[Kyle] Drawing could be a gentle way to reconnect with something you enjoyed. How about we work on creating a small plan for you to try drawing again, maybe just for a few minutes this week? How does that sound?
[Jamie] I could try that, I guess.
[Kyle] Great! Let's set a simple goal, like drawing for ten minutes one day this week. Does that feel manageable to you?
[Jamie] Yeah, ten minutes sounds okay.
",51,14,"{""ctrs_evaluation"": [{""item_name"": ""Agenda"", ""score"": 1, ""rationale"": ""The therapist transitioned from the previous session and identified a specific goal for the session by suggesting exploring small ways to reconnect with the present moment. However, the therapist did not conduct a mood check, review an Action Plan, or identify significant events.""}, {""item_name"": ""Feedback"", ""score"": 1, ""rationale"": ""The therapist ascertained the client's reaction to drawing as a potential activity but did not ensure the client understood or agreed with a broader treatment plan, nor did they respond to feedback throughout the session.""}, {""item_name"": ""Understanding"", ""score"": 2, ""rationale"": ""The therapist consistently listened and reflected the client's statements, summarizing Jamie's feelings of numbness and disconnection.""}, {""item_name"": ""Interpersonal Effectiveness"", ""score"": 2, ""rationale"": ""The therapist demonstrated concern for Jamie, provided positive reinforcement by acknowledging the importance of being present, and maintained professional behavior.""}, {""item_name"": ""Collaboration"", ""score"": 1, ""rationale"": ""The therapist asked for client input when setting the agenda and selecting an activity (drawing), but did not involve the client in determining an Action Plan.""}, {""item_name"": ""Pacing and Efficient Use of Time"", ""score"": 1, ""rationale"": ""The therapist allocated time to discuss Jamie's feelings and potential activities, but there is no evidence of completing the session within 40-60 minutes.""}, {""item_name"": ""Guided Discovery"", ""score"": 1, ""rationale"": ""The therapist attempted to guide Jamie towards identifying an enjoyable activity but did not achieve a cognitive shift or assess the impact of such a shift.""}, {""item_name"": ""Focus on Key Cognitions and Behaviors"", ""score"": 2, ""rationale"": ""The therapist focused on Jamie's feelings of numbness and disconnection, which are relevant to the agenda items.""}, {""item_name"": ""Strategy for Change"", ""score"": 1, ""rationale"": ""The therapist suggested drawing as a strategy but did not discuss an overall strategy or use an identifiable evidence-based CBT technique.""}, {""item_name"": ""Application of CBT Technique"", ""score"": 0, ""rationale"": ""There was no recognizable application of a CBT technique in the dialogue.""}, {""item_name"": ""Action Plan"", ""score"": 2, ""rationale"": ""The therapist developed a new plan based on the session by suggesting Jamie try drawing for ten minutes, and asked for Jamie's input on the plan.""}], ""total_score"": 14}"
"methodical, structured, coaching-style",Depression secondary to managing a severe lifelong chronic disease,"
[Kyle] To begin, could you share what has been most difficult or concerning for you lately?
[Jamie] I've been struggling a lot with the exhaustion that comes from managing my illness. It feels like it's never-ending and it makes everything else so much harder to handle.
[Kyle] I understand how exhausting and overwhelming that must feel for you. Let's focus on how this exhaustion affects your daily life and identify some practical goals for today's session. How does that sound to you?
[Jamie] It sounds alright, but it's hard to think about goals when just getting through the day feels like a marathon.
[Kyle] That's completely understandable. Let's start small and focus on manageable steps that can help make your day-to-day feel a bit more bearable. We can explore strategies today that might ease your path. What is one specific area where you feel additional support could make a difference?
[Jamie] I think having some support with managing daily tasks would help. Sometimes even simple things feel overwhelming.
[Kyle] Great, let's look into strategies that can help break down these tasks into smaller, more manageable steps. We could also explore creating a daily routine or a structured plan to reduce the overwhelm. Does this approach resonate with you?
[Jamie] Yes, breaking things down sounds like it might be helpful. A routine might give me some structure to hold onto.
[Kyle] Excellent. Creating a routine can provide a sense of control and predictability. We'll work together today to map out a structure that suits your needs. Let's start by identifying one or two tasks you find most challenging. Would that be okay?
[Jamie] Sure, that sounds okay. Getting started with the day and keeping up with household chores are really hard for me.
[Kyle] Got it. Let's focus on strategies to make starting your day and managing chores feel more achievable. We can explore setting up morning cues to help you get started and look at simplifying chore routines. How does that align with what you need?
[Jamie] That sounds like a good place to start. Simplifying things would definitely help.
[Kyle] Great. We'll explore specific techniques for this. For example, using a checklist for mornings or breaking chores into timed sessions. Let’s identify which might work best for you. What’s your initial thought on trying these methods?
[Jamie] I think using a checklist for mornings could work. It might help give me some direction when I feel lost.
[Kyle] A checklist can definitely offer guidance and structure. Let's create a simple morning checklist together, starting with just a few key tasks. How do you feel about starting with three essential items for your mornings?
[Jamie] Starting with just three sounds doable. It feels less overwhelming that way.
",52,24,"{""ctrs_evaluation"": [{""item_name"": ""Agenda"", ""score"": 2, ""rationale"": ""The therapist identified significant events, conducted a mood check, and set specific goals for the session, but did not review a previous Action Plan or transition from a previous session.""}, {""item_name"": ""Feedback"", ""score"": 1, ""rationale"": ""The therapist ascertained the client's reaction and ensured agreement with the treatment plan, but did not fluidly request feedback throughout the session.""}, {""item_name"": ""Understanding"", ""score"": 3, ""rationale"": ""The therapist consistently listened, reflected the client's statements, and demonstrated empathy by acknowledging the client's emotional state.""}, {""item_name"": ""Interpersonal Effectiveness"", ""score"": 3, ""rationale"": ""The therapist demonstrated concern, provided positive reinforcement, maintained professional behavior, and showed warmth and acceptance.""}, {""item_name"": ""Collaboration"", ""score"": 3, ""rationale"": ""The therapist consistently invited the client's participation in setting the agenda, selecting techniques, and determining the Action Plan.""}, {""item_name"": ""Pacing and Efficient Use of Time"", ""score"": 1, ""rationale"": ""The therapist allocated appropriate time for session segments but did not provide evidence of completing the session within 40-60 minutes.""}, {""item_name"": ""Guided Discovery"", ""score"": 2, ""rationale"": ""The therapist designed the session to achieve a cognitive shift and avoided bias, but did not assess the impact of the cognitive shift.""}, {""item_name"": ""Focus on Key Cognitions and Behaviors"", ""score"": 3, ""rationale"": ""The therapist focused on relevant cognitions and behaviors with the greatest promise for positive impact, such as managing daily tasks and creating a routine.""}, {""item_name"": ""Strategy for Change"", ""score"": 2, ""rationale"": ""The therapist discussed an overall strategy and used appropriate CBT techniques, such as breaking tasks into smaller steps and creating a checklist.""}, {""item_name"": ""Application of CBT Technique"", ""score"": 2, ""rationale"": ""The therapist applied a CBT technique with sufficient skill that it was recognizable and likely to facilitate change.""}, {""item_name"": ""Action Plan"", ""score"": 2, ""rationale"": ""The therapist developed a new Action Plan based on the session and asked for client input, but did not review a previous Action Plan.""}], ""total_score"": 24}"
"warm, empathetic, patient",Person remains silent in all group settings despite having valuable input,"
[Kyle] Before we dive in, I'd like to hear what's been happening for you since our last meeting. What feels most pressing right now?
[Jamie] Um, I've been feeling a bit... overwhelmed about speaking up. I guess that's what comes to mind.
[Kyle] Thank you for sharing that with me. Feeling overwhelmed about speaking up can be challenging. Would you like to set a goal for today's session to explore this further and perhaps work on strategies to help with this feeling?
[Jamie] I guess that sounds like a good idea.
[Kyle] Great. Together, let's work toward understanding what's behind these feelings and how we can work on strategies to manage them. How does that sound to you?
[Jamie] It sounds okay. I'll try to do my best.
[Kyle] I appreciate your willingness to engage with this, and doing your best is what matters. Let’s start by exploring situations where you feel overwhelmed about speaking up. Can you tell me about a recent experience?
[Jamie] Um, well, last week in our team meeting, I had a thought about the project, but I just couldn't bring myself to say anything.
[Kyle] I understand; team meetings can be intimidating. It sounds like you had valuable input but held back. What thoughts or feelings came up for you in that moment?
[Jamie] I was worried about saying the wrong thing and regretting it afterward.
[Kyle] It makes sense to be concerned about saying the wrong thing. It can be quite daunting. Would it be helpful to explore those thoughts more, perhaps by identifying any specific beliefs or assumptions that might be influencing this worry?
[Jamie] Yeah, I think that might help.
[Kyle] Alright. Let's try breaking it down. When you thought about speaking up, what was the specific thought or belief about what might happen?
[Jamie] I thought that maybe everyone would think my idea was silly or irrelevant.
[Kyle] Thank you for sharing that thought. It sounds like there's a fear of judgment or not being taken seriously. How might we begin to challenge that belief together?
[Jamie] I'm not sure... maybe by reminding myself of times when my ideas were appreciated?
",53,21,"{""ctrs_evaluation"": [{""item_name"": ""Agenda"", ""score"": 2, ""rationale"": ""The therapist transitioned from the previous session, identified significant events, and set specific goals for the session by discussing Jamie's feelings of being overwhelmed about speaking up.""}, {""item_name"": ""Feedback"", ""score"": 1, ""rationale"": ""The therapist ascertained the client's reaction and ensured the client agreed with the treatment plan but did not fluidly request feedback throughout the session.""}, {""item_name"": ""Understanding"", ""score"": 3, ""rationale"": ""The therapist consistently listened and reflected Jamie's statements, demonstrating empathy and understanding of Jamie's emotional state.""}, {""item_name"": ""Interpersonal Effectiveness"", ""score"": 3, ""rationale"": ""The therapist demonstrated warmth, genuineness, and unconditional acceptance through empathetic responses and positive reinforcement.""}, {""item_name"": ""Collaboration"", ""score"": 2, ""rationale"": ""The therapist asked for Jamie's input when setting the agenda and selecting techniques, but there was no evidence of determining an Action Plan collaboratively.""}, {""item_name"": ""Pacing and Efficient Use of Time"", ""score"": 1, ""rationale"": ""There is insufficient information to assess the overall pacing and time management of the session.""}, {""item_name"": ""Guided Discovery"", ""score"": 2, ""rationale"": ""The therapist designed the session to achieve a cognitive shift by exploring Jamie's thoughts and beliefs, avoiding bias or coercion.""}, {""item_name"": ""Focus on Key Cognitions and Behaviors"", ""score"": 3, ""rationale"": ""The therapist focused on Jamie's specific thoughts and beliefs about speaking up, which are relevant to the session's agenda and have the potential for positive impact.""}, {""item_name"": ""Strategy for Change"", ""score"": 2, ""rationale"": ""The therapist discussed an overall strategy by exploring Jamie's thoughts and beliefs and used cognitive restructuring techniques.""}, {""item_name"": ""Application of CBT Technique"", ""score"": 2, ""rationale"": ""The therapist applied cognitive restructuring techniques with sufficient skill to facilitate change in a motivated client.""}, {""item_name"": ""Action Plan"", ""score"": 0, ""rationale"": ""There was no evidence of reviewing a previous Action Plan, asking for client input on a new plan, or developing a new plan based on the current session.""}], ""total_score"": 21}"
"collaborative, direct, encouraging",Spends hours showering and changing clothes after touching perceived 'dirty' surfaces,"
[Kyle] Hello, Jamie. When you think about the past weeks or months, what feels most important for me to know about what you're going through?
[Jamie] The fact that I can’t touch anything without feeling completely disgusted is overwhelming. It’s like everything around me is contaminated, and I just can't seem to get clean, no matter how much I shower.
[Kyle] I can see how distressing that must be for you, and it's important to address these feelings. What you'd like to focus on today to help manage this overwhelming feeling?
[Jamie] I think understanding why I feel compelled to clean so excessively might help. I want to find a way to step back from this routine and feel less trapped by it.
[Kyle] That sounds like a productive goal for our session. Let's explore the thoughts and beliefs behind your compulsion to clean and see if we can identify any patterns there. How does that sound?
[Jamie] It sounds necessary. I just hope we can find something that makes this less exhausting.
[Kyle] Absolutely, it's important to work towards relief. Can you tell me about a recent situation where you felt compelled to clean, and what was going through your mind at that moment?
[Jamie] Just yesterday, I touched the doorknob at work. Immediately, I felt like I was covered in germs. The thought kept nagging at me that if I didn't clean myself thoroughly, I could get sick or spread something. It was consuming.
[Kyle] Thank you for sharing that. It seems like the automatic thought of getting sick or spreading germs is really powerful for you. Let's explore how accurate these thoughts might be and what evidence there really is for them. How does that approach feel to you?
[Jamie] That makes sense. I’m open to trying to look at these thoughts differently, even though it's hard to believe anything other than what I feel in those moments.
[Kyle] I understand that it can be challenging. Let's take it one step at a time and see if we can identify any alternative perspectives on these thoughts. What might be a gentler or more balanced way of viewing the situation with the doorknob?
[Jamie] Maybe recognizing that not every surface is as contaminated as it seems, and that I don’t always fall sick from touching things could be a start. It’s hard to internalize, but I can try.
[Kyle] That's a great insight, acknowledging that not every surface poses a real threat. Would you be interested in trying an experiment where we test this belief in a small, manageable way?
[Jamie] I think I could try. Having a controlled way to challenge these thoughts might make it feel less daunting.
[Kyle] Great to hear! Let's create a small experiment together. Perhaps you could touch a surface once a day that you might usually avoid, and then delay washing your hands for a brief period. How comfortable are you with starting there?
[Jamie] I can try that, though it's going to be difficult. Starting small sounds manageable, at least.
",54,29,"{""ctrs_evaluation"": [{""item_name"": ""Agenda"", ""score"": 2, ""rationale"": ""The therapist transitioned from previous sessions by asking about important issues and identified specific goals for the session, such as understanding the compulsion to clean. However, there was no explicit review of an Action Plan or mood check.""}, {""item_name"": ""Feedback"", ""score"": 2, ""rationale"": ""The therapist ascertained the client's reaction to the proposed strategies and ensured the client understood and agreed with the treatment plan, responding appropriately to feedback.""}, {""item_name"": ""Understanding"", ""score"": 3, ""rationale"": ""The therapist consistently listened and reflected the client's statements, demonstrating empathy and understanding of the client's emotional state, particularly the distress associated with contamination fears.""}, {""item_name"": ""Interpersonal Effectiveness"", ""score"": 3, ""rationale"": ""The therapist demonstrated warmth, genuineness, and concern for the client throughout the session, providing positive reinforcement and maintaining professional behavior.""}, {""item_name"": ""Collaboration"", ""score"": 3, ""rationale"": ""The therapist invited the client's participation in setting the agenda, selecting techniques, and determining the Action Plan, resulting in a mutually agreeable direction.""}, {""item_name"": ""Pacing and Efficient Use of Time"", ""score"": 2, ""rationale"": ""The therapist allocated appropriate time for session segments and maintained a focused discussion, though the session length is not specified.""}, {""item_name"": ""Guided Discovery"", ""score"": 3, ""rationale"": ""The therapist skillfully used guided discovery to help the client arrive at their own conclusions about contamination fears and assessed the impact of cognitive shifts.""}, {""item_name"": ""Focus on Key Cognitions and Behaviors"", ""score"": 3, ""rationale"": ""The therapist focused on the client's key cognitions and behaviors related to contamination fears, which are highly relevant and have the potential for significant positive impact.""}, {""item_name"": ""Strategy for Change"", ""score"": 3, ""rationale"": ""The therapist discussed an overall strategy, explained the rationale for the technique, offered options, and obtained the client's agreement to use it.""}, {""item_name"": ""Application of CBT Technique"", ""score"": 3, ""rationale"": ""The therapist applied a CBT technique with comfort and technical correctness, facilitating change by proposing an exposure experiment.""}, {""item_name"": ""Action Plan"", ""score"": 2, ""rationale"": ""The therapist developed a new Action Plan based on the session and asked for client input, though there was no explicit assessment of the likelihood of completion or potential obstacles.""}], ""total_score"": 29}"
"direct, challenging, pragmatic",Human resources manager overwhelmed by mediating conflicts and high emotional demands,"
[Kyle] To begin, could you share what has been most difficult or concerning for you lately?
[Jamie] Honestly, it's like I'm constantly putting out fires. The amount of petty conflicts I have to mediate is overwhelming, and it feels like everyone expects me to be a therapist instead of a human resources manager. It's exhausting.
[Kyle] That sounds really draining, having to constantly manage conflicts at work must be challenging. Let's focus on how we can develop strategies so you feel less overwhelmed. Does that sound alright?
[Jamie] Sure, though I'm not sure strategies will change the fact that people bring me their problems non-stop. But I'm willing to try anything at this point.
[Kyle] It's good that you're open to trying new strategies. Let's look at how you can set boundaries and prioritize your tasks. This way, you can manage your workload more effectively. Does that direction seem helpful?
[Jamie] Setting boundaries sounds good on paper, but in reality, people just ignore them. I guess it's worth a shot to try something new, though.
[Kyle] I understand your concern. Let's explore concrete ways to communicate your boundaries effectively and consistently. Perhaps we can identify specific situations where these boundaries might be useful. How does that sound?
[Jamie] That sounds like a start. Let's see if we can find situations where boundaries might actually stick.
[Kyle] Great. Can you think of any specific situations recently where setting a boundary could have helped? This will give us a clearer idea of where to begin.
[Jamie] Well, there was a situation last week where a team member kept interrupting my lunch break to complain about a coworker. Setting a boundary there could have been useful.
[Kyle] That's a perfect example. Next time, you might assert that your lunch break is a dedicated time for yourself and suggest discussing the issue at a more appropriate time. How do you feel about trying that?
[Jamie] It makes sense in theory, but I'm skeptical if it'll work. I can give it a shot, though.
[Kyle] Understandable, skepticism is natural. Let's treat it as an experiment. Try it out, and we can assess how it works in practice. How does that sound for a plan?
[Jamie] Sounds like a reasonable plan. I'll try it and see what happens.
[Kyle] Great. Let's also plan to check in on how it goes next time. In the meantime, perhaps consider jotting down any other challenging situations you encounter. Agreed?
[Jamie] Agreed. I'll keep track and see if any patterns emerge.
",55,28,"{""ctrs_evaluation"": [{""item_name"": ""Agenda"", ""score"": 2, ""rationale"": ""The therapist transitioned from the previous session, identified significant events, and set specific goals for the session. However, there was no explicit review of an Action Plan or mood check.""}, {""item_name"": ""Feedback"", ""score"": 2, ""rationale"": ""The therapist ascertained the client's reaction to the strategies discussed, ensured understanding and agreement, and responded appropriately to the client's feedback.""}, {""item_name"": ""Understanding"", ""score"": 3, ""rationale"": ""The therapist consistently listened and reflected the client's statements, demonstrated empathy, and discussed the client's emotional state in the context of the session.""}, {""item_name"": ""Interpersonal Effectiveness"", ""score"": 3, ""rationale"": ""The therapist demonstrated concern, provided positive reinforcement, maintained professional behavior, and showed warmth and genuineness throughout the session.""}, {""item_name"": ""Collaboration"", ""score"": 3, ""rationale"": ""The therapist consistently invited the client's participation in setting the agenda, selecting techniques, and determining the Action Plan, resulting in a mutually agreeable direction.""}, {""item_name"": ""Pacing and Efficient Use of Time"", ""score"": 2, ""rationale"": ""The session segments were appropriately timed, and the session was likely completed within 40-60 minutes, but there is no evidence of seamless pacing or limiting unproductive discussion.""}, {""item_name"": ""Guided Discovery"", ""score"": 3, ""rationale"": ""The therapist skillfully used guided discovery to help the client arrive at their own conclusions and assessed the impact of the cognitive shift by treating the boundary-setting as an experiment.""}, {""item_name"": ""Focus on Key Cognitions and Behaviors"", ""score"": 3, ""rationale"": ""The therapist focused on the most relevant cognitions and behaviors, such as setting boundaries, which had the greatest promise for positive impact on the client's situation.""}, {""item_name"": ""Strategy for Change"", ""score"": 2, ""rationale"": ""The therapist discussed an overall strategy with the client and used appropriate evidence-based techniques, such as setting boundaries and prioritizing tasks.""}, {""item_name"": ""Application of CBT Technique"", ""score"": 2, ""rationale"": ""The therapist applied CBT techniques, such as boundary-setting, with sufficient skill to be recognizable and likely to facilitate change in a motivated client.""}, {""item_name"": ""Action Plan"", ""score"": 3, ""rationale"": ""The therapist reviewed the Action Plan, asked for client input, developed a new plan, ensured the client was capable of completing it, and addressed potential obstacles.""}], ""total_score"": 28}"
"warm, empathetic, patient",Had a panic attack in a small room and now avoids all small enclosed spaces,"
[Kyle] Since this is our first time meeting, can you tell me what has been affecting you most or prompting you to seek support right now?
[Jamie] I had a panic attack in a small room a while back, and now I find it really hard to be in any small enclosed spaces. It’s been affecting my daily life a lot.
[Kyle] Thank you for sharing that with me. It sounds like those experiences have been distressing and disruptive. Let’s set a goal for today’s session to explore these feelings further and identify some strategies that might help you feel more comfortable in small spaces. Does that sound okay to you?
[Jamie] I'm open to exploring that, as long as it's done gradually. It's a bit overwhelming to think about it all at once.
[Kyle] Absolutely, we can take it step by step at a pace that feels manageable for you. We’ll start by understanding your experience more deeply and then focus on small, gradual actions. How does that sound as a plan?
[Jamie] That sounds okay. Taking it slow would definitely help.
[Kyle] Great, I appreciate your openness. Let’s start by looking at a recent situation where you felt anxious in a small space. What thoughts were going through your mind at the time?
[Jamie] I remember thinking, ""I have to get out now."" It felt like the walls were closing in on me, and I just couldn't breathe.
[Kyle] Thank you for sharing those thoughts and feelings. It sounds really intense, like your body was reacting as though it was unsafe, even if logically you knew it wasn’t. Let’s explore how we can change these thoughts or responses to make those situations feel less overwhelming. Does that approach make sense?
[Jamie] Yeah, it makes sense. I’d like to find a way to feel safer in those moments.
[Kyle] That's a great goal. We can work on developing some calming techniques and cognitive strategies to help you feel safer. Perhaps we could start with a breathing exercise or grounding technique as a first step. How does that sound to you?
[Jamie] That sounds like a good starting point. I'm willing to try that.
[Kyle] Wonderful. Let’s practice a simple breathing exercise together. We'll focus on taking slow, deep breaths, inhaling through your nose for a count of four, holding for four, and exhaling for four. Let’s try a couple of rounds together now. Ready?
[Jamie] Okay, I'm ready to give it a try.
[Kyle] Great. Let's begin: Inhale through your nose for one, two, three, four. Hold for one, two, three, four. Now exhale through your mouth for one, two, three, four. How does that feel so far?
[Jamie] It feels calming, but it’s a bit hard to focus completely. I think I need more practice.
",56,21,"{""ctrs_evaluation"": [{""item_name"": ""Agenda"", ""score"": 1, ""rationale"": ""The therapist initiated the session by asking about the client's concerns and set a goal to explore feelings and strategies, but did not review a previous Action Plan or conduct a mood check.""}, {""item_name"": ""Feedback"", ""score"": 1, ""rationale"": ""The therapist asked for the client's agreement on the session plan and responded to feedback about taking things gradually, but did not ascertain the client's reaction throughout the session.""}, {""item_name"": ""Understanding"", ""score"": 3, ""rationale"": ""The therapist consistently listened and reflected the client's statements, demonstrating recognition of the client's emotional state through empathy.""}, {""item_name"": ""Interpersonal Effectiveness"", ""score"": 3, ""rationale"": ""The therapist demonstrated warmth, genuineness, and unconditional acceptance throughout the session.""}, {""item_name"": ""Collaboration"", ""score"": 2, ""rationale"": ""The therapist asked for client input when setting the agenda and selecting techniques, but did not explicitly involve the client in determining the Action Plan.""}, {""item_name"": ""Pacing and Efficient Use of Time"", ""score"": 1, ""rationale"": ""The session segments were appropriately allocated, but there is no information about the session duration.""}, {""item_name"": ""Guided Discovery"", ""score"": 2, ""rationale"": ""The therapist designed the session to achieve a cognitive shift and avoided bias, but did not assess the cognitive shift after the intervention.""}, {""item_name"": ""Focus on Key Cognitions and Behaviors"", ""score"": 3, ""rationale"": ""The therapist focused on the client's thoughts and feelings related to panic attacks, which are highly relevant to the client's issues.""}, {""item_name"": ""Strategy for Change"", ""score"": 2, ""rationale"": ""The therapist discussed an overall strategy and used a breathing exercise as a CBT technique.""}, {""item_name"": ""Application of CBT Technique"", ""score"": 2, ""rationale"": ""The therapist applied a breathing exercise with sufficient skill that it was recognizable and likely to facilitate change.""}, {""item_name"": ""Action Plan"", ""score"": 1, ""rationale"": ""The therapist developed a plan to practice breathing exercises but did not review a previous Action Plan or assess the likelihood of completion.""}], ""total_score"": 21}"
"warm, empathetic, patient",Extreme fear of birds avoiding parks and outdoor seating areas,"
[Kyle] Since this is our first time meeting, can you tell me what has been affecting you most or prompting you to seek support right now?
[Jamie] I have this overwhelming fear of birds. It's gotten to the point where I avoid parks and sitting outside, just in case.
[Kyle] That sounds really distressing. It must be frustrating to have this fear impact your daily life. Would it be okay if we focus on understanding this fear today, and explore steps to gradually manage and reduce it?
[Jamie] I guess that could be helpful, though I'm not really sure where to start.
[Kyle] That's completely understandable. We can start by identifying specific thoughts and feelings that come up when you encounter or think about birds. Does that sound like a good first step?
[Jamie] Yeah, I think I can try that. They just really freak me out.
[Kyle] Thank you for sharing that. Many people experience intense anxiety around specific fears, and it's important to acknowledge how real that feels. Can you think of a recent situation where you encountered a bird or thought about them, and describe what was going through your mind at that moment?
[Jamie] I was just walking home, and a pigeon flew by. My heart started racing, and all I could think was, ""What if it comes near me?"" I just had to get away.
[Kyle] That sounds incredibly intense, and it makes sense that your thoughts would focus on getting away from the situation. Let's explore that thought: ""What if it comes near me?"" What do you think might happen if a bird were to come close?
[Jamie] I just imagine it flapping around me, maybe even touching me. It feels so unpredictable and chaotic.
[Kyle] It sounds like the unpredictability and lack of control in those moments feel really overwhelming. Acknowledging these feelings is the first step. How does it feel to talk about this right now?
[Jamie] It's a bit uncomfortable, but I also feel a bit of relief just saying it out loud.
[Kyle] I'm glad to hear that sharing brings some relief. It's a brave step to talk about it. Would you be open to trying a strategy called gradual exposure, where we slowly and safely work on reducing your fear by gradually facing it in controlled steps?
[Jamie] I guess I'd be willing to try, as long as it's slow and safe.
[Kyle] Absolutely, we can take it at a pace that feels comfortable for you. Maybe to start, you could try looking at pictures of birds in a safe setting. How does that sound as a first step?
[Jamie] I think I could manage pictures. It sounds like a good place to start.
",57,26,"{""ctrs_evaluation"": [{""item_name"": ""Agenda"", ""score"": 1, ""rationale"": ""The therapist identified the client's main issue and set a goal to understand and manage the fear, but did not review an Action Plan or conduct a mood check.""}, {""item_name"": ""Feedback"", ""score"": 1, ""rationale"": ""The therapist ascertained the client's reaction to discussing the fear and proposed a treatment plan, but did not fluidly request feedback throughout the session.""}, {""item_name"": ""Understanding"", ""score"": 3, ""rationale"": ""The therapist consistently listened, reflected the client's statements, and demonstrated empathy by acknowledging the client's emotional state.""}, {""item_name"": ""Interpersonal Effectiveness"", ""score"": 3, ""rationale"": ""The therapist demonstrated warmth, genuineness, and acceptance through empathetic responses and supportive language.""}, {""item_name"": ""Collaboration"", ""score"": 3, ""rationale"": ""The therapist invited the client's participation in setting the agenda and selecting the gradual exposure technique, ensuring a mutually agreeable direction.""}, {""item_name"": ""Pacing and Efficient Use of Time"", ""score"": 1, ""rationale"": ""The therapist completed the session segments appropriately but there is no information about the session duration.""}, {""item_name"": ""Guided Discovery"", ""score"": 3, ""rationale"": ""The therapist skillfully used questions to help the client explore and understand their fear, facilitating a cognitive shift.""}, {""item_name"": ""Focus on Key Cognitions and Behaviors"", ""score"": 3, ""rationale"": ""The therapist focused on the client's specific fear-related thoughts and feelings, which are highly relevant to the client's issue.""}, {""item_name"": ""Strategy for Change"", ""score"": 3, ""rationale"": ""The therapist discussed the strategy of gradual exposure, explained its rationale, and obtained the client's agreement.""}, {""item_name"": ""Application of CBT Technique"", ""score"": 3, ""rationale"": ""The therapist applied the gradual exposure technique with skill and appropriateness, likely to facilitate change.""}, {""item_name"": ""Action Plan"", ""score"": 2, ""rationale"": ""The therapist developed a new Action Plan with client input, but did not assess the likelihood of completion or address obstacles.""}], ""total_score"": 26}"
"warm, empathetic, patient",Engages in punishing behaviors (e.g. extreme dieting overworking) after perceived failures,"
[Kyle] Hello, Jamie. When you think about the past weeks or months, what feels most important for me to know about what you're going through?
[Jamie] I've been feeling really guilty about not meeting my own expectations in work and personal life. It's like I'm always falling short somehow, no matter how hard I try.
[Kyle] Thank you for sharing that with me, Jamie. It sounds like an overwhelming experience to feel like you're constantly falling short. Let's explore this feeling of guilt today and see if we can understand it better. How does that sound to you?
[Jamie] Yeah, that sounds good. I could definitely use some help understanding why I can't shake off this guilt.
[Kyle] Great, let's work together on that. To start, can you think of a recent situation where you felt particularly guilty? What was happening, and what were you thinking at that moment?
[Jamie] A recent situation was when I missed a deadline at work. I was thinking that I should have managed my time better. I felt guilty for letting my team down and disappointing everyone.
[Kyle] That sounds challenging, Jamie. It's understandable to feel guilty when you believe you've let your team down. Let's examine these thoughts together. What do you think it means about you, that you missed this deadline?
[Jamie] It makes me feel like I'm not good enough, like I'm not competent enough in my role. It adds to this fear that I might be a disappointment to others.
[Kyle] It sounds like missing the deadline triggered some deep-seated beliefs about your self-worth and competence. Let's explore whether these beliefs are entirely accurate or if there might be other perspectives. What evidence might there be that counters these thoughts of not being good enough?
[Jamie] I guess there have been times when I've met deadlines and received positive feedback from my team. Sometimes I do manage my workload effectively, but those moments seem to get overshadowed by the times I fail.
[Kyle] It's important to remember those positive moments as well—they show your competence and ability to succeed. Would you be open to developing a strategy together that could help you challenge these negative beliefs and focus more on your achievements?
[Jamie] Yeah, I think that could help. It's just hard for me to see the good when the failures feel so overwhelming.
[Kyle] I understand, Jamie. Let's try a thought record exercise, where you can log these moments when you feel overwhelmed by guilt, and then consciously identify and reflect on positive evidence to challenge those beliefs. How does that sound?
[Jamie] That sounds like a good idea. Maybe writing things down will help me see things more clearly.
[Kyle] I'm glad you’re open to trying it. Together, we can outline the steps for this thought record, and then you can practice it between sessions. Does that work for you?
[Jamie] Yes, that works for me. I'm willing to give it a try.
",58,24,"{""ctrs_evaluation"": [{""item_name"": ""Agenda"", ""score"": 2, ""rationale"": ""The therapist transitioned from the previous session, identified significant events, conducted a mood check, and identified specific goals for the session, but did not review an Action Plan.""}, {""item_name"": ""Feedback"", ""score"": 1, ""rationale"": ""The therapist ascertained the client's reaction and ensured the client understood the treatment plan, but did not respond to feedback throughout the session.""}, {""item_name"": ""Understanding"", ""score"": 3, ""rationale"": ""The therapist consistently listened, reflected the client's statements, and demonstrated recognition of the client's emotional state through empathy.""}, {""item_name"": ""Interpersonal Effectiveness"", ""score"": 3, ""rationale"": ""The therapist demonstrated concern, provided positive reinforcement, maintained professional behavior, and showed warmth and genuineness.""}, {""item_name"": ""Collaboration"", ""score"": 2, ""rationale"": ""The therapist asked for client input when setting the agenda and determining the Action Plan, but did not consistently invite participation in every major session decision.""}, {""item_name"": ""Pacing and Efficient Use of Time"", ""score"": 1, ""rationale"": ""The therapist allocated appropriate time for session segments but there is no information on whether the session was completed within 40-60 minutes.""}, {""item_name"": ""Guided Discovery"", ""score"": 3, ""rationale"": ""The therapist skillfully used guided discovery to help the client arrive at their own conclusions and assessed the impact of the cognitive shift.""}, {""item_name"": ""Focus on Key Cognitions and Behaviors"", ""score"": 3, ""rationale"": ""The therapist focused on the most relevant cognitions and behaviors with the greatest promise for positive impact.""}, {""item_name"": ""Strategy for Change"", ""score"": 2, ""rationale"": ""The therapist discussed an overall strategy with the client and used an appropriate evidence-based CBT technique.""}, {""item_name"": ""Application of CBT Technique"", ""score"": 2, ""rationale"": ""The therapist applied a CBT technique with sufficient skill that it was recognizable and likely to facilitate change.""}, {""item_name"": ""Action Plan"", ""score"": 2, ""rationale"": ""The therapist reviewed the new Action Plan and asked for client input, but did not assess the likelihood of completion or address potential obstacles.""}], ""total_score"": 24}"
"direct, challenging, pragmatic",One partner is overly dependent and the other is overly responsible leading to imbalance,"
[Kyle] Thanks for being here today, Jamie. When you think about the time since we last spoke, what experiences or moments stand out to you?
[Jamie] I've been feeling pretty overwhelmed. It seems like I'm the one always picking up the slack, and I just can't find time for myself anymore. It's starting to wear me down.
[Kyle] It sounds like you're carrying quite a burden and feeling the strain of it. Let's make it our goal today to identify specific situations where this happens and explore some ways to address it. How does that sound to you?
[Jamie] Yeah, that sounds like a start. I'm just not sure where to begin or how to change things.
[Kyle] We're in this together, and we'll take it step by step. Could you describe a recent situation where you felt particularly overwhelmed? Let's focus on that as a starting point.
[Jamie] A couple of days ago, I had to take care of everything at home, from cooking to cleaning, because my partner was counting on me again. I felt like I was drowning in responsibilities while they just relaxed.
[Kyle] I see how that could feel overwhelming. It seems like the belief that everything rests on your shoulders might be contributing to feeling stress and resentment. Could we take a closer look at that belief and consider other perspectives or solutions together?
[Jamie] I guess it's worth a try. I'm just worried things won't change and I'll still feel trapped under all this responsibility.
[Kyle] Let's tackle that worry directly. One way is to challenge the belief that only you can handle everything. We can also explore setting boundaries or redistributing tasks. Would you like to start with identifying one small change you could try this week?
[Jamie] Sure, I suppose we could try doing that. Maybe starting with one task that I can ask my partner to take over might help.
[Kyle] That's a practical step forward. Let's decide on a specific task you’d like to ask them to handle, and plan how you can communicate this request. What task would you like to start with?
[Jamie] I think asking them to handle dinner a couple of nights this week could be a good start. It would take some pressure off me.
[Kyle] Great choice. How do you think you could approach your partner about this request to ensure it's clear and collaborative?
[Jamie] I guess I need to be straightforward and explain how overwhelmed I've been feeling, then ask if they could handle dinner a couple of nights. I just hope they understand and don't brush it off.
[Kyle] Being direct about your feelings and needs is a strong approach. You might check in with them afterwards to see if they agree to this change and are willing to support you. How do you feel about giving this a try?
[Jamie] I feel a bit anxious about it, but I know it’s something I need to do. I just hope it leads to some positive change.
",59,24,"{""ctrs_evaluation"": [{""item_name"": ""Agenda"", ""score"": 2, ""rationale"": ""The therapist transitioned from the previous session, identified significant events, conducted a mood check, and identified specific goals for the session, but did not review the Action Plan.""}, {""item_name"": ""Feedback"", ""score"": 1, ""rationale"": ""The therapist ascertained the client's reaction and ensured understanding of the treatment plan but did not respond to feedback throughout the session.""}, {""item_name"": ""Understanding"", ""score"": 3, ""rationale"": ""The therapist consistently listened, reflected the client's statements, and demonstrated recognition of the client's emotional state through empathy.""}, {""item_name"": ""Interpersonal Effectiveness"", ""score"": 3, ""rationale"": ""The therapist demonstrated concern, provided positive reinforcement, maintained professional behavior, and showed warmth and genuineness.""}, {""item_name"": ""Collaboration"", ""score"": 2, ""rationale"": ""The therapist asked for client input when setting the agenda and determining the Action Plan but did not consistently invite participation in every major decision.""}, {""item_name"": ""Pacing and Efficient Use of Time"", ""score"": 1, ""rationale"": ""The therapist allocated appropriate time for session segments but there is no evidence of completing the session within 40-60 minutes.""}, {""item_name"": ""Guided Discovery"", ""score"": 2, ""rationale"": ""The therapist designed the session to achieve a cognitive shift and avoided bias, but did not assess the shift after the intervention.""}, {""item_name"": ""Focus on Key Cognitions and Behaviors"", ""score"": 3, ""rationale"": ""The therapist focused on relevant cognitions and behaviors with the greatest promise for positive impact, such as the belief that everything rests on the client's shoulders.""}, {""item_name"": ""Strategy for Change"", ""score"": 2, ""rationale"": ""The therapist discussed an overall strategy and used appropriate CBT techniques like challenging beliefs and setting boundaries.""}, {""item_name"": ""Application of CBT Technique"", ""score"": 2, ""rationale"": ""The therapist applied a CBT technique with sufficient skill to facilitate change, such as challenging beliefs and planning task redistribution.""}, {""item_name"": ""Action Plan"", ""score"": 2, ""rationale"": ""The therapist reviewed the new Action Plan, asked for client input, and developed a plan based on the session, but did not ensure the client was capable or address potential obstacles.""}], ""total_score"": 24}"
"calm, structured, supportive",Grieving the loss of a neighbor and friend in a sudden tragic accident,"
[Kyle] To begin, could you share what has been most difficult or concerning for you lately?
[Jamie] It's just so hard to understand why something so terrible could happen to someone so good. It's not fair. How do you even make sense of it?
[Kyle] It sounds like you're grappling with a really tough situation and the injustice of it. These feelings are valid and can be incredibly overwhelming. In our session today, would you like us to focus on exploring these feelings further and perhaps identifying some strategies to help you cope with them?
[Jamie] I think I need to find a way to cope because it's been so overwhelming. Maybe understanding these feelings more could help. But right now, it feels like nothing can make this right.
[Kyle] I hear you. Let's aim to better understand these feelings and explore ways to manage them effectively. A useful technique might be examining the thoughts connected to these emotions. How does that sound to you?
[Jamie] I guess that could help. It's just hard to even think straight sometimes, but I'm willing to try.
[Kyle] That's a great step forward, and I'm here to support you through it. Let's start by identifying a specific thought or belief that often comes up during these overwhelming moments. What comes to mind for you?
[Jamie] The thought that keeps coming up is how unfair it all is. It's like this constant question of why did it have to happen to them, and why like this?
[Kyle] Thank you for sharing that thought. It's clear that this question of fairness and the ""why"" is deeply affecting you. Let's look at how this thought impacts your emotions and behaviors. How do you notice yourself feeling or acting when this thought crosses your mind?
[Jamie] When that thought crosses my mind, I feel this deep sadness and frustration. Sometimes it makes me want to withdraw from everything because it just seems pointless.
[Kyle] Those feelings of sadness and frustration, along with the urge to withdraw, are understandable given the circumstances. Let’s work together to find small steps you might take to manage these feelings and re-engage with the world. What might be a first step that feels manageable for you?
[Jamie] Maybe trying to reach out to a friend or someone who knew them too. It might help to talk to someone who understands.
[Kyle] That sounds like a supportive and meaningful step. Reaching out to someone who shared a connection with that person can offer a sense of understanding and comfort. How about you plan to contact them sometime this week? How does that feel for you as part of your action plan?
[Jamie] I think I can try that. It feels a bit daunting but also like it could be comforting, so I'll give it a go.
[Kyle] That's a positive approach, and it's great to hear you're willing to take that step. Before our session ends, is there anything else you'd like to cover or any questions you have about this plan?
[Jamie] I think I'm okay for now. It's just nice to know there's a plan. Thank you.
",60,25,"{""ctrs_evaluation"": [{""item_name"": ""Agenda"", ""score"": 2, ""rationale"": ""The therapist identified significant events, conducted a mood check, and identified specific goals for the session, but did not transition from the previous session or review an Action Plan.""}, {""item_name"": ""Feedback"", ""score"": 2, ""rationale"": ""The therapist ascertained the client's reaction, ensured the client understood and agreed with the treatment plan, and responded appropriately to feedback.""}, {""item_name"": ""Understanding"", ""score"": 3, ""rationale"": ""The therapist consistently listened, reflected the client's statements, and demonstrated recognition of the client's emotional state through empathy.""}, {""item_name"": ""Interpersonal Effectiveness"", ""score"": 3, ""rationale"": ""The therapist demonstrated concern, provided positive reinforcement, maintained professional behavior, and showed warmth and genuineness.""}, {""item_name"": ""Collaboration"", ""score"": 3, ""rationale"": ""The therapist invited the client's participation in setting the agenda, selecting techniques, and determining the Action Plan, resulting in a mutually agreeable direction.""}, {""item_name"": ""Pacing and Efficient Use of Time"", ""score"": 1, ""rationale"": ""The therapist completed one of the two criteria for a score of 2, as the dialogue does not provide enough information to confirm the session was completed within 40-60 minutes.""}, {""item_name"": ""Guided Discovery"", ""score"": 2, ""rationale"": ""The therapist designed the session to achieve a cognitive shift, avoided bias, and assessed the shift after the intervention.""}, {""item_name"": ""Focus on Key Cognitions and Behaviors"", ""score"": 3, ""rationale"": ""The therapist focused on the most relevant cognitions and behaviors, such as the thought of unfairness, which had the greatest promise for positive impact.""}, {""item_name"": ""Strategy for Change"", ""score"": 2, ""rationale"": ""The therapist discussed an overall strategy with the client and used an appropriate, identifiable CBT technique.""}, {""item_name"": ""Application of CBT Technique"", ""score"": 2, ""rationale"": ""The therapist applied a CBT technique with sufficient skill that it was recognizable and likely to facilitate change in a motivated client.""}, {""item_name"": ""Action Plan"", ""score"": 2, ""rationale"": ""The therapist reviewed the new Action Plan, asked for client input, and developed a plan based on the current session.""}], ""total_score"": 25}"
"systematic, educational, logical",Persistent pattern of falling asleep late and waking up late causing conflict,"
[Kyle] To begin, could you share what has been most difficult or concerning for you lately?
[Jamie] I've been struggling with falling asleep really late and, as a result, waking up late too, which is causing a lot of stress and conflict in my life.
[Kyle] It sounds like your sleep routine has been affecting your daily life and causing stress. Let's explore this further. Would you like to work on setting specific goals around improving your sleep habits during this session?
[Jamie] Yeah, I think setting some goals could be helpful. I'm just not sure where to start.
[Kyle] Great, setting goals is a positive step. Let's begin by considering what a healthier sleep pattern might look like for you. What would you like to achieve with your sleep routine?
[Jamie] Ideally, I'd like to fall asleep earlier so I can wake up at a more reasonable time and have a more consistent daily routine.
[Kyle] That sounds like a constructive goal. We can work on strategies to help you fall asleep earlier. How does that sound as a starting point for today’s session?
[Jamie] That sounds good to me. I'm open to any suggestions that might help.
[Kyle] Thank you for being open to suggestions. One effective CBT technique we can try is adjusting your nighttime routine gradually to promote better sleep hygiene. Would you like to explore how to implement this strategy step-by-step?
[Jamie] Sure, I'm willing to give that a try. Let's explore it.
[Kyle] To start, we can identify small changes to your pre-sleep routine that signal it's time to wind down. Could you describe your current evening routine so we can pinpoint potential adjustments?
[Jamie] Usually, I spend time on my phone or watching TV until I feel tired enough to sleep, which tends to be pretty late.
[Kyle] A common approach is to reduce screen time before bed, as such activities can delay sleep onset. How do you feel about setting aside some screen-free time before bed and incorporating calming activities instead?
[Jamie] I can try that, although it's going to be tough. I guess replacing it with something relaxing might help.
[Kyle] That's a good perspective. Relaxing activities, like reading a book or practicing deep breathing, can be helpful alternatives. Would you like to choose a specific activity to try for the next week?
[Jamie] Reading a book seems like a good place to start. I can try that for a week and see how it goes.
",61,23,"{""ctrs_evaluation"": [{""item_name"": ""Agenda"", ""score"": 2, ""rationale"": ""The therapist identified significant events, conducted a mood check, and set specific goals for the session, but did not review a previous Action Plan or transition from the previous session.""}, {""item_name"": ""Feedback"", ""score"": 1, ""rationale"": ""The therapist ascertained the client's reaction to some extent but did not ensure understanding/agreement with the treatment plan or respond to feedback throughout the session.""}, {""item_name"": ""Understanding"", ""score"": 2, ""rationale"": ""The therapist consistently listened and reflected the client's statements, summarizing the sleep issues and goals effectively.""}, {""item_name"": ""Interpersonal Effectiveness"", ""score"": 2, ""rationale"": ""The therapist demonstrated concern for the client and maintained professional behavior, but there was limited evidence of providing positive reinforcement.""}, {""item_name"": ""Collaboration"", ""score"": 3, ""rationale"": ""The therapist consistently invited the client's participation in setting the agenda, selecting techniques, and determining the Action Plan, resulting in a mutually agreeable direction.""}, {""item_name"": ""Pacing and Efficient Use of Time"", ""score"": 1, ""rationale"": ""The dialogue suggests appropriate allocation of time for session segments, but there is no information on session duration.""}, {""item_name"": ""Guided Discovery"", ""score"": 2, ""rationale"": ""The therapist designed the session to achieve a cognitive shift by exploring sleep hygiene strategies and avoided bias or coercion.""}, {""item_name"": ""Focus on Key Cognitions and Behaviors"", ""score"": 3, ""rationale"": ""The therapist focused on specific behaviors related to sleep hygiene, which are relevant to the client's agenda and have the potential for significant positive impact.""}, {""item_name"": ""Strategy for Change"", ""score"": 3, ""rationale"": ""The therapist discussed an overall strategy, used an appropriate CBT technique (adjusting nighttime routine), explained its rationale, and obtained the client's agreement.""}, {""item_name"": ""Application of CBT Technique"", ""score"": 2, ""rationale"": ""The therapist applied a CBT technique (sleep hygiene) with sufficient skill, likely to facilitate change in a motivated client.""}, {""item_name"": ""Action Plan"", ""score"": 2, ""rationale"": ""The therapist developed a new Action Plan based on the current session and asked for client input, but did not review a previous Action Plan.""}], ""total_score"": 23}"
"methodical, structured, coaching-style",Believes they must perform perfectly in intimate situations leading to performance anxiety,"
[Kyle] Thanks for being here today, Jamie. When you think about the time since we last spoke, what experiences or moments stand out to you?
[Jamie] Honestly, I've been thinking a lot about how much pressure I put on myself to get everything right, especially in personal relationships. It’s exhausting.
[Kyle] It sounds like you're feeling quite overwhelmed by the expectations you set for yourself in relationships. Let's focus today on exploring these thoughts and developing strategies to manage that pressure. Does that sound helpful to you?
[Jamie] Yes, that sounds like a good idea. I could definitely use some strategies to handle this pressure better.
[Kyle] Great, let's dive into that. How do these thoughts about needing to get everything right typically show up for you in relationships?
[Jamie] They show up as this constant worry that I'm not doing enough or that I'll mess something up, which makes me feel really anxious and tense.
[Kyle] I hear you. It sounds like these worries contribute to a lot of anxiety and tension for you. Would it be okay if we explored some ways to challenge these thoughts and find more balanced perspectives?
[Jamie] Yes, that would be helpful. I'm open to exploring how to challenge these thoughts.
[Kyle] Let's start by identifying one specific thought you often have, and we'll work through a process to evaluate it together. How does that sound?
[Jamie] That sounds good. One thought I often have is that if I don't handle things perfectly, the relationship will suffer.
[Kyle] Thanks for sharing that thought. Let's examine it more closely. What evidence do you have that supports this thought, and what evidence might contradict it?
[Jamie] Supporting it, I'd say I've had experiences where things seemed to go wrong when I didn't handle them perfectly. But on the flip side, there have been times when things weren't perfect, and the relationship was still okay.
[Kyle] It's important to acknowledge both sides. Noticing that relationships have remained okay despite imperfections suggests that perfection may not be as critical as it seems. How do you feel about this perspective?
[Jamie] It's a bit reassuring to think that maybe perfection isn't as crucial as I believed, though it's hard to let go of the urge to control things perfectly.
[Kyle] It's understandable to feel that way. Perhaps we can work on gradually shifting your focus from perfection to progress and growth in relationships. How does that approach resonate with you?
[Jamie] It sounds worth trying. Focusing on progress and growth instead of perfection might ease some of that pressure.
",62,27,"{""ctrs_evaluation"": [{""item_name"": ""Agenda"", ""score"": 2, ""rationale"": ""The therapist transitioned from the previous session, identified significant events, and set specific goals for the session. However, there was no explicit review of a previous Action Plan or mood check.""}, {""item_name"": ""Feedback"", ""score"": 2, ""rationale"": ""The therapist ascertained the client's reaction and ensured the client understood and agreed with the treatment plan. There was no evidence of responding to feedback during the session.""}, {""item_name"": ""Understanding"", ""score"": 3, ""rationale"": ""The therapist consistently listened and reflected the client's statements and demonstrated empathy by recognizing the client's emotional state.""}, {""item_name"": ""Interpersonal Effectiveness"", ""score"": 3, ""rationale"": ""The therapist demonstrated concern, provided positive reinforcement, and maintained professional behavior, showing warmth and genuineness.""}, {""item_name"": ""Collaboration"", ""score"": 3, ""rationale"": ""The therapist consistently invited the client's participation in setting the agenda, selecting techniques, and determining the session's direction.""}, {""item_name"": ""Pacing and Efficient Use of Time"", ""score"": 2, ""rationale"": ""The therapist allocated appropriate time for session segments. There is no information on the session's total duration.""}, {""item_name"": ""Guided Discovery"", ""score"": 3, ""rationale"": ""The therapist skillfully used guided discovery to help the client arrive at their own conclusions and assessed the impact of the cognitive shift.""}, {""item_name"": ""Focus on Key Cognitions and Behaviors"", ""score"": 3, ""rationale"": ""The therapist focused on the client's relevant cognitions and behaviors, addressing thoughts with the greatest promise for positive impact.""}, {""item_name"": ""Strategy for Change"", ""score"": 2, ""rationale"": ""The therapist discussed an overall strategy and used an appropriate CBT technique to challenge the client's thoughts.""}, {""item_name"": ""Application of CBT Technique"", ""score"": 3, ""rationale"": ""The therapist applied a CBT technique with skill and technical correctness, facilitating change in the client.""}, {""item_name"": ""Action Plan"", ""score"": 1, ""rationale"": ""The therapist discussed shifting focus from perfection to progress but did not develop a specific new Action Plan or assess potential obstacles.""}], ""total_score"": 27}"
"calm, validating, non-judgmental",Withdraws completely and refuses to communicate when emotionally overwhelmed,"
[Kyle] Hi Jamie. As we get started today, what's been on your mind recently?
[Jamie] Um, not much really. Just... stuff.
[Kyle] It's okay to feel unsure. Maybe we could start with a quick mood check. How have you been feeling overall lately?
[Jamie] I don’t know. Just... kind of off, I guess.
[Kyle] It sounds like things have been feeling a bit off for you recently. Would you like to explore that feeling a bit more today?
[Jamie] Not really. I’d rather not talk about it.
[Kyle] That's completely fine. We can focus on something else. Is there anything specific you'd like to work on or talk about during our session today?
[Jamie] Not sure. Nothing’s really coming to mind.
[Kyle] That's okay. Maybe we could spend some time exploring what might feel helpful or useful for you right now. Does that sound good to you?
[Jamie] I guess. It's fine.
[Kyle] Great, let's take it one step at a time. Would you be open to trying a simple exercise to help identify what's going on beneath that ""off"" feeling?
[Jamie] I’m not sure. I’ll think about it.
[Kyle] Take your time to think it over. If there's anything else you'd like to talk about or explore, feel free to let me know.
[Jamie] Okay. I’ll let you know.
[Kyle] Thank you. Remember, we're here to work together at your pace. Let me know when you're ready to continue.
[Jamie] Alright. I will.
",63,9,"{""ctrs_evaluation"": [{""item_name"": ""Agenda"", ""score"": 1, ""rationale"": ""The therapist attempted to set an agenda by asking about what was on the client's mind and suggesting a mood check, but did not establish specific goals for the session.""}, {""item_name"": ""Feedback"", ""score"": 1, ""rationale"": ""The therapist asked for the client's input and checked in about their willingness to engage, but did not ascertain the client's reaction to the overall treatment plan.""}, {""item_name"": ""Understanding"", ""score"": 2, ""rationale"": ""The therapist consistently listened and reflected the client's statements, acknowledging the client's feelings of being 'off'.""}, {""item_name"": ""Interpersonal Effectiveness"", ""score"": 2, ""rationale"": ""The therapist demonstrated concern and maintained professional behavior, but there was limited evidence of providing positive reinforcement.""}, {""item_name"": ""Collaboration"", ""score"": 1, ""rationale"": ""The therapist asked for the client's input on the agenda and exercises but did not involve the client in selecting CBT techniques or determining an Action Plan.""}, {""item_name"": ""Pacing and Efficient Use of Time"", ""score"": 1, ""rationale"": ""The therapist maintained a calm pace and limited unproductive discussion, but there is no evidence of completing the session within a specific timeframe.""}, {""item_name"": ""Guided Discovery"", ""score"": 0, ""rationale"": ""There was no evidence of using guided discovery to achieve a cognitive shift.""}, {""item_name"": ""Focus on Key Cognitions and Behaviors"", ""score"": 1, ""rationale"": ""The therapist attempted to focus on the client's feelings of being 'off' but did not delve into specific cognitions or behaviors.""}, {""item_name"": ""Strategy for Change"", ""score"": 0, ""rationale"": ""There was no identifiable strategy or evidence-based CBT technique discussed.""}, {""item_name"": ""Application of CBT Technique"", ""score"": 0, ""rationale"": ""No recognizable CBT technique was applied during the session.""}, {""item_name"": ""Action Plan"", ""score"": 0, ""rationale"": ""There was no review or development of an Action Plan during the session.""}], ""total_score"": 9}"
"warm, empathetic, patient",Obsessively checks for lumps or abnormalities and demands frequent screening tests,"
[Kyle] To begin, could you share what has been most difficult or concerning for you lately?
[Jamie] I've been really worried about my health—especially finding lumps or abnormalities. I feel like I need to keep checking and getting screened just to make sure everything's okay.
[Kyle] It sounds like health concerns are bringing up a lot of anxiety for you. How has this been affecting your daily life?
[Jamie] It's consuming a lot of my time and thoughts. I’m constantly checking, and even if I’ve just been screened, I still feel like I need to do it again for reassurance. It’s hard to focus on anything else.
[Kyle] It seems like this cycle of checking for reassurance is not only persistent but also impacting your ability to focus on other parts of your life. Would you like to explore some strategies today to help manage this anxiety and find a bit more peace of mind?
[Jamie] Yes, I would really appreciate that. I just need to know how to stop feeling this way and how to handle the urge to keep checking all the time.
[Kyle] Let's focus on understanding these urges and then work on a strategy to help reduce their impact. We could try a technique called cognitive restructuring, where we examine and challenge the thoughts driving your anxiety. How does that sound to you?
[Jamie] That sounds helpful. I'm willing to give it a try if it can help me feel less anxious and reduce my need to keep checking.
[Kyle] Great. Let's start by identifying a specific thought you often have when you feel the urge to check. Could you share one of these thoughts with me?
[Jamie] One thought that keeps coming up is, ""What if there's a lump and I miss it? It could be something serious, and I won't know until it's too late.""
[Kyle] Thank you for sharing that. It sounds like this thought triggers a lot of fear about missing something critical. Let's examine how true or helpful this thought actually is. What evidence do you have that supports or goes against it?
[Jamie] Well, the doctors have told me that everything's fine after my screenings, so there's no evidence of a problem. But I still worry about missing something between appointments or that something will change quickly.
[Kyle] It's understandable to feel anxious even after receiving reassurance from medical professionals. You have concrete evidence from your screenings that you’re currently healthy, but the worry persists. Let's consider how you might reframe this thought to acknowledge your concerns while also trusting the medical advice you've received. How could you restate it in a way that feels reassuring yet realistic?
[Jamie] Maybe I could try telling myself, ""I've had thorough screenings, and the doctors have confirmed I'm healthy right now. I'll schedule regular check-ups, so I don't need to check constantly on my own.""
[Kyle] That sounds like a balanced and realistic way to reframe your thought. By acknowledging the reassurance from your screenings and relying on scheduled check-ups, you might feel less pressure to check frequently on your own. How do you feel about trying this reframe the next time you feel the urge to check?
[Jamie] I think it's worth trying. Even though it might not be easy at first, I hope it can help me feel less anxious and reduce the need to check so much.
",64,27,"{""ctrs_evaluation"": [{""item_name"": ""Agenda"", ""score"": 2, ""rationale"": ""The therapist transitioned from the previous session, identified significant events (Jamie's health anxiety), and set specific goals for the session (exploring strategies to manage anxiety). However, there was no explicit review of an Action Plan or mood check.""}, {""item_name"": ""Feedback"", ""score"": 1, ""rationale"": ""The therapist ascertained the client's reaction to the proposed strategy and ensured understanding, but did not consistently request feedback throughout the session.""}, {""item_name"": ""Understanding"", ""score"": 3, ""rationale"": ""The therapist consistently listened and reflected Jamie's statements, demonstrating empathy and understanding of the emotional state related to health anxiety.""}, {""item_name"": ""Interpersonal Effectiveness"", ""score"": 3, ""rationale"": ""The therapist demonstrated warmth, genuineness, and concern for the client throughout the session, providing positive reinforcement and maintaining professional behavior.""}, {""item_name"": ""Collaboration"", ""score"": 3, ""rationale"": ""The therapist invited Jamie's participation in setting the agenda, selecting the CBT technique (cognitive restructuring), and determining the action plan, resulting in a mutually agreeable direction.""}, {""item_name"": ""Pacing and Efficient Use of Time"", ""score"": 2, ""rationale"": ""The therapist allocated appropriate time for session segments and maintained focus, though the session length was not specified.""}, {""item_name"": ""Guided Discovery"", ""score"": 3, ""rationale"": ""The therapist skillfully used guided discovery to help Jamie arrive at a cognitive shift by examining and reframing thoughts, assessing the impact of this shift.""}, {""item_name"": ""Focus on Key Cognitions and Behaviors"", ""score"": 3, ""rationale"": ""The therapist focused on the most relevant cognition (Jamie's fear of missing a lump) with the greatest promise for positive impact.""}, {""item_name"": ""Strategy for Change"", ""score"": 2, ""rationale"": ""The therapist discussed an overall strategy and used cognitive restructuring, an appropriate CBT technique, but did not offer alternative options.""}, {""item_name"": ""Application of CBT Technique"", ""score"": 3, ""rationale"": ""The therapist applied cognitive restructuring with technical correctness and comfort, facilitating a cognitive shift in Jamie.""}, {""item_name"": ""Action Plan"", ""score"": 2, ""rationale"": ""The therapist developed a new action plan based on the session and asked for client input, but did not explicitly review a previous action plan or assess potential obstacles.""}], ""total_score"": 27}"
"supportive, focused, structured",Finished school but feels lost unable to commit to a career path living at home,"
[Kyle] As we start today, Iwould you like to tell me about what you've been experiencing and what you're hoping we might work on together?
[Jamie] I've been feeling really lost and unmotivated lately. I finished school, but I can't seem to commit to any career path. It's overwhelming with so many options, but none of them feel right. I'm just stuck living at home without a clear direction.
[Kyle] It sounds like you're experiencing a lot of uncertainty and pressure about your future, which can understandably feel overwhelming. How about we focus today on exploring some ways to clarify your goals and start identifying small steps forward? Does that sound like a good plan?
[Jamie] Yeah, I think that could be helpful. I'm open to exploring ways to get some clarity and direction.
[Kyle] Great! Let's begin by discussing the thoughts and beliefs you have about choosing a career. What comes to mind when you think about making that decision?
[Jamie] When I think about choosing a career, I just feel a lot of pressure to make the ""right"" choice. It's like, I don't want to end up regretting it or feeling trapped. I guess I'm worried about making a mistake.
[Kyle] It's understandable to feel pressured about making such a significant decision and the fear of regret can be quite daunting. Let's explore together how these thoughts of needing to make the ""right"" choice are influencing your feelings and decisions. What do you think might happen if you approached the decision differently, perhaps viewing it as a series of steps rather than one big leap?
[Jamie] Maybe if I saw it as smaller steps, it wouldn't feel so overwhelming. I guess it might make it easier to try different things and see what fits without being so afraid of failing.
[Kyle] That's a great insight. Viewing it as a series of smaller steps can indeed reduce the pressure and allow you to experiment without the fear of permanent failure. How about we brainstorm some small, manageable actions you could take to start exploring different career paths? Would you like to try that?
[Jamie] Yeah, I'd like that. It might help to have some concrete steps to start moving forward.
[Kyle] Excellent. Let's list a few actions you might consider, such as researching fields of interest, reaching out to professionals for informational interviews, or even volunteering in areas you want to explore. Which of these feels like a good starting point for you?
[Jamie] Reaching out to professionals for informational interviews sounds like a good starting point. I think it might give me a better understanding of different fields.
[Kyle] That's a proactive choice. Informational interviews can provide valuable insights and help you make more informed career decisions. Would you like to set a goal of reaching out to a couple of people in industries you're curious about over the next week or so?
[Jamie] Yeah, setting a goal to reach out to a couple of people sounds doable. It feels like a good step.
[Kyle] Great! Let's aim for you to contact two professionals in your areas of interest this week. How does that timeline feel, and do you need any help creating a plan for reaching out?
[Jamie] The timeline feels manageable. I might need a little guidance on how to approach them, but I think I can figure it out.
",65,31,"{""ctrs_evaluation"": [{""item_name"": ""Agenda"", ""score"": 3, ""rationale"": ""The therapist transitioned from the previous session, identified significant events, reviewed the action plan, conducted a mood check, and identified specific goals for the session. All items important to the client were addressed and prioritized.""}, {""item_name"": ""Feedback"", ""score"": 2, ""rationale"": ""The therapist ascertained the client's reaction, ensured the client understood and agreed with the treatment plan, and responded appropriately to feedback. However, feedback was not fluidly requested throughout the session.""}, {""item_name"": ""Understanding"", ""score"": 3, ""rationale"": ""The therapist consistently listened and reflected the client's statements, demonstrated recognition of the client's emotional state through empathy, and discussed it within the context of the conceptualization.""}, {""item_name"": ""Interpersonal Effectiveness"", ""score"": 3, ""rationale"": ""The therapist demonstrated concern for the client, provided positive reinforcement, maintained professional behavior, and showed warmth, genuineness, and unconditional acceptance.""}, {""item_name"": ""Collaboration"", ""score"": 3, ""rationale"": ""The therapist asked for client input/agreement when setting the agenda, selecting CBT techniques, and determining the action plan, consistently inviting the client's participation in every major session decision.""}, {""item_name"": ""Pacing and Efficient Use of Time"", ""score"": 2, ""rationale"": ""The therapist allocated appropriate time for all session segments and completed the session within 40-60 minutes.""}, {""item_name"": ""Guided Discovery"", ""score"": 3, ""rationale"": ""The therapist skillfully used discovery to help the client arrive at their own conclusions and assessed the impact of the cognitive shift, designing the session to achieve a cognitive shift.""}, {""item_name"": ""Focus on Key Cognitions and Behaviors"", ""score"": 3, ""rationale"": ""The therapist focused on specific cognitions and behaviors associated with the agenda items, particularly the client's fear of making the 'right' career choice, which had the greatest promise for positive impact.""}, {""item_name"": ""Strategy for Change"", ""score"": 3, ""rationale"": ""The therapist discussed an overall strategy with the client, used an appropriate CBT technique, explained the rationale, offered options, and obtained the client's agreement to use it.""}, {""item_name"": ""Application of CBT Technique"", ""score"": 3, ""rationale"": ""The therapist applied a CBT technique with sufficient skill that it was recognizable and likely to facilitate change, demonstrating comfort and technical correctness.""}, {""item_name"": ""Action Plan"", ""score"": 3, ""rationale"": ""The therapist reviewed the previous action plan, asked for client input on the new plan, developed a new plan based on the current session, ensured the client was capable of completing the plan, assessed the likelihood of completion, and addressed potential obstacles.""}], ""total_score"": 31}"
"warm, non-directive, genuine",Interprets every neutral social cue as a sign of rejection or dislike,"
[Kyle] Hi Jamie. Since our last conversation, what has been coming up for you that feels important to talk about today?
[Jamie] I keep feeling like people are upset with me, even when they don't say anything directly. It's like every little thing feels like a sign that I've done something wrong.
[Kyle] It sounds really difficult to carry that feeling around with you. It's understandable to be concerned about how others perceive us. How do these thoughts tend to affect you in your day-to-day life?
[Jamie] It makes me really anxious and self-conscious. I often want to pull away from social situations because I'm sure people don't really want me there. It's pretty exhausting.
[Kyle] That sounds really exhausting and isolating. It's important that we explore these thoughts and their impact. How would it be for you if we focused on understanding these thoughts better and looked for ways to manage them more effectively during our session today?
[Jamie] I think that might help. If I could understand them better, maybe I wouldn't feel so overwhelmed all the time.
[Kyle] That sounds like a good direction. Let's start by examining some specific situations where these thoughts come up. Can you think of a recent example where you felt this way?
[Jamie] Yeah, there was a meeting at work where I noticed a few people not looking at me when I spoke. It felt like they weren't interested in what I had to say, like they didn't want me there.
[Kyle] Thank you for sharing that. Let's explore that moment a bit more. What automatic thoughts or interpretations came to your mind when you noticed they weren't looking at you?
[Jamie] I immediately thought that they must find me boring or that I was wasting their time. It felt like they didn't respect me or value my input.
[Kyle] I can see how that would lead to feeling undervalued and anxious. Let’s try to look at this thought from different angles. What evidence do you have that supports or doesn't support the idea that they find you boring or don't value your input?
[Jamie] Well, I know they didn't actually say anything negative. Maybe they were just focused on something else or having an off day. But it's hard not to assume the worst when I see those reactions.
[Kyle] That’s a great insight—recognizing that there could be other explanations is an important step. It seems like your mind often jumps to the worst-case scenario. How do you feel about experimenting with this idea of looking for alternative explanations when similar situations arise?
[Jamie] I guess it could be helpful to try. It might be difficult, but maybe it would make things a bit less stressful if I could consider other possibilities.
[Kyle] It sounds like a promising step. How about we create a simple plan for you to practice this during the week? You could start by writing down one situation where you felt this way, identify the automatic thought, and then list alternative explanations. How does that sound to you?
[Jamie] That sounds doable. I can try to write things down and see if it helps me think differently about the situations.
",66,28,"{""ctrs_evaluation"": [{""item_name"": ""Agenda"", ""score"": 2, ""rationale"": ""The therapist identified significant events, conducted a mood check, and set specific goals for the session by focusing on understanding and managing the client's thoughts. However, there was no explicit review of the previous session or action plan.""}, {""item_name"": ""Feedback"", ""score"": 2, ""rationale"": ""The therapist ascertained the client's reaction to the session's focus and ensured the client understood and agreed with the treatment plan. There was no evidence of fluid feedback throughout the session.""}, {""item_name"": ""Understanding"", ""score"": 3, ""rationale"": ""The therapist consistently listened and reflected the client's statements, demonstrated empathy, and discussed the client's emotional state in the context of the conceptualization.""}, {""item_name"": ""Interpersonal Effectiveness"", ""score"": 3, ""rationale"": ""The therapist demonstrated warmth, genuineness, and unconditional acceptance through empathetic responses and supportive language.""}, {""item_name"": ""Collaboration"", ""score"": 3, ""rationale"": ""The therapist invited the client's participation in setting the agenda, selecting techniques, and determining the action plan, resulting in a mutually agreeable direction.""}, {""item_name"": ""Pacing and Efficient Use of Time"", ""score"": 2, ""rationale"": ""The therapist allocated appropriate time for session segments and maintained focus on the session's goals, though the session length was not specified.""}, {""item_name"": ""Guided Discovery"", ""score"": 3, ""rationale"": ""The therapist skillfully used guided discovery to help the client arrive at their own conclusions about alternative explanations for social cues.""}, {""item_name"": ""Focus on Key Cognitions and Behaviors"", ""score"": 3, ""rationale"": ""The therapist focused on the client's automatic thoughts and interpretations, which are highly relevant to the client's concerns and have the potential for significant positive impact.""}, {""item_name"": ""Strategy for Change"", ""score"": 2, ""rationale"": ""The therapist discussed a strategy for change by identifying automatic thoughts and considering alternative explanations, using evidence-based CBT techniques.""}, {""item_name"": ""Application of CBT Technique"", ""score"": 2, ""rationale"": ""The therapist applied a CBT technique by encouraging the client to identify automatic thoughts and consider alternative explanations, which was recognizable and likely to facilitate change.""}, {""item_name"": ""Action Plan"", ""score"": 3, ""rationale"": ""The therapist reviewed the action plan, asked for client input, developed a new plan, and ensured the client was capable of completing it by addressing potential obstacles.""}], ""total_score"": 28}"
"warm, empathetic, patient",Struggles with intense mental and physical inertia making even simple tasks feel impossible,"
[Kyle] Since this is our first time meeting, can you tell me what has been affecting you most or prompting you to seek support right now?
[Jamie] I just feel stuck in everything. Like, even getting out of bed feels like climbing a mountain some days. It's hard to explain, but everything just feels heavy.
[Kyle] Thank you for sharing that with me. It sounds like you're experiencing a significant weight or heaviness that's impacting your daily life. Let's work together to understand this better. Does that sound alright with you?
[Jamie] I guess that sounds okay.
[Kyle] Great. To make the most of our session, let's focus on a few goals today. Would exploring what's making you feel stuck and finding ways to ease that heaviness be a good start for you?
[Jamie] Yeah, I think so. It just feels like there's a lot to unpack.
[Kyle] Absolutely, and we can take it one step at a time. Let's start unpacking by looking at when you feel this heaviness the most. Are there specific situations or times it tends to happen?
[Jamie] Mornings are the worst. I wake up and it's just like everything is pressing down on me before the day even starts.
[Kyle] That sounds really challenging, waking up to such a heavy feeling. Let's explore that further. What thoughts usually come to mind when you feel this way in the morning?
[Jamie] It's mostly thoughts like, ""What's the point?"" or thinking about how hard everything feels.
[Kyle] I see, those are really tough thoughts to start the day with. Let's try a thought record today, which can help us look at these automatic thoughts and find more balanced perspectives. How does that sound to you?
[Jamie] I can try, but I don't know if it'll help much.
[Kyle] I understand it might seem challenging right now, and it's okay to have doubts. We can take it step by step, and I’ll be here to guide you through it. Let's give it a try and see what insights we can gain, okay?
[Jamie] Alright, I'll give it a shot.
[Kyle] Thank you for being willing to try. Let's start by identifying a recent morning when you felt overwhelmed. What were the specific thoughts, feelings, and behaviors during that time?
[Jamie] I remember a morning when the alarm went off, and my first thought was, ""I can't do this."" I just felt this huge wave of exhaustion and ended up hitting snooze over and over.
",67,22,"{""ctrs_evaluation"": [{""item_name"": ""Agenda"", ""score"": 2, ""rationale"": ""The therapist identified significant events and specific goals for the session, such as exploring the client's feelings of being stuck and finding ways to ease the heaviness. However, there was no review of a previous Action Plan or mood check, as this was the first session.""}, {""item_name"": ""Feedback"", ""score"": 1, ""rationale"": ""The therapist ascertained the client's reaction and ensured the client agreed with the treatment plan, but there was no evidence of responding to feedback throughout the session.""}, {""item_name"": ""Understanding"", ""score"": 3, ""rationale"": ""The therapist consistently listened and reflected the client's statements, demonstrating recognition of the client's emotional state through empathy, such as acknowledging the heaviness the client feels in the morning.""}, {""item_name"": ""Interpersonal Effectiveness"", ""score"": 3, ""rationale"": ""The therapist demonstrated warmth, genuineness, and unconditional acceptance throughout the session, providing positive reinforcement and maintaining professional behavior.""}, {""item_name"": ""Collaboration"", ""score"": 2, ""rationale"": ""The therapist asked for client input when setting the agenda and selecting the CBT technique (thought record), but there was no evidence of determining an Action Plan collaboratively.""}, {""item_name"": ""Pacing and Efficient Use of Time"", ""score"": 1, ""rationale"": ""The therapist allocated appropriate time for session segments, but there is no information on whether the session was completed within 40-60 minutes.""}, {""item_name"": ""Guided Discovery"", ""score"": 2, ""rationale"": ""The therapist designed the session to achieve a cognitive shift by exploring automatic thoughts and introducing a thought record, but there was no assessment of the cognitive shift's impact.""}, {""item_name"": ""Focus on Key Cognitions and Behaviors"", ""score"": 3, ""rationale"": ""The therapist focused on specific cognitions and behaviors, such as the client's thoughts in the morning, which are highly relevant to the client's agenda and have the potential for positive impact.""}, {""item_name"": ""Strategy for Change"", ""score"": 2, ""rationale"": ""The therapist discussed an overall strategy with the client and used a thought record as an evidence-based CBT technique.""}, {""item_name"": ""Application of CBT Technique"", ""score"": 2, ""rationale"": ""The therapist applied the thought record technique with sufficient skill, making it recognizable and likely to facilitate change in a motivated client.""}, {""item_name"": ""Action Plan"", ""score"": 1, ""rationale"": ""The therapist began developing a new plan based on the session by introducing the thought record, but there was no review of a previous Action Plan or detailed development of a new plan.""}], ""total_score"": 22}"
"direct, challenging, pragmatic",Quickly becomes enraged by slow drivers tailgaters or minor traffic infractions,"
[Kyle] Since this is our first time meeting, can you tell me what has been affecting you most or prompting you to seek support right now?
[Jamie] It's the insane traffic! I can't stand how people drive like they're the only ones on the road. Slow drivers, tailgaters – it's like a constant battle every time I get in my car. It's just so frustrating!
[Kyle] It sounds like the traffic situation is really getting under your skin and causing a lot of frustration. Let's make this session productive by focusing on how to manage that stress. Does that align with what you hoped to address today?
[Jamie] Yeah, I guess. I just need something to help me not lose it every time someone cuts me off or drives at snail pace.
[Kyle] Alright, let's work on that. We'll aim to identify your automatic thoughts in these situations and examine how they contribute to your stress. Then, we'll explore some strategies to shift those thoughts. How does that sound?
[Jamie] I suppose it makes sense. As long as it helps me not feel like exploding over these drivers, I'm willing to try.
[Kyle] Great. Why don't we start by identifying a specific recent incident where you felt especially triggered by another driver. What thoughts went through your mind at that moment?
[Jamie] Just the other day, some guy cut me off out of nowhere. I was thinking, ""Are you kidding me? Who taught you how to drive?"" It made my blood boil instantly.
[Kyle] I can see how that thought would fuel your frustration. Let's dig deeper – what underlying beliefs or assumptions might be driving that reaction? What does it mean to you when someone cuts you off like that?
[Jamie] It feels like total disrespect. Like they're saying their time is more important than mine, and they don't care if they put others at risk just to save a few seconds.
[Kyle] That belief about being disrespected seems to amplify your frustration. Let's explore whether there are alternative interpretations you could consider in those moments. What might be a different way to view their actions?
[Jamie] Maybe they didn't even notice they were cutting me off. Or maybe they're just having a bad day and not thinking clearly. Not everyone is out to personally attack me, I suppose.
[Kyle] That's a helpful perspective shift. By entertaining different interpretations, you might find it easier to keep your cool. Let’s plan to practice this mindset shift when driving. How about setting a goal to catch and reframe those thoughts just once a day for now?
[Jamie] Yeah, I can give that a try. If it helps me keep my cool even a little, it's worth it.
[Kyle] Excellent. Let's review this goal next time and see how it’s impacted your stress levels. Is there anything else you’d like to tackle before we wrap up today?
[Jamie] No, I think focusing on this is enough for now. Thanks for helping me get started with this.
",68,26,"{""ctrs_evaluation"": [{""item_name"": ""Agenda"", ""score"": 2, ""rationale"": ""The therapist transitioned from the initial meeting to identifying significant events and set specific goals for the session by focusing on managing stress related to traffic. However, there was no review of a previous Action Plan or mood check.""}, {""item_name"": ""Feedback"", ""score"": 2, ""rationale"": ""The therapist ascertained the client's reaction to the treatment plan and ensured the client agreed with the strategy to manage stress. However, there was no evidence of fluid feedback throughout the session.""}, {""item_name"": ""Understanding"", ""score"": 3, ""rationale"": ""The therapist consistently listened and reflected the client's statements, recognized the emotional state of frustration, and discussed it within the context of the client's beliefs about respect.""}, {""item_name"": ""Interpersonal Effectiveness"", ""score"": 2, ""rationale"": ""The therapist demonstrated concern for the client and maintained professional behavior. Positive reinforcement was provided by acknowledging the client's willingness to try new strategies.""}, {""item_name"": ""Collaboration"", ""score"": 3, ""rationale"": ""The therapist consistently invited the client's participation in setting the agenda, selecting techniques, and determining the Action Plan, resulting in a mutually agreeable direction.""}, {""item_name"": ""Pacing and Efficient Use of Time"", ""score"": 2, ""rationale"": ""The session was well-paced, with appropriate time allocated for identifying issues, exploring thoughts, and setting an Action Plan. However, there is no information on the session's duration.""}, {""item_name"": ""Guided Discovery"", ""score"": 3, ""rationale"": ""The therapist skillfully used guided discovery to help the client arrive at their own conclusions about alternative interpretations of others' driving behavior, assessing the impact of this cognitive shift.""}, {""item_name"": ""Focus on Key Cognitions and Behaviors"", ""score"": 3, ""rationale"": ""The focus was on the client's automatic thoughts and beliefs about respect, which were relevant and had the potential for a positive impact on managing stress.""}, {""item_name"": ""Strategy for Change"", ""score"": 2, ""rationale"": ""The therapist discussed an overall strategy to manage stress by identifying and reframing automatic thoughts, using a cognitive restructuring technique.""}, {""item_name"": ""Application of CBT Technique"", ""score"": 2, ""rationale"": ""The therapist applied cognitive restructuring with sufficient skill, recognizable as a CBT technique likely to facilitate change in a motivated client.""}, {""item_name"": ""Action Plan"", ""score"": 2, ""rationale"": ""The therapist developed a new Action Plan based on the session, asking for client input and setting a goal to practice reframing thoughts once a day.""}], ""total_score"": 26}"
"direct, challenging, pragmatic",Frequent severe tension headaches linked directly to financial and work stress,"[Kyle] Since this is our first time meeting, can you tell me what has been affecting you most or prompting you to seek support right now?
[Jamie] I've been getting these really bad tension headaches, and they seem to be tied directly to stress from work and financial issues. It's just been overwhelming.
[Kyle] It sounds like the stress from work and financial issues is manifesting physically through tension headaches. Our goal today could be to explore how your thoughts and reactions in these situations might be contributing to the stress and find practical ways to alleviate it. Is there anything specific you want to address regarding these headaches and stress, or should we dive into the root causes and coping strategies?
[Jamie] I guess it would be helpful to start with understanding the root causes and maybe find ways to cope better.
[Kyle] Great, we'll focus on identifying any unhelpful thought patterns contributing to your stress and explore strategies to manage these thoughts. How does that sound?
[Jamie] That sounds good. I just hope it helps with the headaches.
[Kyle] We'll aim for strategies that reduce stress overall, which should, in turn, help with the headaches. Let's start by discussing a recent situation where you felt particularly stressed. Can you describe what was going through your mind at that time?
[Jamie] Last week at work, I was worrying about meeting a deadline and whether I'd get everything done right. It spiraled from there, thinking about job security and bills piling up.
[Kyle] It sounds like there's a chain reaction of worries starting with the deadline and expanding into broader concerns about job security and finances. Let's examine one thought at a time. When you worried about meeting the deadline, what specific thoughts were the most distressing for you?
[Jamie] I kept thinking, ""What if I can't finish on time?"" or ""What if it's not good enough, and I mess up completely?"" Those thoughts really stuck with me.
[Kyle] These ""what if"" thoughts can significantly heighten stress. Let's challenge them. If you couldn't finish on time, what could happen, and how might you handle that situation?
[Jamie] If I couldn't finish on time, I guess I'd have to talk to my manager about an extension or see if I could adjust my priorities to focus on what's most critical.
[Kyle] That's a practical approach. By considering these steps, you can reduce the perceived threat of not meeting the deadline. As homework, when you notice a ""what if"" thought, pause and think of a realistic way to handle the situation. Are you willing to try this between now and our next session?
[Jamie] Yeah, I can give that a try and see if it helps with the stress.
[Kyle] Great. Let’s also plan for you to jot down any particularly impactful instances so we can discuss them next time. Does that sound like a workable plan for you?
[Jamie] Yes, I can do that. I'll make sure to write them down.]",69,26,"{""ctrs_evaluation"": [{""item_name"": ""Agenda"", ""score"": 2, ""rationale"": ""The therapist identified significant events, conducted a mood check by asking about stress and headaches, and set specific goals for the session by focusing on root causes and coping strategies. However, there was no explicit review of a previous Action Plan or transition from a previous session.""}, {""item_name"": ""Feedback"", ""score"": 1, ""rationale"": ""The therapist ensured the client understood and agreed with the treatment plan, but there was no evidence of ascertaining the client's reaction or responding to feedback throughout the session.""}, {""item_name"": ""Understanding"", ""score"": 3, ""rationale"": ""The therapist consistently listened and reflected the client's statements, demonstrated recognition of the client's emotional state, and discussed it within the context of the conceptualization.""}, {""item_name"": ""Interpersonal Effectiveness"", ""score"": 2, ""rationale"": ""The therapist demonstrated concern for the client and maintained professional behavior throughout the session. However, there was limited evidence of providing positive reinforcement.""}, {""item_name"": ""Collaboration"", ""score"": 3, ""rationale"": ""The therapist consistently invited the client's participation in setting the agenda, selecting CBT techniques, and determining the Action Plan, resulting in a mutually agreeable direction.""}, {""item_name"": ""Pacing and Efficient Use of Time"", ""score"": 2, ""rationale"": ""The session segments were appropriately timed, and the session was likely completed within the typical 40-60 minute range, but there was no explicit mention of the session duration.""}, {""item_name"": ""Guided Discovery"", ""score"": 3, ""rationale"": ""The therapist skillfully used guided discovery to help the client arrive at their own conclusions, such as considering practical steps to handle deadlines, and assessed the impact of the cognitive shift.""}, {""item_name"": ""Focus on Key Cognitions and Behaviors"", ""score"": 3, ""rationale"": ""The therapist focused on the most relevant cognitions, such as 'what if' thoughts, which have the greatest promise for positive impact on reducing stress.""}, {""item_name"": ""Strategy for Change"", ""score"": 2, ""rationale"": ""The therapist discussed an overall strategy with the client and used a recognizable CBT technique by challenging 'what if' thoughts and planning realistic responses.""}, {""item_name"": ""Application of CBT Technique"", ""score"": 2, ""rationale"": ""The therapist applied a CBT technique with sufficient skill that it was recognizable and likely to facilitate change in a motivated client.""}, {""item_name"": ""Action Plan"", ""score"": 3, ""rationale"": ""The therapist reviewed the new Action Plan, ensured the client was capable of completing it, assessed the likelihood of completion, and addressed potential obstacles by planning to discuss impactful instances in the next session.""}], ""total_score"": 26}"
"observant, analytical, systemic",Struggling with anxiety and fear after recently coming out to an unsupportive family,"[Kyle] Before we dive in, I'd like to hear what's been happening for you since our last meeting. What feels most pressing right now?
[Jamie] I've been feeling really anxious and isolated. Coming out to my family didn’t go as well as I hoped, and I’m scared they’ll never accept me. It's hard to keep going day by day with this fear hanging over me.
[Kyle] It sounds like you're feeling anxious and isolated because your family’s reaction to coming out wasn't what you hoped for. That fear of being unloved is understandably distressing. Let’s work on understanding this feeling better and explore how we might manage it. What would you like to focus on first in our session today?
[Jamie] I think I need to learn how to cope with the anxiety so it doesn't overwhelm me all the time. It makes me feel stuck and unable to reach out or do anything.
[Kyle] Great, let's focus on developing strategies to cope with your anxiety so it feels more manageable. Have you tried any techniques in the past, and if so, how did they work for you?
[Jamie] I’ve tried deep breathing exercises before, but sometimes they don't seem to make a difference when I’m really anxious. I guess that leaves me feeling a bit helpless.
[Kyle] It can indeed feel discouraging when familiar techniques don't seem effective. Let’s explore another CBT technique today—perhaps examining and challenging some of the anxious thoughts that arise. How does that sound to you?
[Jamie] That sounds like it might be helpful. I'm willing to try anything that could help ease the anxiety.
[Kyle] Great! Let’s start by identifying a specific anxious thought that often comes up for you. Can you think of one that you'd like to examine together?
[Jamie] One thought that keeps coming up is that my family will never accept me for who I am, and I’ll always be alone because of it.
[Kyle] Thank you for sharing that. Let's take a closer look at this thought. How certain do you feel about this on a scale from 0 to 100%? And what evidence supports or contradicts this belief?
[Jamie] I'd say I feel about 70% certain about it. The way they reacted makes me think they’ll never change. But I guess sometimes they show they care in small ways, like checking in on me.
[Kyle] It's understandable to feel that way given their initial reaction, but it's interesting that you also notice moments that suggest they care. Let's consider both sides: what might be an alternative perspective on their behavior, and how might that impact your feelings of anxiety?
[Jamie] An alternative perspective might be that they’re struggling to understand and adjust, but maybe they still love me at some level. If I can believe that, even just a little, it might help reduce some of the anxiety and fear of being completely alone.
[Kyle] That's a valuable perspective. By allowing room for their potential growth and love, even if it's not immediately visible, you might find some relief from the intensity of the anxiety. Let’s plan to reinforce this perspective when those anxious thoughts arise. Would you be open to practicing this approach between our sessions?
[Jamie] Yes, I’m open to practicing this. I think it could help me feel a bit more hopeful.]",70,30,"{""ctrs_evaluation"": [{""item_name"": ""Agenda"", ""score"": 3, ""rationale"": ""The therapist transitioned from the previous session, identified significant events, reviewed the action plan, conducted a mood check, and identified specific goals for the session. The therapist ensured that the client's most pressing concerns were addressed and prioritized.""}, {""item_name"": ""Feedback"", ""score"": 2, ""rationale"": ""The therapist ascertained the client's reaction to the treatment plan and responded appropriately to feedback. However, there was no evidence of fluidly requesting feedback throughout the session.""}, {""item_name"": ""Understanding"", ""score"": 3, ""rationale"": ""The therapist consistently listened and reflected the client's statements, demonstrating recognition of the client's emotional state through empathy and discussing it within the context of the conceptualization.""}, {""item_name"": ""Interpersonal Effectiveness"", ""score"": 3, ""rationale"": ""The therapist demonstrated concern for the client, provided positive reinforcement, maintained professional behavior, and showed warmth and genuineness throughout the session.""}, {""item_name"": ""Collaboration"", ""score"": 3, ""rationale"": ""The therapist asked for client input when setting the agenda, selecting CBT techniques, and determining the action plan, consistently inviting the client's participation in every major session decision.""}, {""item_name"": ""Pacing and Efficient Use of Time"", ""score"": 2, ""rationale"": ""The therapist allocated appropriate time for all session segments, though there is no specific mention of session length to confirm if it was within 40-60 minutes.""}, {""item_name"": ""Guided Discovery"", ""score"": 3, ""rationale"": ""The therapist skillfully used guided discovery to help the client arrive at their own conclusions and assessed the impact of the cognitive shift.""}, {""item_name"": ""Focus on Key Cognitions and Behaviors"", ""score"": 3, ""rationale"": ""The therapist focused on the most relevant cognitions and behaviors, specifically the anxious thoughts related to family acceptance, which had the greatest promise for positive impact.""}, {""item_name"": ""Strategy for Change"", ""score"": 2, ""rationale"": ""The therapist discussed an overall strategy with the client and used an appropriate, identifiable evidence-based CBT technique, but did not offer other options or obtain explicit agreement to use it.""}, {""item_name"": ""Application of CBT Technique"", ""score"": 3, ""rationale"": ""The therapist applied a CBT technique with comfort and technical correctness, facilitating change in the client by examining and challenging anxious thoughts.""}, {""item_name"": ""Action Plan"", ""score"": 3, ""rationale"": ""The therapist reviewed the previous action plan, asked for client input on the new plan, developed a new plan based on the current session, ensured the client was capable of completing it, and addressed potential obstacles.""}], ""total_score"": 30}"
"direct, challenging, pragmatic",Obsessed with the size and shape of their legs only wearing baggy clothes,"
[Kyle] As we start today, Iwould you like to tell me about what you've been experiencing and what you're hoping we might work on together?
[Jamie] Well, I've been really fixated on the size and shape of my legs. It's something I can't stop thinking about, and I've been only wearing baggy clothes because of it. I'm hoping we could maybe work on how to feel a bit better about that.
[Kyle] Thanks for sharing that with me. Let's aim to understand your thoughts around this concern and work on developing more positive thoughts and behaviors. Does focusing on this sound like a good plan for today's session?
[Jamie] Yeah, that sounds like a good plan.
[Kyle] Great. To start, could you tell me more about the specific thoughts that come up when you think about your legs? We'll try to identify those automatic thoughts together.
[Jamie] Usually, it’s thoughts like they’re too big or that everyone’s looking at them. It feels like they don’t look right compared to how I want them to be.
[Kyle] I hear you. It sounds like these thoughts are impacting how you feel about yourself and your actions. Would you be open to exploring how accurate these thoughts are and finding alternative perspectives that might help?
[Jamie] I guess I could try to look at things differently, though it feels pretty hard right now.
[Kyle] I understand it's challenging. Let's break it down together. How about we start by examining the evidence for and against the thought that ""everyone is looking at your legs""? This could be a first step in challenging these thoughts.
[Jamie] Okay, I can try doing that. I guess I don't actually have proof that everyone is looking, but it still feels that way.
[Kyle] That's an important insight. Often, feelings can be strong even when the evidence isn't there. Let’s explore situations where you felt this way and see if we can identify any patterns or exceptions. Would that be okay?
[Jamie] Yeah, I think I can do that. It could help to see if there are patterns or times when I don’t feel as much like that.
[Kyle] Perfect. As we look for those patterns, we can focus on building a clearer picture of when these thoughts occur and how to manage them. How does that approach feel to you?
[Jamie] It feels like a good approach. Maybe understanding more will make it easier to handle.
[Kyle] Exactly. Understanding is the first step to change. For between sessions, would it be helpful to keep a journal of when these thoughts arise and any evidence you notice about them?
[Jamie] I can try doing that. It might help to keep track of when these thoughts happen.
",71,26,"{""ctrs_evaluation"": [{""item_name"": ""Agenda"", ""score"": 2, ""rationale"": ""The therapist transitioned from the previous session, identified significant events, conducted a mood check, and identified specific goals for the session. However, there was no explicit review of an Action Plan from a previous session.""}, {""item_name"": ""Feedback"", ""score"": 1, ""rationale"": ""The therapist ascertained the client's reaction and ensured client agreement with the treatment plan but did not fluidly request feedback throughout the session.""}, {""item_name"": ""Understanding"", ""score"": 3, ""rationale"": ""The therapist consistently listened and reflected the client's statements, demonstrated recognition of the client's emotional state through empathy, and discussed it within the context of the conceptualization.""}, {""item_name"": ""Interpersonal Effectiveness"", ""score"": 3, ""rationale"": ""The therapist demonstrated concern for the client, provided positive reinforcement, maintained professional behavior, and showed warmth and genuineness.""}, {""item_name"": ""Collaboration"", ""score"": 3, ""rationale"": ""The therapist made a consistent effort to invite the client's participation in every major session decision, resulting in a mutually agreeable direction.""}, {""item_name"": ""Pacing and Efficient Use of Time"", ""score"": 2, ""rationale"": ""The therapist allocated appropriate time for all session segments and likely completed the session within 40-60 minutes, but there is no evidence of seamless pacing or limiting unproductive discussion.""}, {""item_name"": ""Guided Discovery"", ""score"": 3, ""rationale"": ""The therapist skillfully used discovery to help the client arrive at their own conclusions and assessed the impact of the cognitive shift.""}, {""item_name"": ""Focus on Key Cognitions and Behaviors"", ""score"": 3, ""rationale"": ""The therapist focused on the most relevant cognitions and behaviors with the greatest promise for positive impact, specifically the client's thoughts about their legs.""}, {""item_name"": ""Strategy for Change"", ""score"": 2, ""rationale"": ""The therapist discussed an overall strategy with the client and used an appropriate, identifiable evidence-based CBT technique.""}, {""item_name"": ""Application of CBT Technique"", ""score"": 2, ""rationale"": ""The therapist applied a CBT technique with sufficient skill that it was recognizable and likely to facilitate change in a motivated client.""}, {""item_name"": ""Action Plan"", ""score"": 2, ""rationale"": ""The therapist reviewed the previous Action Plan, asked for client input on the new plan, and developed a new plan based on the current session.""}], ""total_score"": 26}"
"collaborative, direct, encouraging",Experiences intense graphic intrusive thoughts about harming the baby (without intent),"
[Kyle] Hi Jamie. Since this is our first session, it would help to hear what has been going on for you recently and what led you to reach out.
[Jamie] Hi. I've been having these really disturbing thoughts that just pop into my head about hurting my baby, and they're really vivid and scary. I don't want to think these things, and it makes me feel so guilty and terrified of being around the baby.
[Kyle] Thank you for sharing that with me, Jamie. It sounds like those thoughts are really distressing for you, and it's understandable to feel upset and scared. You're not alone in experiencing unwanted thoughts. Let's work together to understand them better and explore some strategies to help you manage them. How does that sound to you?
[Jamie] That sounds okay, I guess. I'm just really scared, and I want these thoughts to stop.
[Kyle] It’s completely understandable to feel scared. Let’s set a goal for today to explore these thoughts a bit more and begin identifying ways to respond to them differently. Together, we can work on reducing the power they have over you. Does that sound like a good plan?
[Jamie] Yeah, that sounds like a good plan. I just want to find a way to not feel so overwhelmed by them.
[Kyle] Great. Let's start by understanding how these thoughts impact you day-to-day. Could you share a recent situation when you noticed these thoughts popping up, and what reactions you had in that moment?
[Jamie] Well, just the other day, I was feeding the baby, and out of nowhere, I had this thought about dropping them. It made me feel sick, and I just froze. I couldn't bring myself to finish the feeding.
[Kyle] Thank you for sharing that, Jamie. It seems like the thought really impacted you emotionally, leaving you feeling frozen and unable to continue. It's important to recognize that these thoughts are not intentional or reflective of your desires. Let's explore how we can reframe your response to these situations, so the thoughts feel less overwhelming. How does that approach sit with you?
[Jamie] That sounds helpful. I really don't want these thoughts to take over and affect how I care for my baby.
[Kyle] I understand, and I admire your commitment to finding a way forward. To start, let's focus on one technique known as cognitive restructuring, which can help us examine and challenge these thoughts when they arise. Would you be willing to give that a try with me today?
[Jamie] Sure, I'm willing to try anything that might help with this.
[Kyle] Great. We'll start by identifying the automatic thought, like the one you had about dropping the baby, and then examine the evidence for and against it. This process can help us see the thought from a different perspective and reduce its intensity. Let's take a moment and try this with the thought you mentioned—would you like to give it a go?
[Jamie] Okay, let's try it. I'll do whatever I can to make these thoughts less intense.
[Kyle] Wonderful. Let's take that thought about dropping the baby. First, let's consider the evidence that supports this thought. What comes to mind?
[Jamie] Honestly, there's no real evidence for it. I just feel this fear and worry that something awful might happen, but it's not based on anything I've done.
",72,21,"{""ctrs_evaluation"": [{""item_name"": ""Agenda"", ""score"": 1, ""rationale"": ""The therapist set a goal for the session to explore the thoughts and identify ways to respond differently, but did not transition from a previous session, review an Action Plan, conduct a mood check, or identify specific goals for the session.""}, {""item_name"": ""Feedback"", ""score"": 1, ""rationale"": ""The therapist ascertained the client's reaction to the treatment plan and responded appropriately, but did not ensure client understanding/agreement with the treatment plan throughout the session.""}, {""item_name"": ""Understanding"", ""score"": 3, ""rationale"": ""The therapist consistently listened and reflected the client's statements, demonstrated empathy, and discussed the client's emotional state within the context of the conceptualization.""}, {""item_name"": ""Interpersonal Effectiveness"", ""score"": 3, ""rationale"": ""The therapist demonstrated warmth, genuineness, and unconditional acceptance through words and expressions, and provided positive reinforcement.""}, {""item_name"": ""Collaboration"", ""score"": 2, ""rationale"": ""The therapist asked for client input/agreement when setting the agenda and selecting CBT techniques, but did not explicitly involve the client in determining the Action Plan.""}, {""item_name"": ""Pacing and Efficient Use of Time"", ""score"": 1, ""rationale"": ""The therapist allocated appropriate time for session segments but there is no evidence regarding the session duration.""}, {""item_name"": ""Guided Discovery"", ""score"": 2, ""rationale"": ""The therapist designed the session to achieve a cognitive shift by using cognitive restructuring and assessed the shift after the intervention.""}, {""item_name"": ""Focus on Key Cognitions and Behaviors"", ""score"": 3, ""rationale"": ""The therapist focused on the most relevant cognitions and behaviors with the greatest promise for positive impact, specifically the intrusive thoughts about harming the baby.""}, {""item_name"": ""Strategy for Change"", ""score"": 2, ""rationale"": ""The therapist discussed an overall strategy with the client and used cognitive restructuring, an appropriate evidence-based CBT technique.""}, {""item_name"": ""Application of CBT Technique"", ""score"": 3, ""rationale"": ""The therapist applied cognitive restructuring with sufficient skill, demonstrating comfort and technical correctness with the technique.""}, {""item_name"": ""Action Plan"", ""score"": 0, ""rationale"": ""The therapist did not review a previous Action Plan, ask for client input on a new plan, or develop a new plan based on the current session.""}], ""total_score"": 21}"
"supportive, focused, structured",Experienced severe property damage and loss due to a flood; now fears rain/water,"
[Kyle] Before we dive in, I'd like to hear what's been happening for you since our last meeting. What feels most pressing right now?
[Jamie] I haven't been able to shake off this constant fear of rain. Every time it starts to drizzle, my mind races back to the flood. The thought of it happening again just terrifies me, and I can't seem to find a way to calm down.
[Kyle] Thank you for sharing that with me. It sounds like the memory of the flood is understandably triggering a lot of fear when it rains. Let's focus today on finding strategies to help you manage those fears when they arise. How does that sound to you?
[Jamie] I think that could be helpful. Anything to help me feel less anxious when it rains would be good.
[Kyle] Great. We'll explore some techniques to help reduce that anxiety. First, let's try identifying those specific thoughts or images that come up when it starts raining. What are you telling yourself in those moments?
[Jamie] When it rains, I immediately think about water rising and everything getting soaked again. I tell myself it could happen any minute, and that's when the panic begins.
[Kyle] That sounds like a very distressing thought pattern. Let's work together to challenge those thoughts. Can you identify any evidence that suggests this might not be the case every time it rains?
[Jamie] I guess most rainy days don't lead to flooding, but it's hard to focus on that when the fear takes over.
[Kyle] That's a very insightful reflection. It's essential to remember that while the fear feels intense, it doesn't necessarily reflect reality. We can work on strengthening that alternative thought—that most rainy days pass without incident—to help ease the anxiety. Would that be a good focus for us today?
[Jamie] Yes, that sounds good. It would be really helpful to focus on that.
[Kyle] Great. Let's practice developing a more balanced thought. Next time it rains, you might say to yourself, ""Rain doesn't always mean flooding; I've been through many rainstorms safely."" Would you be willing to try this as a part of our strategy?
[Jamie] I can try that. It might help remind me that not every rainstorm is dangerous.
[Kyle] That's the idea. It's about gradually shifting those thoughts. For our action plan, whenever it rains, practice repeating that more balanced thought to yourself. Would you like to add anything else to this plan?
[Jamie] Maybe also find a distraction, like listening to music or talking to someone, so I don't dwell on the fear.
[Kyle] That sounds like a constructive addition to the plan. Using music or conversation as a distraction can certainly help redirect your focus. So, we'll work on balanced thinking and finding a distraction. Let's check in on how this goes in our next session. How does that sound?
[Jamie] That sounds like a good plan. I'll try to keep track of how it works out.
",73,30,"{""ctrs_evaluation"": [{""item_name"": ""Agenda"", ""score"": 2, ""rationale"": ""The therapist transitioned from the previous session, identified significant events, conducted a mood check, and identified specific goals for the session. However, there was no explicit review of a previous Action Plan.""}, {""item_name"": ""Feedback"", ""score"": 2, ""rationale"": ""The therapist ascertained the client's reaction to the proposed strategies, ensured understanding and agreement with the treatment plan, and responded appropriately to feedback.""}, {""item_name"": ""Understanding"", ""score"": 3, ""rationale"": ""The therapist consistently listened and reflected the client's statements, demonstrated empathy, and discussed the client's emotional state within the context of the conceptualization.""}, {""item_name"": ""Interpersonal Effectiveness"", ""score"": 3, ""rationale"": ""The therapist demonstrated concern, provided positive reinforcement, maintained professional behavior, and showed warmth and genuineness throughout the session.""}, {""item_name"": ""Collaboration"", ""score"": 3, ""rationale"": ""The therapist consistently invited the client's participation in setting the agenda, selecting techniques, and determining the Action Plan, resulting in a mutually agreeable direction.""}, {""item_name"": ""Pacing and Efficient Use of Time"", ""score"": 2, ""rationale"": ""The therapist allocated appropriate time for session segments and kept the session within a typical timeframe, though the exact duration is not specified.""}, {""item_name"": ""Guided Discovery"", ""score"": 3, ""rationale"": ""The therapist skillfully used guided discovery to help the client arrive at their own conclusions and assessed the impact of the cognitive shift.""}, {""item_name"": ""Focus on Key Cognitions and Behaviors"", ""score"": 3, ""rationale"": ""The therapist focused on the most relevant cognitions and behaviors with the greatest promise for positive impact, specifically addressing the client's fear of rain.""}, {""item_name"": ""Strategy for Change"", ""score"": 3, ""rationale"": ""The therapist discussed an overall strategy, used appropriate CBT techniques, explained the rationale, offered options, and obtained the client's agreement.""}, {""item_name"": ""Application of CBT Technique"", ""score"": 3, ""rationale"": ""The therapist applied CBT techniques with comfort and technical correctness, facilitating potential change in the client.""}, {""item_name"": ""Action Plan"", ""score"": 3, ""rationale"": ""The therapist reviewed the Action Plan, asked for client input, developed a new plan, ensured the client's capability, and addressed potential obstacles.""}], ""total_score"": 30}"
"methodical, structured, coaching-style",Avoids large multi-step tasks that feel overwhelming or mentally demanding,"
[Kyle] Thanks for being here today, Jamie. When you think about the time since we last spoke, what experiences or moments stand out to you?
[Jamie] Honestly, it's all been a bit overwhelming. There's just so much to do, and I don't even know where to start.
[Kyle] It sounds like you're feeling quite overwhelmed and unsure of how to prioritize all the tasks in front of you. Let's work together to set some specific goals for our session today to help bring some clarity and direction. What would you like to focus on?
[Jamie] I guess I'd like to focus on just figuring out where to start. Everything feels like it's too much.
[Kyle] That sounds like a great starting point. We can focus on breaking down your tasks into more manageable steps. How does that sound to you?
[Jamie] Okay, that sounds helpful. I just need it to feel less chaotic.
[Kyle] Great, let's aim to create a structured plan that reduces the chaos. We'll explore your tasks and sort them by priority. Does that align with what you were hoping to achieve today?
[Jamie] Yeah, that seems like a good approach. I really need some way to make it all feel more doable.
[Kyle] I'm glad we're on the same page. Let's start by identifying one or two tasks that feel most urgent to you. From there, we can break them down into smaller, manageable steps. What do you think are your top priorities right now?
[Jamie] Probably tackling my work assignments and also dealing with some household chores. Both seem to pile up quickly.
[Kyle] Let's start with your work assignments. We can list them out and prioritize which ones need your immediate attention. Once we have a plan for those, we can do the same for your household chores. How does that sound for tackling both areas?
[Jamie] That sounds like a plan. It's just hard to know where to begin, so listing them out should help.
[Kyle] Perfect. Let's begin by listing your work assignments. Think about deadlines and impact to help decide where to start. Once we have that, we can create a similar list for your household chores. Are you ready to list your assignments?
[Jamie] Yeah, I think I can try to list them. I'm ready to give it a go.
[Kyle] Great! Take your time, and once you have your list, we can work on organizing and prioritizing it together. Let me know when you're ready to move on to the next step.
[Jamie] I've got a rough list. I think I'm ready to start organizing and prioritizing them now.
",74,25,"{""ctrs_evaluation"": [{""item_name"": ""Agenda"", ""score"": 2, ""rationale"": ""The therapist identified specific goals for the session, conducted a mood check by asking about experiences since the last session, and transitioned from the previous session. However, there was no explicit review of the previous Action Plan.""}, {""item_name"": ""Feedback"", ""score"": 2, ""rationale"": ""The therapist ensured the client understood and agreed with the treatment plan by repeatedly checking in with the client about the session goals and strategy. However, there was no evidence of fluidly requesting feedback throughout the session.""}, {""item_name"": ""Understanding"", ""score"": 3, ""rationale"": ""The therapist consistently listened and reflected the client's statements, demonstrating understanding and empathy by acknowledging the client's feelings of being overwhelmed.""}, {""item_name"": ""Interpersonal Effectiveness"", ""score"": 3, ""rationale"": ""The therapist demonstrated concern for the client, provided positive reinforcement, and maintained professional behavior throughout the session, showing warmth and genuineness.""}, {""item_name"": ""Collaboration"", ""score"": 3, ""rationale"": ""The therapist consistently invited the client's participation in setting the agenda and determining the action plan, resulting in a mutually agreeable direction.""}, {""item_name"": ""Pacing and Efficient Use of Time"", ""score"": 2, ""rationale"": ""The therapist allocated appropriate time for session segments and maintained a structured approach, but there is no information on the session's total duration.""}, {""item_name"": ""Guided Discovery"", ""score"": 2, ""rationale"": ""The therapist designed the session to achieve a cognitive shift by helping the client break down tasks into manageable steps, but there was no assessment of the cognitive shift's impact.""}, {""item_name"": ""Focus on Key Cognitions and Behaviors"", ""score"": 3, ""rationale"": ""The therapist focused on the most relevant cognitions and behaviors by addressing the client's feelings of being overwhelmed and helping organize tasks, which promised a positive impact.""}, {""item_name"": ""Strategy for Change"", ""score"": 2, ""rationale"": ""The therapist discussed an overall strategy and used an appropriate CBT technique of task breakdown and prioritization.""}, {""item_name"": ""Application of CBT Technique"", ""score"": 2, ""rationale"": ""The therapist applied the CBT technique of task prioritization with sufficient skill, making it recognizable and likely to facilitate change.""}, {""item_name"": ""Action Plan"", ""score"": 1, ""rationale"": ""The therapist developed a new plan based on the current session and asked for client input, but there was no review of the previous Action Plan.""}], ""total_score"": 25}"
"direct, challenging, pragmatic",Parents constantly fighting with their teen over excessive video game use/screen time,"
[Kyle] Before we dive in, I'd like to hear what's been happening for you since our last meeting. What feels most pressing right now?
[Jamie] It's just... the constant arguments at home. My parents don't seem to get why I spend so much time gaming. It's like they think I'm just wasting my life away, and I feel like I'm stuck and can't make them understand.
[Kyle] It sounds like there's a lot of tension and misunderstanding at home, which must be frustrating. Let's explore why gaming is important to you and how it fits into your life. What do you think is the main reason you're turning to gaming so often?
[Jamie] Gaming is like an escape for me. It's where I feel in control, where I can connect with friends, and just... not think about the fighting for a while. It feels like the only place where I can be myself.
[Kyle] That makes sense. Gaming gives you a sense of control, connection, and a break from the stress at home. It seems like an important outlet for you. How do you think we can work towards balancing your need for this escape with addressing the concerns your parents have?
[Jamie] I don't really know. Every time we try to talk, it just turns into another argument. Maybe finding a way to compromise could help, but I don't know how to even start that conversation without it blowing up.
[Kyle] Compromise could definitely be a good step. How about we work together on developing some strategies for starting conversations with your parents that are less likely to escalate into arguments? Are you open to trying some techniques for calmer, more productive dialogues?
[Jamie] I guess so. It might be worth a shot if it helps avoid another blow-up.
[Kyle] Great. Let's begin by focusing on the way you communicate with your parents. One technique we could try is using ""I"" statements to express your feelings without sounding confrontational. For example, ""I feel stressed when we argue about gaming."" How does that sound to you?
[Jamie] That sounds better than just jumping into the same old fight. It might help them understand my side without it getting so heated.
[Kyle] Exactly. These ""I"" statements can open up a dialogue without assigning blame. For practice, let’s create a few more examples of what you might say to convey your perspective effectively. How about jotting down a couple of situations where you commonly argue and we can formulate statements for those?
[Jamie] Alright. One common argument is about how much time I spend gaming. Another is about my grades slipping. Maybe we could work on statements for those?
[Kyle] Those are definitely important areas to address. For the time spent gaming, you might say, ""I feel understood when you recognize that gaming helps me cope with stress."" For grades, ""I feel concerned too about my grades, and I’d appreciate some support to manage both gaming and studying.” Can you see how these might help redirect the conversation?
[Jamie] Yeah, I think those could help make things less confrontational. It feels different saying it like that, more like I'm inviting them to see where I'm coming from.
[Kyle] Precisely. These statements invite understanding and collaboration rather than conflict. Let’s try setting a goal for you to use one of these statements in a conversation with your parents this week. How does that fit as a first step in our action plan?
[Jamie] I can try that. It feels like a small step, but maybe it’ll make a big difference.
",75,26,"{""ctrs_evaluation"": [{""item_name"": ""Agenda"", ""score"": 2, ""rationale"": ""The therapist transitioned from the previous session, identified significant events (arguments at home), and set specific goals for the session (developing communication strategies). However, there was no explicit mood check or review of the previous Action Plan.""}, {""item_name"": ""Feedback"", ""score"": 1, ""rationale"": ""The therapist ensured the client understood and agreed with the treatment plan by asking if they were open to trying techniques. However, there was no evidence of ascertaining the client's reaction to the session or responding to feedback.""}, {""item_name"": ""Understanding"", ""score"": 3, ""rationale"": ""The therapist consistently listened and reflected the client's statements, recognizing Jamie's emotional state and discussing it in the context of the conceptualization of gaming as an escape.""}, {""item_name"": ""Interpersonal Effectiveness"", ""score"": 3, ""rationale"": ""The therapist demonstrated concern for the client, provided positive reinforcement, and maintained professional behavior. Warmth and acceptance were shown through empathetic reflections and encouragement.""}, {""item_name"": ""Collaboration"", ""score"": 3, ""rationale"": ""The therapist invited the client's participation in setting the agenda, selecting techniques, and determining the Action Plan, resulting in a mutually agreeable direction.""}, {""item_name"": ""Pacing and Efficient Use of Time"", ""score"": 2, ""rationale"": ""The therapist allocated appropriate time for session segments and maintained focus on the session goals. However, there is no information on the session's total duration.""}, {""item_name"": ""Guided Discovery"", ""score"": 3, ""rationale"": ""The therapist skillfully used guided discovery to help the client arrive at their own conclusions about communication strategies and assessed the impact of these cognitive shifts.""}, {""item_name"": ""Focus on Key Cognitions and Behaviors"", ""score"": 3, ""rationale"": ""The therapist focused on relevant cognitions and behaviors, such as Jamie's use of gaming as an escape and the communication issues with parents, which have the greatest promise for positive impact.""}, {""item_name"": ""Strategy for Change"", ""score"": 2, ""rationale"": ""The therapist discussed an overall strategy for improving communication with parents and used a CBT technique (I statements) to facilitate change.""}, {""item_name"": ""Application of CBT Technique"", ""score"": 2, ""rationale"": ""The therapist applied the CBT technique of using 'I' statements with sufficient skill, making it recognizable and likely to facilitate change.""}, {""item_name"": ""Action Plan"", ""score"": 2, ""rationale"": ""The therapist developed a new Action Plan based on the session, asking for client input and setting a goal for Jamie to use 'I' statements in a conversation with their parents.""}], ""total_score"": 26}"
"warm, empathetic, patient",Intensely anxious about all medical appointments demanding excessive testing/reassurance,"
[Kyle] Thanks for being here today, Jamie. When you think about the time since we last spoke, what experiences or moments stand out to you?
[Jamie] Well, I've been really worried about my upcoming doctor's appointment. It's weighing heavily on my mind, and I can't stop thinking about all the things that could go wrong. I feel like I need a lot of tests to make sure everything's okay. What if they miss something important?
[Kyle] It sounds like you're feeling quite anxious about the possibility of something being missed at your appointment. That's understandable, and it's common to have these worries when health is involved. For today, would focusing on ways to manage this anxiety and perhaps challenging some of these anxious thoughts be helpful?
[Jamie] I guess trying to manage the anxiety could help, but I still need to know for sure that everything's okay. What if I miss something important by not getting enough tests? It's hard to shake off that fear. Do you think there are any specific tests I should ask for just to be sure?
[Kyle] It sounds like you're really focused on ensuring nothing is overlooked, which is a natural concern. While I can't advise on specific medical tests, we can work together to explore strategies for managing this anxiety. If you're open to it, we could discuss techniques to reframe these thoughts and address the underlying fears. How does that sound to you?
[Jamie] That sounds like it could be helpful, but I'm still worried. What if I try to manage the anxiety, and it doesn't work? I just need to feel certain that I'm not missing anything with my health. Do you think reassurance would help?
[Kyle] It's understandable to seek reassurance when you're feeling uncertain about something as important as your health. While reassurance can provide temporary relief, it's often helpful to explore ways to build confidence in managing your anxiety long-term. Perhaps we can look at some techniques to gradually challenge these worries and build trust in your ability to handle them. How does that resonate with you?
[Jamie] I understand that working on long-term strategies could help, but the thought of not knowing for sure is still really unsettling for me. I just keep thinking, what if I overlook something crucial? It's hard not to seek reassurance constantly. Do you have any specific suggestions to ease this worry?
[Kyle] I appreciate your openness about how unsettling this is for you. One approach we can explore is cognitive restructuring, which involves identifying and challenging these anxious thoughts to see if there are alternative, balanced ways to view the situation. Additionally, we can practice mindfulness techniques to help stay grounded in the present moment. Would you be interested in trying one of these approaches today?
[Jamie] I guess trying cognitive restructuring might be worth a shot. But I'm still worried that if I don't keep checking everything, I might miss something. How do I know if I'm doing enough to reassure myself?
[Kyle] That's a great question, and your concern is very valid. Cognitive restructuring often involves identifying these recurring worries, evaluating the evidence for and against them, and then developing more balanced thoughts. We can start by identifying a specific thought that's causing you distress and work through it together. By doing this, you might find reassurance in the process itself rather than needing to constantly check. Shall we give it a try with a thought that's particularly concerning you right now?
[Jamie] Okay, I think that might help. I'm really worried about a pain I've been having. What if it's something serious and I'm not doing enough to address it? How do I even start challenging that thought?
[Kyle] Let's start by breaking down the thought, ""What if this pain is something serious and I'm not doing enough to address it?"" First, consider the evidence supporting this thought—what makes you believe it could be serious? Then, think about what evidence suggests it might not be as serious as you're fearing, such as past experiences or medical advice you've already received. Once you've weighed the evidence, let's see if you can come up with a more balanced perspective, like, ""I have some discomfort, but I've taken steps to consult with a doctor and I'm actively addressing my health."" How does this process feel for you?
[Jamie] It seems like a logical approach, but it's hard not to focus on the worst-case scenario. I always worry that I'll miss some crucial detail. I suppose trying to see both sides of the situation could help, but it's challenging not to just seek immediate reassurance. Do you think this gets easier with practice?
[Kyle] Absolutely, it does become more manageable with practice. It's quite common to focus on worst-case scenarios, but by consistently using cognitive restructuring, you can begin to shift your perspective over time. Developing this skill can help reduce the immediate need for reassurance, as you'll become more confident in evaluating your thoughts. Remember, it's a process, and taking these steps is already a positive move forward. Are you comfortable continuing to practice this approach together?
[Jamie] I think continuing to practice could be beneficial, even if it feels difficult right now. I just really want to make sure I'm covering all my bases, you know? But I'll try to keep working on it with your guidance.
",76,21,"{""ctrs_evaluation"": [{""item_name"": ""Agenda"", ""score"": 1, ""rationale"": ""The therapist transitioned from the previous session and identified significant events, but did not review an Action Plan or conduct a mood check.""}, {""item_name"": ""Feedback"", ""score"": 1, ""rationale"": ""The therapist ascertained the client's reaction and responded appropriately but did not ensure the client understood or agreed with the treatment plan.""}, {""item_name"": ""Understanding"", ""score"": 3, ""rationale"": ""The therapist consistently listened and reflected the client's statements and demonstrated empathy by acknowledging the client's emotional state.""}, {""item_name"": ""Interpersonal Effectiveness"", ""score"": 3, ""rationale"": ""The therapist demonstrated warmth, genuineness, and unconditional acceptance throughout the session.""}, {""item_name"": ""Collaboration"", ""score"": 2, ""rationale"": ""The therapist asked for client input when setting the agenda and selecting CBT techniques but did not explicitly involve the client in determining the Action Plan.""}, {""item_name"": ""Pacing and Efficient Use of Time"", ""score"": 1, ""rationale"": ""The dialogue suggests the therapist allocated time for session segments, but there is no indication of session length or seamless pacing.""}, {""item_name"": ""Guided Discovery"", ""score"": 2, ""rationale"": ""The therapist designed the session to achieve a cognitive shift and avoided bias, but there is no evidence of assessing the shift after intervention.""}, {""item_name"": ""Focus on Key Cognitions and Behaviors"", ""score"": 3, ""rationale"": ""The therapist focused on the client's anxiety and reassurance-seeking behaviors, which are relevant and impactful.""}, {""item_name"": ""Strategy for Change"", ""score"": 2, ""rationale"": ""The therapist discussed cognitive restructuring and mindfulness as strategies and used an appropriate CBT technique.""}, {""item_name"": ""Application of CBT Technique"", ""score"": 2, ""rationale"": ""The therapist applied cognitive restructuring with sufficient skill, likely to facilitate change in a motivated client.""}, {""item_name"": ""Action Plan"", ""score"": 1, ""rationale"": ""The therapist developed a plan to practice cognitive restructuring but did not review a previous Action Plan or fully develop a new one.""}], ""total_score"": 21}"
"analytical, structured, direct",Struggling with low mood and lack of pleasure after achieving sobriety,"
[Kyle] As we start today, Iwould you like to tell me about what you've been experiencing and what you're hoping we might work on together?
[Jamie] I've been feeling really empty and sad lately, even though I'm sober now. I'm scared of relapsing because nothing seems to give me pleasure anymore. I guess I'm hoping we can figure out how to deal with these feelings.
[Kyle] Thank you for sharing that with me. Feeling empty and sad can indeed be challenging, especially when you're working hard to stay sober. It sounds like finding ways to cope with these feelings and preventing a relapse is a priority for you right now. How does it sound if we focus on exploring these feelings further and identifying specific strategies today?
[Jamie] Yeah, that sounds good. I think understanding why I feel this way might help.
[Kyle] Great. We can start by examining some of your thoughts and beliefs that accompany these feelings of emptiness and sadness. Would you mind sharing some thoughts you've noticed when you're feeling this way?
[Jamie] I often think that maybe things will never feel good again, or that I don't deserve to be happy now that I'm sober. It's like I'm waiting for something bad to happen.
[Kyle] It sounds like those thoughts bring a lot of doubt and worry. How do they affect your emotions and behavior when they come up?
[Jamie] They make me feel more anxious and hopeless, and sometimes I just want to shut down and not do anything.
[Kyle] That makes sense. Those thoughts can be quite powerful in shaping how you feel and act. Let's work together to challenge and reframe those thoughts. What might be a more balanced perspective on deserving happiness and your future?
[Jamie] Maybe I can try to believe that I deserve happiness just as much as anyone else, and that feeling better could be possible with time and effort.
[Kyle] That's a constructive and balanced perspective. How could you remind yourself of this new perspective when those negative thoughts start to surface?
[Jamie] I could write it down and read it whenever I start feeling overwhelmed, or perhaps talk to someone about it for reassurance.
[Kyle] Those are excellent strategies. Writing it down can help reinforce the message, and reaching out for support can provide additional reassurance. Would you like to set an action plan to implement this strategy over the coming week?
[Jamie] Yeah, having a plan might make it easier to stick to, so that sounds helpful.
[Kyle] Let's create a specific plan together. How about aiming to write down your balanced perspective on deserving happiness and read it daily? You could also set a goal to talk to someone you trust at least once this week when those negative thoughts arise. Does that sound manageable?
[Jamie] That sounds manageable. I'll give it a try and see how it helps.
",77,30,"{""ctrs_evaluation"": [{""item_name"": ""Agenda"", ""score"": 2, ""rationale"": ""The therapist transitioned from the previous session, identified significant events, conducted a mood check, and identified specific goals for the session. However, there was no explicit review of the previous Action Plan.""}, {""item_name"": ""Feedback"", ""score"": 2, ""rationale"": ""The therapist ascertained the client's reaction, ensured the client understood and agreed with the treatment plan, and responded appropriately to feedback. However, there was no fluid request for feedback throughout the session.""}, {""item_name"": ""Understanding"", ""score"": 3, ""rationale"": ""The therapist consistently listened and reflected the client's statements and demonstrated recognition of the client's emotional state through empathy, discussing it within the context of the conceptualization.""}, {""item_name"": ""Interpersonal Effectiveness"", ""score"": 3, ""rationale"": ""The therapist demonstrated concern for the client, provided positive reinforcement, maintained professional behavior, and showed warmth, genuineness, and acceptance through words and expressions.""}, {""item_name"": ""Collaboration"", ""score"": 3, ""rationale"": ""The therapist asked for client input when setting the agenda, selecting CBT techniques, and determining the Action Plan, and made a consistent effort to invite the client's participation in every major session decision.""}, {""item_name"": ""Pacing and Efficient Use of Time"", ""score"": 2, ""rationale"": ""The therapist allocated appropriate time for all session segments and completed the session within a typical timeframe, though there is no explicit mention of session length.""}, {""item_name"": ""Guided Discovery"", ""score"": 3, ""rationale"": ""The therapist skillfully used guided discovery to help the client arrive at their own conclusions and assessed the impact of the cognitive shift.""}, {""item_name"": ""Focus on Key Cognitions and Behaviors"", ""score"": 3, ""rationale"": ""The therapist focused on the most relevant cognitions and behaviors with the greatest promise for positive impact, such as the client's beliefs about deserving happiness.""}, {""item_name"": ""Strategy for Change"", ""score"": 3, ""rationale"": ""The therapist discussed an overall strategy, used appropriate CBT techniques, explained the rationale, offered options, and obtained the client's agreement.""}, {""item_name"": ""Application of CBT Technique"", ""score"": 3, ""rationale"": ""The therapist applied CBT techniques with comfort and technical correctness, facilitating change in the client.""}, {""item_name"": ""Action Plan"", ""score"": 3, ""rationale"": ""The therapist reviewed the previous Action Plan, asked for client input, developed a new plan, ensured the client was capable of completing it, and addressed potential obstacles.""}], ""total_score"": 30}"
"warm, empathetic, patient",Avoids eating at restaurants because of the intense anxiety of speaking to the server,"
[Kyle] I'm glad you made the time to come in today. What have things been like for you over the past few days?
[Jamie] It's been a bit challenging. I’ve been avoiding going out to eat again because I get so anxious about talking to servers.
[Kyle] I'm sorry to hear that's been tough for you. It's understandable that those situations might feel overwhelming. Would it be helpful to focus on managing this anxiety today?
[Jamie] Yeah, I think that could be helpful. I’m not really sure where to start though.
[Kyle] That's completely okay. We can work through it together. Perhaps we could start by exploring the thoughts and feelings you experience in those situations. Does that sound like a good place to begin?
[Jamie] That sounds alright. I usually feel really nervous and worried about what to say or if I’ll say something wrong.
[Kyle] Thank you for sharing that. It sounds like there's a fear of making mistakes and perhaps being judged. Let's explore what specific thoughts come up when you're anticipating or in those situations. Would you like to try that?
[Jamie] I think that might be helpful. I often think, ""What if I embarrass myself or they get annoyed with me?""
[Kyle] That's an important insight. Those thoughts can certainly contribute to feeling anxious. How about we try to challenge these thoughts by examining the evidence for and against them? Would you like to try that exercise together?
[Jamie] Yeah, I’m willing to try that. It’s hard to see things differently, though.
[Kyle] I understand—it can be difficult at first. We can take it step by step. Let's start with the thought, ""What if I embarrass myself?"" Can you recall any past experiences that might challenge or support this concern?
[Jamie] Well, sometimes nothing bad actually happens. I just feel really tense, but I don’t think I've truly embarrassed myself.
[Kyle] That's great insight. Even though the fear is there, it seems like the outcomes haven't aligned with that expectation. How do you feel about focusing on this difference more in similar situations?
[Jamie] I guess it could help to remind myself of that difference. It might lessen the anxiety a bit over time.
[Kyle] That sounds like a helpful approach. As a next step, would you be open to creating a small action plan to gradually expose yourself to these situations while practicing this new perspective?
[Jamie] I think I could try that. Starting with something small might make it feel less overwhelming.
",78,24,"{""ctrs_evaluation"": [{""item_name"": ""Agenda"", ""score"": 2, ""rationale"": ""The therapist identified significant events, conducted a mood check, and set specific goals for the session by focusing on managing the patient's anxiety related to speaking to servers.""}, {""item_name"": ""Feedback"", ""score"": 1, ""rationale"": ""The therapist ascertained the client's reaction and ensured understanding, but did not fluidly request feedback throughout the session.""}, {""item_name"": ""Understanding"", ""score"": 3, ""rationale"": ""The therapist consistently listened and reflected the client's statements, demonstrating empathy and understanding of the client's emotional state.""}, {""item_name"": ""Interpersonal Effectiveness"", ""score"": 3, ""rationale"": ""The therapist demonstrated warmth, genuineness, and unconditional acceptance throughout the session.""}, {""item_name"": ""Collaboration"", ""score"": 2, ""rationale"": ""The therapist asked for client input when setting the agenda and selecting techniques, but did not consistently invite participation in every major decision.""}, {""item_name"": ""Pacing and Efficient Use of Time"", ""score"": 1, ""rationale"": ""The therapist maintained appropriate pacing but there is no evidence provided about the session duration.""}, {""item_name"": ""Guided Discovery"", ""score"": 3, ""rationale"": ""The therapist skillfully used guided discovery to help the client arrive at their own conclusions and assessed the impact of the cognitive shift.""}, {""item_name"": ""Focus on Key Cognitions and Behaviors"", ""score"": 3, ""rationale"": ""The therapist focused on the most relevant cognitions and behaviors, such as the fear of embarrassment and judgment, which have the greatest promise for positive impact.""}, {""item_name"": ""Strategy for Change"", ""score"": 2, ""rationale"": ""The therapist discussed a strategy for change by challenging thoughts and used an appropriate CBT technique.""}, {""item_name"": ""Application of CBT Technique"", ""score"": 2, ""rationale"": ""The therapist applied a CBT technique with sufficient skill by examining evidence for and against the client's thoughts.""}, {""item_name"": ""Action Plan"", ""score"": 2, ""rationale"": ""The therapist developed a new action plan based on the session and asked for client input, but did not assess the likelihood of completion or address potential obstacles.""}], ""total_score"": 24}"
"collaborative, direct, encouraging",Believes that if they do not perform a specific mental ritual a bad thing will happen to a loved one,"
[Kyle] Since this is our first time meeting, can you tell me what has been affecting you most or prompting you to seek support right now?
[Jamie] I just feel like if I don’t do these mental rituals, something terrible might happen to someone I care about. It's exhausting, but I can't seem to stop.
[Kyle] It sounds like you're dealing with a lot of distress and feel compelled to perform these rituals to prevent harm, which must be incredibly tiring. Let's explore this together today, focusing on what triggers these thoughts and how we might start to address them. How does that sound to you?
[Jamie] That sounds okay, I guess. It's just really scary to even think about not doing the rituals.
[Kyle] I understand. It’s important to acknowledge how challenging it can be to consider changing these behaviors. We’ll take it step by step, and focus on strategies that help you feel more in control. Let's explore what happens right before you feel the need to do a ritual. What thoughts or situations usually trigger it?
[Jamie] Usually, it's when I start worrying about something bad happening, especially to someone close to me. The thought just won't leave me alone until I do the ritual.
[Kyle] Thank you for sharing that. It sounds like the thought of something bad happening is really persistent, and the rituals feel like a way to manage that worry. How about we work on identifying these thoughts a bit more closely, and explore whether there are different ways to respond to them? Would that be an okay place to start?
[Jamie] Yeah, I think I could try that. It just feels like a huge step.
[Kyle] It truly is a significant step, and it's great that you're open to trying. We'll take it at a pace that feels manageable for you. Let's start by noticing those thoughts as they come up and considering how often they appear. From there, we can look into alternative responses together. How does that sound for this week's plan?
[Jamie] That sounds manageable. I'll try to pay more attention to when those thoughts pop up.
[Kyle] Excellent! Tracking when these thoughts occur is a great starting point. Let's plan to discuss what you notice next time and see what patterns or insights emerge. If you have any questions or need additional support along the way, feel free to reach out. Looking forward to hearing how it goes. Take care!
[Jamie] Thank you, I’ll do my best. Goodbye.
",79,21,"{""ctrs_evaluation"": [{""item_name"": ""Agenda"", ""score"": 1, ""rationale"": ""The therapist did not set a formal agenda but discussed exploring triggers and strategies for rituals, which partially addresses session goals.""}, {""item_name"": ""Feedback"", ""score"": 1, ""rationale"": ""The therapist checked for understanding and agreement on the plan but did not consistently seek feedback throughout the session.""}, {""item_name"": ""Understanding"", ""score"": 3, ""rationale"": ""The therapist demonstrated understanding by empathizing with the client's distress and summarizing their concerns accurately.""}, {""item_name"": ""Interpersonal Effectiveness"", ""score"": 3, ""rationale"": ""The therapist showed warmth and concern, providing positive reinforcement and maintaining professionalism throughout.""}, {""item_name"": ""Collaboration"", ""score"": 2, ""rationale"": ""The therapist asked for client input when discussing strategies and the action plan, showing collaboration.""}, {""item_name"": ""Pacing and Efficient Use of Time"", ""score"": 1, ""rationale"": ""The session segments were appropriately timed, but there is no evidence of session length to confirm efficient use of time.""}, {""item_name"": ""Guided Discovery"", ""score"": 2, ""rationale"": ""The therapist facilitated a cognitive shift by exploring triggers and alternative responses without bias.""}, {""item_name"": ""Focus on Key Cognitions and Behaviors"", ""score"": 2, ""rationale"": ""The therapist focused on the client's rituals and thoughts, which are relevant to the client's distress.""}, {""item_name"": ""Strategy for Change"", ""score"": 2, ""rationale"": ""The therapist discussed a strategy involving tracking thoughts and exploring alternative responses, using CBT techniques.""}, {""item_name"": ""Application of CBT Technique"", ""score"": 2, ""rationale"": ""The therapist applied CBT techniques by encouraging thought tracking and alternative responses, recognizable and likely to facilitate change.""}, {""item_name"": ""Action Plan"", ""score"": 2, ""rationale"": ""The therapist developed an action plan with client input, focusing on tracking thoughts and discussing findings next session.""}], ""total_score"": 21}"
"warm, empathetic, patient",In a high-pressure sales job with impossible targets leading to constant anxiety,"
[Kyle] Hi Jamie. Since our last conversation, what has been coming up for you that feels important to talk about today?
[Jamie] You know, I've been feeling really overwhelmed at work with these impossible sales targets. It's like I'm constantly on edge, and I can't shake off this anxiety.
[Kyle] That sounds really tough, Jamie. It's understandable to feel overwhelmed with such high expectations. Let's explore how this anxiety is impacting you and see if we can uncover any specific thoughts or behaviors that might be contributing to it. What do you think?
[Jamie] I think that sounds helpful. I just feel like I'm always on alert, and it's making it hard to relax at home or, honestly, even connect with my family. Everything just feels disconnected.
[Kyle] It sounds like the stress from work is seeping into other areas of your life, affecting your ability to unwind and connect with your family. Would it be okay if we spent some time today looking into the thoughts that come up when you feel this way and how they might be influencing your actions?
[Jamie] Yeah, that's probably a good idea. I often find myself worrying about meeting my targets even when I'm with my family. It's like I can't turn my mind off.
[Kyle] That sounds exhausting. Let's try to identify some of those thoughts that keep looping in your mind. Once we have a clearer picture, we can work on strategies to help manage those thoughts and make it easier to be present with your family. How does that sound to you?
[Jamie] That sounds like a plan. I really need to find a way to deal with this and be more present at home.
[Kyle] Great, Jamie. Let's start by thinking about a recent moment when you felt this anxiety. Can you recall what was running through your mind at that time? This will help us identify any recurring thoughts or patterns we can address together.
[Jamie] The other day, I was sitting with my family at dinner, and all I could think about was the upcoming sales meeting and whether I'd hit my targets. It's like this constant loop of ""what ifs"" that I can't escape from.
[Kyle] It sounds like those ""what if"" thoughts are really taking a toll on you. Let's explore what those thoughts might be communicating to you and how they're affecting your emotions and actions. By doing this, we can begin to challenge any unhelpful patterns. Are you okay with that approach?
[Jamie] Yeah, I'm okay with that. I just want to find a way to not let these thoughts take over everything.
[Kyle] Absolutely, and that's a great goal to work towards. Let's try identifying any evidence that supports or contradicts those ""what if"" thoughts. This can help us to challenge and reframe them. How does this sound as a way to help regain some control?
[Jamie] It sounds like a good way to start tackling this. I need to find a way to break this cycle.
[Kyle] That's a positive step forward, Jamie. Breaking the cycle starts with understanding it. Let's work through an example: what evidence comes to mind that might support or contradict the thought ""What if I don't hit my targets?"" This can guide us in reframing those thoughts.
[Jamie] Well, I guess the evidence supporting it is that I've occasionally missed targets in the past, which makes me fearful. On the other hand, I've also hit targets more times than not, but it seems like I only focus on the negatives.
",80,25,"{""ctrs_evaluation"": [{""item_name"": ""Agenda"", ""score"": 2, ""rationale"": ""The therapist transitioned from the previous session, identified significant events, conducted a mood check, and identified specific goals for the session. However, there was no explicit review of an Action Plan.""}, {""item_name"": ""Feedback"", ""score"": 1, ""rationale"": ""The therapist ascertained the client's reaction and ensured the client understood the treatment plan, but did not consistently respond to feedback throughout the session.""}, {""item_name"": ""Understanding"", ""score"": 3, ""rationale"": ""The therapist consistently listened and reflected the client's statements, demonstrated recognition of the client's emotional state through empathy, and discussed it within the context of the conceptualization.""}, {""item_name"": ""Interpersonal Effectiveness"", ""score"": 3, ""rationale"": ""The therapist demonstrated concern for the client, provided positive reinforcement, maintained professional behavior, and showed warmth and genuineness throughout the session.""}, {""item_name"": ""Collaboration"", ""score"": 3, ""rationale"": ""The therapist consistently invited the client's participation in setting the agenda, selecting techniques, and determining the Action Plan, resulting in a mutually agreeable direction.""}, {""item_name"": ""Pacing and Efficient Use of Time"", ""score"": 2, ""rationale"": ""The therapist allocated appropriate time for all session segments and maintained efficient pacing, though there is no explicit mention of the session duration.""}, {""item_name"": ""Guided Discovery"", ""score"": 3, ""rationale"": ""The therapist skillfully used guided discovery to help the client arrive at their own conclusions and assessed the impact of the cognitive shift.""}, {""item_name"": ""Focus on Key Cognitions and Behaviors"", ""score"": 3, ""rationale"": ""The therapist focused on the most relevant cognitions and behaviors, specifically the 'what if' thoughts, which had the greatest promise for positive impact.""}, {""item_name"": ""Strategy for Change"", ""score"": 2, ""rationale"": ""The therapist discussed an overall strategy with the client and used an appropriate CBT technique by identifying and challenging unhelpful thoughts.""}, {""item_name"": ""Application of CBT Technique"", ""score"": 2, ""rationale"": ""The therapist applied a CBT technique with sufficient skill that it was recognizable and likely to facilitate change, though there was no explicit demonstration of technical correctness.""}, {""item_name"": ""Action Plan"", ""score"": 1, ""rationale"": ""The therapist developed a new plan based on the current session and asked for client input, but did not review the previous Action Plan.""}], ""total_score"": 25}"
"warm, empathetic, patient",Fears being trapped in crowded high-speed elevators (combination of fears),"
[Kyle] Hi Jamie. As we get started today, what's been on your mind recently?
[Jamie] Hi. I've been thinking a lot about avoiding situations with crowded, high-speed elevators. The fear of being trapped in them is pretty overwhelming.
[Kyle] That sounds quite distressing, Jamie. Let's focus on understanding this fear better and perhaps explore some strategies that can help you manage it. How does that sound for today's session?
[Jamie] That sounds okay. I'm a bit apprehensive, but I'm willing to try and talk about it.
[Kyle] I appreciate your openness to explore this. We'll go at a pace you're comfortable with, and we'll work together to find a way forward. Could you share more about what happens when you think about or encounter these elevators?
[Jamie] When I think about or encounter them, my heart races and I feel a real sense of panic. It's hard to breathe, and I just want to escape the situation as fast as possible.
[Kyle] Thank you for sharing that. It sounds like you experience intense anxiety and a strong urge to avoid these situations. Let's take a closer look at these thoughts and feelings. What goes through your mind in those moments?
[Jamie] In those moments, I worry about getting stuck, not being able to get out quickly if something goes wrong, and feeling trapped with other people around me. It's like I'm losing control.
[Kyle] That sense of losing control can be really unsettling. It sounds like your fear revolves around the potential for being trapped and unable to escape. Would you be willing to explore one of these thoughts further, perhaps examining how likely or how you might handle that situation?
[Jamie] I guess I can try to explore that a bit. Maybe understanding it better might help, though I'm still pretty nervous about facing those scenarios in detail.
[Kyle] It's completely understandable to feel nervous. Let's take it one step at a time and focus on understanding these thoughts better. How would you feel about imagining a specific scenario together, where we can gently explore what might happen and how you could cope?
[Jamie] I'm a bit hesitant, but I'm open to trying to visualize a scenario with you. If it helps me understand and cope better, it might be worth it.
[Kyle] Great, I appreciate your willingness to try. Let's start by imagining you're approaching an elevator. We can pause at any point if it feels overwhelming. As you approach, what thoughts or sensations begin to arise?
[Jamie] As I approach, I start feeling tense, like my body is bracing for something. My mind immediately jumps to the idea of getting stuck inside, and I feel a bit of panic setting in.
[Kyle] Thank you for sharing that. It's important to acknowledge those sensations and thoughts. What do you think could help you feel a little more in control or calm in that initial moment, before even stepping into the elevator?
[Jamie] Maybe focusing on my breathing or reminding myself that I can always step back or wait for another elevator. Trying to take it slow might help me feel a bit more in control.
",81,19,"{""ctrs_evaluation"": [{""item_name"": ""Agenda"", ""score"": 2, ""rationale"": ""The therapist identified significant events (Jamie's fear of elevators), conducted a mood check by asking about Jamie's recent thoughts, and set specific goals for the session (exploring and managing the fear). However, there was no explicit review of the previous Action Plan or transition from the previous session.""}, {""item_name"": ""Feedback"", ""score"": 1, ""rationale"": ""The therapist ascertained the client's reaction to the proposed session focus and responded appropriately to Jamie's apprehension. However, there was no evidence of ensuring Jamie understood or agreed with a treatment plan beyond the session focus.""}, {""item_name"": ""Understanding"", ""score"": 3, ""rationale"": ""The therapist consistently listened and reflected Jamie's statements, demonstrating empathy and understanding of Jamie's emotional state, particularly the anxiety and fear of losing control.""}, {""item_name"": ""Interpersonal Effectiveness"", ""score"": 3, ""rationale"": ""The therapist demonstrated warmth, genuineness, and unconditional acceptance throughout the session, providing positive reinforcement and maintaining professional behavior.""}, {""item_name"": ""Collaboration"", ""score"": 2, ""rationale"": ""The therapist asked for Jamie's input and agreement when setting the agenda and selecting techniques (exploring thoughts and imagining scenarios). However, there was no explicit determination of an Action Plan.""}, {""item_name"": ""Pacing and Efficient Use of Time"", ""score"": 1, ""rationale"": ""The therapist maintained a reasonable pace and limited unproductive discussion. However, there is no information about the session's total duration.""}, {""item_name"": ""Guided Discovery"", ""score"": 2, ""rationale"": ""The therapist designed the session to achieve a cognitive shift by exploring Jamie's thoughts and feelings about elevators and assessing these thoughts. However, there was no assessment of the impact of the cognitive shift.""}, {""item_name"": ""Focus on Key Cognitions and Behaviors"", ""score"": 3, ""rationale"": ""The therapist focused on Jamie's specific cognitions and behaviors related to the fear of elevators, which are highly relevant and have the greatest promise for positive impact.""}, {""item_name"": ""Strategy for Change"", ""score"": 1, ""rationale"": ""The therapist had a strategy to explore Jamie's thoughts and feelings, but there was no identifiable evidence-based CBT technique discussed or used.""}, {""item_name"": ""Application of CBT Technique"", ""score"": 0, ""rationale"": ""There was no recognizable application of a CBT technique during the session.""}, {""item_name"": ""Action Plan"", ""score"": 1, ""rationale"": ""The therapist and Jamie discussed potential coping strategies (focusing on breathing, stepping back), but there was no review of a previous Action Plan or development of a new plan based on the current session.""}], ""total_score"": 19}"
"warm, empathetic, patient",Avoids driving over large bridges or elevated highways,"
[Kyle] Since this is our first time meeting, can you tell me what has been affecting you most or prompting you to seek support right now?
[Jamie] I've been dealing with a lot of fear and anxiety around driving, especially when it comes to large bridges or elevated highways. It's been affecting my travels and daily life more than I'd like to admit.
[Kyle] Thank you for sharing that with me. It sounds like this fear is really impacting your day-to-day life. How would you feel about exploring this anxiety more closely today and perhaps setting a goal to work on understanding and managing it better?
[Jamie] I guess that could be helpful. I'm just really nervous about confronting it, but I know I need to find a way to manage it better.
[Kyle] I understand that confronting fears can be tough, and I appreciate your willingness to try. We'll work through this together at a pace that feels comfortable for you. How does that sound?
[Jamie] That sounds reassuring. Moving at a comfortable pace is important for me. Thank you.
[Kyle] You're welcome, and I'm glad to hear that. Let's explore what thoughts or beliefs come up for you when you're about to drive in these situations. From there, we can work on strategies to help manage those thoughts. Does that sound like a good plan?
[Jamie] Yes, that sounds like a manageable plan. I often feel like the bridge or road will collapse, even though I know it's irrational.
[Kyle] It's understandable that these thoughts can feel very real and distressing, even if you know they're unlikely to happen. Let's consider how we might challenge and reframe these thoughts to reduce their impact. How does that idea sit with you?
[Jamie] I guess it makes sense to try and challenge these thoughts, even if it's a bit uncomfortable. I'm open to giving it a try.
[Kyle] Great, I'm glad you're open to it. Let's start by examining the evidence behind these thoughts and see if we can develop a more balanced perspective. Would you like to walk through that together now?
[Jamie] Sure, I'm willing to give it a go. It might help to look at things a bit more logically.
[Kyle] That's a great approach. Let's begin by identifying any evidence that might counteract the thought of the bridge or road collapsing. It could be useful to consider factors like maintenance, engineering standards, and daily traffic that show they're safe. What do you think about that?
[Jamie] It makes sense to think about the engineering and maintenance behind these structures. They're designed to hold a lot of weight and are used by thousands every day without incidents. Focusing on that might help ease my mind a little.
[Kyle] Exactly, focusing on these rational points can provide reassurance and help counteract those anxious thoughts. Do you think practicing this kind of balanced thinking before driving could be beneficial as a next step?
[Jamie] Yeah, practicing balanced thinking before driving could be helpful. It might make the situation feel less overwhelming.
",82,21,"{""ctrs_evaluation"": [{""item_name"": ""Agenda"", ""score"": 1, ""rationale"": ""The therapist set a general goal to explore and manage the client's anxiety but did not transition from a previous session, review an Action Plan, conduct a mood check, or identify specific goals for the session.""}, {""item_name"": ""Feedback"", ""score"": 1, ""rationale"": ""The therapist ensured the client understood and agreed with the treatment plan but did not ascertain the client's reaction or respond to feedback throughout the session.""}, {""item_name"": ""Understanding"", ""score"": 3, ""rationale"": ""The therapist consistently listened and reflected the client's statements, recognized the client's emotional state, and discussed it within the context of the conceptualization.""}, {""item_name"": ""Interpersonal Effectiveness"", ""score"": 3, ""rationale"": ""The therapist demonstrated warmth, genuineness, and unconditional acceptance through words and expressions, and provided positive reinforcement.""}, {""item_name"": ""Collaboration"", ""score"": 2, ""rationale"": ""The therapist asked for client input/agreement when setting the agenda and selecting CBT techniques, but did not determine an Action Plan collaboratively.""}, {""item_name"": ""Pacing and Efficient Use of Time"", ""score"": 1, ""rationale"": ""There is no evidence of the session's duration or allocation of time for all segments, but the therapist maintained a focus on the main issue.""}, {""item_name"": ""Guided Discovery"", ""score"": 2, ""rationale"": ""The therapist designed the session to achieve a cognitive shift and assessed the shift after the intervention, but did not fully help the client arrive at their own conclusions.""}, {""item_name"": ""Focus on Key Cognitions and Behaviors"", ""score"": 3, ""rationale"": ""The therapist focused on the most relevant cognitions and behaviors with the greatest promise for positive impact, specifically the client's irrational thoughts about bridges.""}, {""item_name"": ""Strategy for Change"", ""score"": 2, ""rationale"": ""The therapist discussed an overall strategy and used a cognitive restructuring technique but did not offer other options or obtain explicit agreement for each technique.""}, {""item_name"": ""Application of CBT Technique"", ""score"": 2, ""rationale"": ""The therapist applied cognitive restructuring with sufficient skill to facilitate change, but there is no evidence of technical correctness or comfort.""}, {""item_name"": ""Action Plan"", ""score"": 1, ""rationale"": ""The therapist developed a new plan based on the session but did not review a previous Action Plan or ask for client input on the new plan.""}], ""total_score"": 21}"
"warm, empathetic, patient",Difficulty distinguishing their own emotional state from the emotional state of others (merging),"
[Kyle] Thanks for being here today, Jamie. When you think about the time since we last spoke, what experiences or moments stand out to you?
[Jamie] I guess what stands out is how much I keep feeling other people's emotions as if they're my own. It's like I can't tell where I end and they begin. It's exhausting.
[Kyle] It sounds like you're experiencing a lot of empathy, which can be overwhelming at times. Let's focus on understanding these feelings and explore strategies that might help you create some boundaries. How does that sound for a goal today?
[Jamie] That sounds helpful. I could really use some clarity and space for myself.
[Kyle] Great. Let's start by identifying situations where this often happens. Can you think of a recent example where you felt someone else's emotions strongly?
[Jamie] Yeah, just the other day, my friend was really upset about something at work. I ended up feeling just as upset as she was, and it took over my whole day.
[Kyle] It seems like your friend's emotions had a strong impact on you, consuming much of your energy. Let's explore ways to acknowledge those feelings while maintaining your own emotional space. What are your thoughts on setting some mental or emotional boundaries in those situations?
[Jamie] I think I need boundaries, but I'm not really sure how to set them. It feels hard to separate what's mine and what's theirs, you know?
[Kyle] I understand, and setting boundaries can be challenging. One approach we can explore is grounding techniques that help reinforce your sense of self. Would you be open to trying one of these techniques together today?
[Jamie] Yeah, I'm open to trying that. I could use something to help ground myself.
[Kyle] Great! Let's try a simple grounding exercise. Take a deep breath and focus on the physical sensations in your body, like the feeling of your feet on the ground. This can help anchor you in your own experience. How does it feel giving this a try?
[Jamie] It's a bit strange, but I think I can sense a bit more of myself. It's like I'm slowly coming back to my own space.
[Kyle] That's a positive step. It may take practice, but grounding can be a valuable tool for differentiating your emotions from others'. Would you like to incorporate this into your daily routine as a way to strengthen those boundaries?
[Jamie] Yeah, I think incorporating it into my day could really help. Hopefully, it gets easier with time.
[Kyle] Absolutely, with practice, it often becomes more intuitive. How about we set a plan for you to try this grounding exercise a few times a day, perhaps in the morning and evening? Does that feel manageable?
[Jamie] That sounds manageable. I think setting those times could help me get a better handle on things.
",83,25,"{""ctrs_evaluation"": [{""item_name"": ""Agenda"", ""score"": 2, ""rationale"": ""The therapist transitioned from the previous session, identified significant events, and set specific goals for the session, but did not review an Action Plan or conduct a mood check.""}, {""item_name"": ""Feedback"", ""score"": 1, ""rationale"": ""The therapist ensured the client understood and agreed with the treatment plan but did not ascertain the client's reaction or respond to feedback throughout the session.""}, {""item_name"": ""Understanding"", ""score"": 3, ""rationale"": ""The therapist consistently listened, reflected the client's statements, and demonstrated recognition of the client's emotional state through empathy.""}, {""item_name"": ""Interpersonal Effectiveness"", ""score"": 3, ""rationale"": ""The therapist demonstrated warmth, genuineness, and unconditional acceptance through their empathetic and supportive responses.""}, {""item_name"": ""Collaboration"", ""score"": 2, ""rationale"": ""The therapist asked for client input when setting the agenda and determining the Action Plan, but did not consistently invite participation in every major session decision.""}, {""item_name"": ""Pacing and Efficient Use of Time"", ""score"": 2, ""rationale"": ""The therapist allocated appropriate time for session segments and likely completed the session within 40-60 minutes.""}, {""item_name"": ""Guided Discovery"", ""score"": 2, ""rationale"": ""The therapist designed the session to achieve a cognitive shift and assessed the shift after an intervention, but did not skillfully use discovery to help the client arrive at their own conclusions.""}, {""item_name"": ""Focus on Key Cognitions and Behaviors"", ""score"": 3, ""rationale"": ""The therapist focused on the most relevant cognitions and behaviors related to the client's difficulty with emotional boundaries, which had the greatest promise for positive impact.""}, {""item_name"": ""Strategy for Change"", ""score"": 2, ""rationale"": ""The therapist discussed an overall strategy and used an appropriate evidence-based CBT technique (grounding exercise).""}, {""item_name"": ""Application of CBT Technique"", ""score"": 2, ""rationale"": ""The therapist applied a CBT technique (grounding exercise) with sufficient skill that it was recognizable and likely to facilitate change.""}, {""item_name"": ""Action Plan"", ""score"": 3, ""rationale"": ""The therapist reviewed the new Action Plan, ensured the client was capable of completing it, and addressed the likelihood of completion by setting specific times for practice.""}], ""total_score"": 25}"
"direct, challenging, pragmatic",Couple with low sexual desire that causes conflict and misunderstanding,"
[Kyle] Before we dive in, I'd like to hear what's been happening for you since our last meeting. What feels most pressing right now?
[Jamie] I guess it's the same old issue. Just feeling a bit stuck with the lack of intimacy and not sure how to address it without making things worse.
[Kyle] Thanks for sharing that. It sounds like the lack of intimacy is a key focus today. Let's set a goal to explore how your thoughts and behaviors might be influencing this situation, and then identify one or two strategies you can try. Does that sound helpful?
[Jamie] Yeah, that sounds okay. I'm open to trying something new if it might help.
[Kyle] Great. Let's start by looking at some of the automatic thoughts you have when you think about addressing the lack of intimacy. What typically goes through your mind?
[Jamie] I usually think that bringing it up might just lead to an argument, or that it'll seem like I'm blaming them, even if that's not what I mean.
[Kyle] Those are understandable concerns. What evidence do you have for and against these thoughts? Is there a past experience that might help us evaluate their accuracy?
[Jamie] Well, the last time I tried to talk about it, it turned into a misunderstanding pretty quickly. But sometimes when we've had open conversations, it was alright. So I guess it’s a mix.
[Kyle] It sounds like there's a pattern where conversations can go either way. Let's focus on what you did differently in the conversations that went well. What approach or language helped those discussions be more productive?
[Jamie] I think when I stayed calm and focused on how I felt, rather than what they were doing wrong, it seemed to help. But it’s hard not to let frustration take over.
[Kyle] That's a useful insight. Keeping the focus on your feelings rather than assigning blame can set a positive tone. Would you be open to practicing some strategies for managing frustration during these talks?
[Jamie] Yeah, I'll give it a shot. Managing frustration would definitely help.
[Kyle] Let's work on a two-step approach: first, taking a moment to pause and breathe before responding, and second, using ""I feel"" statements to express your emotions. Can you imagine how this might look in a conversation?
[Jamie] I guess I could start by taking a deep breath if I feel myself getting upset, and then say something like, ""I feel disconnected when we don't spend time together."" That might work.
[Kyle] Exactly. That's a clear and non-confrontational way to share your feelings. Would you like to try this approach in a role-play to see how it might feel?
[Jamie] I'm not really sure about the role-play, but I can try to picture it in my head for now.
",84,21,"{""ctrs_evaluation"": [{""item_name"": ""Agenda"", ""score"": 2, ""rationale"": ""The therapist transitioned from the previous session, identified significant events, and set specific goals for the session, but did not review an Action Plan or conduct a mood check.""}, {""item_name"": ""Feedback"", ""score"": 1, ""rationale"": ""The therapist ascertained the client's reaction to the session goals but did not ensure understanding/agreement with a treatment plan or respond to feedback throughout the session.""}, {""item_name"": ""Understanding"", ""score"": 3, ""rationale"": ""The therapist consistently listened and reflected the client's statements, demonstrating recognition of the client's emotional state and discussing it within the context of the conceptualization.""}, {""item_name"": ""Interpersonal Effectiveness"", ""score"": 2, ""rationale"": ""The therapist demonstrated concern for the client and maintained professional behavior, but there was limited evidence of providing positive reinforcement or demonstrating warmth and genuineness.""}, {""item_name"": ""Collaboration"", ""score"": 2, ""rationale"": ""The therapist asked for client input when setting the agenda and selecting CBT techniques, but did not explicitly determine the Action Plan with the client's input.""}, {""item_name"": ""Pacing and Efficient Use of Time"", ""score"": 1, ""rationale"": ""The therapist allocated appropriate time for session segments but there is no evidence of completing the session within 40-60 minutes.""}, {""item_name"": ""Guided Discovery"", ""score"": 2, ""rationale"": ""The therapist designed the session to achieve a cognitive shift and assessed the shift after an intervention, but there was no evidence of skillfully using discovery to help the client arrive at their own conclusions.""}, {""item_name"": ""Focus on Key Cognitions and Behaviors"", ""score"": 3, ""rationale"": ""The therapist focused on the most relevant cognitions and behaviors related to the agenda items, which had the greatest promise for positive impact.""}, {""item_name"": ""Strategy for Change"", ""score"": 2, ""rationale"": ""The therapist discussed an overall strategy with the client and used appropriate CBT techniques, but did not explain the rationale for the technique or offer other options.""}, {""item_name"": ""Application of CBT Technique"", ""score"": 2, ""rationale"": ""The therapist applied a CBT technique with sufficient skill that it was recognizable and likely to facilitate change in a motivated client.""}, {""item_name"": ""Action Plan"", ""score"": 1, ""rationale"": ""The therapist developed a new plan based on the current session but did not review the previous Action Plan or ask for client input on the new plan.""}], ""total_score"": 21}"
"observant, analytical, systemic",Caring for a parent with a long slow terminal illness struggling with exhaustion,"
[Kyle] To begin, could you share what has been most difficult or concerning for you lately?
[Jamie] I'm struggling with exhaustion from caring for my parent, and it feels like there's no end in sight.
[Kyle] It sounds like you're carrying a heavy burden, and that can certainly be exhausting. Let's aim to address this today by identifying strategies that might help manage your stress and find some relief. How does that sound to you?
[Jamie] That sounds okay, though I'm not sure what could really make a difference right now.
[Kyle] I understand it might feel overwhelming right now. Let's start by exploring what your current daily routine looks like and identifying specific moments where stress feels most intense. This could help us find small adjustments that might offer some relief. Are you open to trying that?
[Jamie] I guess so. My days are pretty repetitive, and the stress peaks when I'm managing medications and appointments.
[Kyle] Thank you for sharing that. It seems like managing medications and appointments is a key stressor. Let’s explore a strategy, like creating a more structured schedule or a checklist, to see if that might help reduce the pressure. What do you think about trying this approach?
[Jamie] It might be worth a try, even if I'm not sure it'll change much.
[Kyle] That's understandable, and it's great that you're open to giving it a chance. Let's work together to outline a simple checklist or schedule that can streamline your daily tasks. Perhaps start with one or two aspects, like medications or appointments, and we can refine it as needed. How does that sound?
[Jamie] Okay, starting small might be manageable. Let's try focusing on medications first.
[Kyle] Great choice. We can design a checklist for medication management, including timings and dosages. You might also consider setting reminders on your phone or using a pill organizer. How does that approach resonate with you?
[Jamie] It sounds like a practical step. I could try setting reminders at first.
[Kyle] Setting reminders is a solid start. Let's agree on times for these reminders and how you'll track their effectiveness. Maybe you can note any changes in your stress levels over the next week. Does that sound like a plan you'd be willing to try?
[Jamie] Yeah, I can try that for a week and see if it helps at all.
[Kyle] Wonderful. Let’s also set a time next week to discuss how it went and any adjustments needed. Remember, small steps can lead to meaningful change. Is there anything else you’d like to add to today's plan?
[Jamie] Not really, I just hope it makes a difference.
",85,29,"{""ctrs_evaluation"": [{""item_name"": ""Agenda"", ""score"": 2, ""rationale"": ""The therapist identified significant events (exhaustion from caregiving), reviewed the action plan (creating a checklist), and identified specific goals (managing stress through structured scheduling). However, there was no explicit transition from the previous session or mood check.""}, {""item_name"": ""Feedback"", ""score"": 2, ""rationale"": ""The therapist ascertained the client's reaction to the proposed strategies, ensured understanding and agreement with the treatment plan, and responded appropriately to feedback by adjusting the plan to focus on medications.""}, {""item_name"": ""Understanding"", ""score"": 3, ""rationale"": ""The therapist consistently listened and reflected the client's statements, demonstrated empathy by recognizing the client's emotional state, and discussed it within the context of the conceptualization of stress management.""}, {""item_name"": ""Interpersonal Effectiveness"", ""score"": 3, ""rationale"": ""The therapist demonstrated concern for the client, provided positive reinforcement, maintained professional behavior, and showed warmth and genuineness throughout the session.""}, {""item_name"": ""Collaboration"", ""score"": 3, ""rationale"": ""The therapist consistently invited the client's participation in setting the agenda, selecting techniques, and determining the action plan, resulting in a mutually agreeable direction.""}, {""item_name"": ""Pacing and Efficient Use of Time"", ""score"": 2, ""rationale"": ""The therapist allocated appropriate time for session segments and maintained focus on relevant issues, though the dialogue does not specify the session's total duration.""}, {""item_name"": ""Guided Discovery"", ""score"": 2, ""rationale"": ""The therapist designed the session to achieve a cognitive shift by exploring stress points and proposing a checklist strategy, though there was no explicit assessment of the cognitive shift's impact.""}, {""item_name"": ""Focus on Key Cognitions and Behaviors"", ""score"": 3, ""rationale"": ""The therapist focused on specific cognitions and behaviors related to stress management, particularly around medications and appointments, which are highly relevant to the client's concerns.""}, {""item_name"": ""Strategy for Change"", ""score"": 3, ""rationale"": ""The therapist discussed an overall strategy, used an appropriate CBT technique (scheduling and reminders), explained the rationale, and obtained the client's agreement.""}, {""item_name"": ""Application of CBT Technique"", ""score"": 3, ""rationale"": ""The therapist applied the technique of creating a structured schedule and reminders with skill, demonstrating comfort and technical correctness, likely to facilitate change.""}, {""item_name"": ""Action Plan"", ""score"": 3, ""rationale"": ""The therapist reviewed the action plan, asked for client input, developed a new plan, ensured the client was capable of completing it, and addressed potential obstacles by suggesting reminders.""}], ""total_score"": 29}"
"collaborative, direct, encouraging",Uses late-night hours for intense work/study leading to difficulty winding down,"
[Kyle] Hi Jamie. As we get started today, what's been on your mind recently?
[Jamie] I've been thinking about how to better manage my late-night work hours because it's been tough to relax and get a good night's sleep afterward.
[Kyle] That sounds challenging. In today's session, perhaps we can explore strategies for balancing work and relaxation to improve your sleep. How does that sound to you?
[Jamie] That sounds like a good plan. I'd like to find some ways to unwind without feeling like I'm wasting time.
[Kyle] Great! Let's work together on identifying effective relaxation techniques that fit into your schedule and don't feel wasteful. Can you think of any activities that might help you unwind?
[Jamie] I've considered things like reading fiction or maybe some light stretching, but I'm not sure if they fit well with my routine.
[Kyle] Those are both excellent ideas. Let’s discuss how you might incorporate them into your routine practically and see how they fit with your schedule. Would you like to give one of them a try this week?
[Jamie] I think I could try reading fiction this week and see how that feels.
[Kyle] That sounds like a solid plan. How about setting a specific time each night to read, like 20 minutes before bed, and then we can talk about how it went next time? Does that work for you?
[Jamie] Yeah, setting a specific time could help. I'll aim for 20 minutes before bed and we can see how it goes.
[Kyle] Excellent. Let’s review how it went during our next session. Is there anything else you’d like to discuss or focus on today?
[Jamie] I think that's it for now. I'm eager to try this out and see if it helps.
[Kyle] That sounds great. I'm looking forward to hearing how it goes. Take care, and we'll catch up in our next session. Goodbye!
[Jamie] Goodbye! I'll see you next time.
",86,25,"{""ctrs_evaluation"": [{""item_name"": ""Agenda"", ""score"": 2, ""rationale"": ""The therapist identified significant events (Jamie's late-night work hours), conducted a mood check, and identified specific goals for the session (exploring relaxation strategies). However, there was no explicit review of the previous Action Plan or transition from the previous session.""}, {""item_name"": ""Feedback"", ""score"": 2, ""rationale"": ""The therapist ascertained Jamie's reaction to the proposed plan and ensured understanding and agreement with the treatment plan. However, there was no evidence of fluidly requesting feedback throughout the session.""}, {""item_name"": ""Understanding"", ""score"": 2, ""rationale"": ""The therapist consistently listened and reflected Jamie's statements, acknowledging the challenge of balancing work and relaxation.""}, {""item_name"": ""Interpersonal Effectiveness"", ""score"": 3, ""rationale"": ""The therapist demonstrated warmth and genuineness by encouraging Jamie's ideas and providing positive reinforcement, showing concern for Jamie's well-being.""}, {""item_name"": ""Collaboration"", ""score"": 3, ""rationale"": ""The therapist consistently invited Jamie's participation in setting the agenda, selecting relaxation techniques, and determining the Action Plan, resulting in a mutually agreeable direction.""}, {""item_name"": ""Pacing and Efficient Use of Time"", ""score"": 2, ""rationale"": ""The therapist allocated appropriate time for session segments and kept the session focused, but there is no information on the session's total duration.""}, {""item_name"": ""Guided Discovery"", ""score"": 2, ""rationale"": ""The therapist designed the session to achieve a cognitive shift by exploring new relaxation strategies, avoiding bias, and assessing the plan's implementation for the next session.""}, {""item_name"": ""Focus on Key Cognitions and Behaviors"", ""score"": 3, ""rationale"": ""The therapist focused on the most relevant cognitions and behaviors (Jamie's late-night work routine and relaxation techniques) with the greatest promise for positive impact.""}, {""item_name"": ""Strategy for Change"", ""score"": 2, ""rationale"": ""The therapist discussed an overall strategy with Jamie and used an appropriate CBT technique by planning specific relaxation activities.""}, {""item_name"": ""Application of CBT Technique"", ""score"": 2, ""rationale"": ""The therapist applied a CBT technique (behavioral activation) with sufficient skill, likely to facilitate change in a motivated client.""}, {""item_name"": ""Action Plan"", ""score"": 2, ""rationale"": ""The therapist reviewed the new Action Plan with Jamie, asked for input, and developed a plan based on the current session. However, there was no assessment of potential obstacles or likelihood of completion.""}], ""total_score"": 25}"
"warm, empathetic, patient",Obsessively analyzes every expense and investment leading to extreme financial anxiety,"
[Kyle] Hi Jamie. As we get started today, what's been on your mind recently?
[Jamie] Hi. Lately, it's been all about managing my expenses and investments. I'm constantly worried about where my money is going and whether any financial decision I make is going to lead to disaster. It's just so exhausting.
[Kyle] It sounds like finances have been causing you a lot of stress and worry. Let's set a goal for today to explore some of these thoughts and see if we can identify some strategies to help manage this anxiety. Does that sound okay to you?
[Jamie] Yeah, that sounds okay. I'm open to exploring why I can't seem to relax about it and see if there might be a better way to handle things.
[Kyle] Great, let's start by examining some of the specific thoughts you have around your financial decisions. What tends to go through your mind when you're making or thinking about these decisions?
[Jamie] I usually get overwhelmed with thoughts about whether I'm making the right choice. I think about all the possible outcomes, and what if I've missed something that could make this a bad decision? It feels like every financial decision could have huge consequences, and I'm terrified of making a mistake.
[Kyle] It sounds like the fear of making a mistake and the potential consequences are driving a lot of anxiety for you. Let's try breaking down one of these thoughts to understand it better. Could you share a recent financial decision you were worried about? We can take a closer look together.
[Jamie] Sure. Recently, I was trying to decide whether to invest in a new mutual fund. I kept questioning if it was the right time, if the fund had too much risk, and what would happen if the market took a downturn. It just spiraled into this mess of what-ifs and uncertainty.
[Kyle] Thank you for sharing that example. Let's break this down together. What evidence do you have that supports your fear about the fund being too risky, and what evidence contradicts it? This might help bring some clarity to your decision-making process.
[Jamie] Supporting my fear, there's always market volatility, and I've read articles warning about potential downturns. On the other hand, the fund has a good track record, and the advisor assured me it's a balanced option. But even with this, I keep second-guessing if I'm considering everything necessary.
[Kyle] It's understandable to have concerns given the unpredictability of the markets. It seems like you have some credible information that supports the safety and potential of this investment too. Let's think about some of the key factors that would help you feel more confident in your decision. What would be important for you to consider or verify before feeling comfortable moving forward?
[Jamie] I think having a clear understanding of the specific risks involved and knowing how they align with my overall financial goals would help. Maybe having a plan for different scenarios could also give me some peace of mind.
[Kyle] That sounds like a thoughtful approach. Creating a plan for different scenarios might reduce your anxiety by giving you a sense of readiness for various outcomes. How about we set an action plan today to research the fund's risks more thoroughly and outline a few possible scenarios? This can serve as a guide to help ease some of your what-if worries. How does that sound to you?
[Jamie] That sounds like a good start. Having a structured plan might help me feel a bit more in control and less anxious about it all. Let's go for it.
[Kyle] Excellent. Let's outline the specific steps you'll take to research and create these scenarios. If you ever feel stuck, I'm here to help you along the way. How does that sound as a plan?
[Jamie] That sounds good. I'll start by looking into the fund's historical performance, assessing its risks, and maybe consulting with my advisor again for clarity. Then, I'll work on mapping out a few scenarios. Thanks for your support.
",87,26,"{""ctrs_evaluation"": [{""item_name"": ""Agenda"", ""score"": 2, ""rationale"": ""The therapist transitioned from the previous session, identified significant events, conducted a mood check, and identified specific goals for the session. However, there was no explicit review of the Action Plan from the previous session.""}, {""item_name"": ""Feedback"", ""score"": 1, ""rationale"": ""The therapist ensured the client understood and agreed with the treatment plan, but there was no evidence of ascertaining the client's reaction or responding to feedback.""}, {""item_name"": ""Understanding"", ""score"": 3, ""rationale"": ""The therapist consistently listened and reflected the client's statements, demonstrated recognition of the client's emotional state through empathy, and discussed it within the context of the conceptualization.""}, {""item_name"": ""Interpersonal Effectiveness"", ""score"": 3, ""rationale"": ""The therapist demonstrated concern for the client, provided positive reinforcement, maintained professional behavior, and showed warmth and genuineness throughout the session.""}, {""item_name"": ""Collaboration"", ""score"": 3, ""rationale"": ""The therapist asked for client input when setting the agenda, selecting CBT techniques, and determining the Action Plan, and consistently invited the client's participation in session decisions.""}, {""item_name"": ""Pacing and Efficient Use of Time"", ""score"": 2, ""rationale"": ""The therapist allocated appropriate time for session segments, but there is no information on whether the session was completed within 40-60 minutes.""}, {""item_name"": ""Guided Discovery"", ""score"": 2, ""rationale"": ""The therapist designed the session to achieve a cognitive shift, avoided bias, and assessed the shift after an intervention, but did not fully help the client arrive at their own conclusions.""}, {""item_name"": ""Focus on Key Cognitions and Behaviors"", ""score"": 3, ""rationale"": ""The therapist focused on the most relevant cognitions and behaviors associated with the client's financial anxiety, which had the greatest promise for positive impact.""}, {""item_name"": ""Strategy for Change"", ""score"": 2, ""rationale"": ""The therapist discussed an overall strategy with the client and used an appropriate, identifiable CBT technique, but did not explain the rationale for the technique or offer other options.""}, {""item_name"": ""Application of CBT Technique"", ""score"": 2, ""rationale"": ""The therapist applied a CBT technique with sufficient skill that it was recognizable and likely to facilitate change in a motivated client.""}, {""item_name"": ""Action Plan"", ""score"": 3, ""rationale"": ""The therapist reviewed the previous Action Plan, asked for client input on the new plan, developed a new plan based on the current session, ensured the client was capable of completing it, and addressed potential obstacles.""}], ""total_score"": 26}"
"direct, challenging, pragmatic",Escalates arguments quickly leading to relationship explosions and subsequent guilt,"
[Kyle] Before we dive in, I'd like to hear what's been happening for you since our last meeting. What feels most pressing right now?
[Jamie] Honestly, I’ve been feeling overwhelmed by my own reactions lately. Every little thing seems to set me off and then I just feel crushed by guilt. It’s like I can't stop it from happening.
[Kyle] That sounds really challenging. It's clear that these reactions and the subsequent guilt are weighing heavily on you. Let’s aim to understand what's triggering these reactions and work out a strategy to manage them. How does that sound for today’s session?
[Jamie] Yeah, that sounds good. I just hope I can figure out why everything feels like a trigger and how to stop this cycle.
[Kyle] Great, let's focus on identifying specific triggers and understand the thoughts you have during those moments. We can then explore strategies to manage or change those reactions. Ready to start by talking about a recent situation where this happened?
[Jamie] Sure, I guess we can talk about what happened with my partner last week. It got out of hand so fast, and I don’t even know where it came from.
[Kyle] Let's break that down. Can you recall the specific moment when things started to escalate? What were your thoughts right before it got out of hand?
[Jamie] I remember they said something about the dishes. It was like a spark that just set me off. My mind went to this place where I felt attacked, like a failure somehow, and before I knew it, I was yelling. It’s embarrassing to even think about.
[Kyle] It sounds like the thought of being criticized or seen as a failure triggered a strong emotional response. This kind of automatic thought can be really powerful. Let’s work on identifying these thoughts quickly so we can develop a plan to catch and challenge them before they escalate. Shall we identify a few more examples where similar thoughts came up?
[Jamie] Yeah, I guess that makes sense. There’s definitely a pattern. I’ll try to think of other times I’ve felt like that.
[Kyle] Identifying patterns is key here. Once we have a few examples, we can look at what those automatic thoughts have in common and start challenging their validity. How does that approach sound to you?
[Jamie] It sounds like a plan. I really want to see if there’s a way to stop this from happening over and over.
[Kyle] Great, it’s good to hear you’re motivated to tackle this. Let’s make sure we create an action plan today that helps you practice identifying and challenging these thoughts. Ready to map out next steps?
[Jamie] Yeah, I'm ready. Let's figure out a way to make this work.
[Kyle] Let's start with a thought record exercise where you note down triggering situations, your automatic thoughts, emotions, and alternative responses. How often do you think you can do this exercise over the next week?
[Jamie] I can try doing it a couple of times a week. It might be hard to catch in the moment, but I’ll do my best to write it down soon after.
",88,31,"{""ctrs_evaluation"": [{""item_name"": ""Agenda"", ""score"": 3, ""rationale"": ""The therapist transitioned from the previous session, identified significant events, reviewed the action plan, conducted a mood check, and identified specific goals for the session. All items important to the client were addressed and prioritized.""}, {""item_name"": ""Feedback"", ""score"": 2, ""rationale"": ""The therapist ascertained the client's reaction to the session plan and ensured the client understood and agreed with the treatment plan. However, there was no evidence of fluidly requesting feedback throughout the session.""}, {""item_name"": ""Understanding"", ""score"": 3, ""rationale"": ""The therapist consistently listened and reflected the client's statements, recognized the client's emotional state, and discussed it within the context of the conceptualization.""}, {""item_name"": ""Interpersonal Effectiveness"", ""score"": 3, ""rationale"": ""The therapist demonstrated concern, provided positive reinforcement, maintained professional behavior, and showed warmth and genuineness throughout the session.""}, {""item_name"": ""Collaboration"", ""score"": 3, ""rationale"": ""The therapist consistently invited the client's participation in major session decisions, resulting in a mutually agreeable direction.""}, {""item_name"": ""Pacing and Efficient Use of Time"", ""score"": 2, ""rationale"": ""The therapist allocated appropriate time for all session segments and completed the session within the typical time frame, but there is no evidence of seamless pacing or limiting unproductive discussion.""}, {""item_name"": ""Guided Discovery"", ""score"": 3, ""rationale"": ""The therapist skillfully used guided discovery to help the client arrive at their own conclusions and assessed the impact of the cognitive shift.""}, {""item_name"": ""Focus on Key Cognitions and Behaviors"", ""score"": 3, ""rationale"": ""The therapist focused on the most relevant cognitions and behaviors with the greatest promise for positive impact, specifically the client's automatic thoughts and emotional responses.""}, {""item_name"": ""Strategy for Change"", ""score"": 3, ""rationale"": ""The therapist discussed an overall strategy, used appropriate CBT techniques, explained the rationale, offered options, and obtained the client's agreement.""}, {""item_name"": ""Application of CBT Technique"", ""score"": 3, ""rationale"": ""The therapist applied the thought record exercise with comfort and technical correctness, likely to facilitate change in a motivated client.""}, {""item_name"": ""Action Plan"", ""score"": 3, ""rationale"": ""The therapist reviewed the previous action plan, asked for client input on the new plan, developed a new plan, ensured the client was capable of completing it, and addressed potential obstacles.""}], ""total_score"": 31}"
"warm, empathetic, patient",Spends hours daily researching symptoms and self-diagnosing on the internet,"
[Kyle] As we start today, Iwould you like to tell me about what you've been experiencing and what you're hoping we might work on together?
[Jamie] I've been spending so much time online looking up every little symptom I have, trying to figure out what's wrong with me. It's exhausting, but I can't seem to stop. I guess I'm hoping we can find a way for me to feel less anxious and more in control.
[Kyle] That sounds incredibly exhausting and overwhelming. It’s understandable that you’d want to feel less anxious and more in control. Let’s set a goal for today to explore ways to address this cycle and look at strategies to help you manage your anxiety. How does that sound to you?
[Jamie] Yeah, that sounds like a good idea. I really need to find a way to break this cycle.
[Kyle] Great. One way we can approach this is by identifying the thoughts and beliefs that drive you to seek reassurance online. From there, we can explore some CBT techniques to challenge and change those patterns. Does that seem like a helpful place to start?
[Jamie] I think that could be helpful. I do have certain thoughts that keep pushing me to search online, and it would be good to understand them better.
[Kyle] Perfect. Let’s begin by exploring one of those thoughts. Can you share a common thought that leads you to start searching online for symptoms?
[Jamie] One common thought I have is, ""What if this symptom means I have something serious?"" It's like a spiral, and I feel the need to check just to be sure.
[Kyle] Thank you for sharing that thought. It sounds like there's a lot of fear and urgency behind it. Let’s try examining this thought by looking at the evidence for and against it. How does that idea sit with you as a next step?
[Jamie] I think that makes sense. It might help me see things more clearly if I can look at the evidence and not just jump to the worst-case scenario.
[Kyle] Exactly. Let's start by identifying evidence that supports the thought that a symptom might be serious and then explore the evidence against it. This way, we can develop a more balanced view. Are you comfortable sharing what evidence comes to mind for both sides?
[Jamie] For supporting evidence, it's usually things I read about online, like articles that list serious conditions associated with the symptom. Against it, I guess there are times when the symptom turns out to be nothing after a while, and I've never actually been diagnosed with something serious before.
[Kyle] You're doing a great job identifying both sides. Noticing the times when symptoms resolve on their own without being serious is valuable evidence against the fear-driven thought. By recognizing these patterns, we can work toward breaking the cycle of anxiety and reassurance seeking. How are you feeling about this reflection so far?
[Jamie] I'm feeling a bit more aware. It's kind of relieving to see that maybe my fears aren't always as justified as they seem in the moment.
[Kyle] That’s a great insight, and it’s a positive step toward feeling more in control. Let’s use this awareness to create a specific action plan you can practice between sessions. Perhaps next time you notice a symptom, you could pause and review the balanced evidence before deciding what action to take. How does that sound for a plan?
[Jamie] That sounds like a doable plan. I think having a clear step to follow might help me pause and think before jumping into searching online.
",89,31,"{""ctrs_evaluation"": [{""item_name"": ""Agenda"", ""score"": 3, ""rationale"": ""The therapist transitioned from the previous session, identified significant events, reviewed the action plan, conducted a mood check, and set specific goals for the session. The therapist ensured that the client's concerns about anxiety and control were prioritized.""}, {""item_name"": ""Feedback"", ""score"": 2, ""rationale"": ""The therapist ascertained the client's reaction and ensured the client understood and agreed with the treatment plan. However, there was no evidence of fluidly requesting feedback throughout the session.""}, {""item_name"": ""Understanding"", ""score"": 3, ""rationale"": ""The therapist consistently listened and reflected the client's statements and demonstrated recognition of the client's emotional state through empathy, discussing it within the context of the conceptualization.""}, {""item_name"": ""Interpersonal Effectiveness"", ""score"": 3, ""rationale"": ""The therapist demonstrated concern for the client, provided positive reinforcement, maintained professional behavior, and showed warmth, genuineness, and unconditional acceptance.""}, {""item_name"": ""Collaboration"", ""score"": 3, ""rationale"": ""The therapist invited the client's participation in setting the agenda, selecting CBT techniques, and determining the action plan, resulting in a mutually agreeable direction.""}, {""item_name"": ""Pacing and Efficient Use of Time"", ""score"": 2, ""rationale"": ""The therapist allocated appropriate time for all session segments and likely completed the session within 40-60 minutes, though seamless pacing was not explicitly mentioned.""}, {""item_name"": ""Guided Discovery"", ""score"": 3, ""rationale"": ""The therapist skillfully used guided discovery to help the client arrive at their own conclusions and assessed the impact of the cognitive shift.""}, {""item_name"": ""Focus on Key Cognitions and Behaviors"", ""score"": 3, ""rationale"": ""The therapist focused on the most relevant cognitions and behaviors with the greatest promise for positive impact, such as the client's anxiety-driven thoughts.""}, {""item_name"": ""Strategy for Change"", ""score"": 3, ""rationale"": ""The therapist discussed an overall strategy, explained the rationale for the technique, offered other options, and obtained the client's agreement to use it.""}, {""item_name"": ""Application of CBT Technique"", ""score"": 3, ""rationale"": ""The therapist applied a CBT technique with comfort and technical correctness, facilitating change in a motivated client.""}, {""item_name"": ""Action Plan"", ""score"": 3, ""rationale"": ""The therapist reviewed the previous action plan, asked for client input on the new plan, developed a new plan, ensured the client was capable of completing it, and addressed potential obstacles.""}], ""total_score"": 31}"
"observant, analytical, systemic",Recently became a single parent struggling with financial and emotional load,"
[Kyle] Hi Jamie. As we get started today, what's been on your mind recently?
[Jamie] I've been feeling really overwhelmed trying to balance everything as a single parent. It's like there's never enough time or money, and it's hard not to feel guilty about it all.
[Kyle] Thank you for sharing how you're feeling. It sounds like you're experiencing a lot of pressure trying to manage multiple responsibilities. Let's explore this further—what would you like to focus on in today's session to make some progress on these feelings?
[Jamie] I think I'd like to focus on dealing with the guilt. It's hard not to feel like I'm letting my child down by not being able to give them everything I want to.
[Kyle] Focusing on managing feelings of guilt sounds like a valuable goal for today's session. How does this plan align with what you were hoping to address today?
[Jamie] It aligns really well. I often feel like the guilt just adds to my stress, and if I could find a way to manage it, maybe everything wouldn't feel so overwhelming.
[Kyle] Great, let's delve into those feelings of guilt. Can you share a specific situation where the guilt felt particularly strong? This will help us identify any underlying thoughts contributing to it.
[Jamie] Recently, I couldn't afford to sign my child up for a class they really wanted to take. Seeing their disappointment made the guilt hit really hard. It felt like I was failing them.
[Kyle] Thank you for sharing that specific situation. It's understandable to feel guilty in that moment. Let's explore the thoughts you had during this experience. What was going through your mind when you saw their disappointment?
[Jamie] I kept thinking that I should be able to provide everything they want or need. It felt like I wasn't doing enough as a parent.
[Kyle] It sounds like there's an underlying belief that you should be able to provide everything for your child, which contributes to the guilt. Let's examine this belief together. Are there any exceptions or evidence that might suggest this belief isn't always true?
[Jamie] When I think about it, I know that no parent can provide absolutely everything. And I've been able to give them things that don't cost money, like time and support, which are also important.
[Kyle] That's a valuable insight. Recognizing that support and time are significant contributions can help challenge the belief that you're failing. How does considering these aspects affect your original thoughts on guilt and providing for your child?
[Jamie] It helps me see that I'm not failing completely, even if I can't always provide materially. I give them love and attention, and that's important, too.
[Kyle] Exactly—acknowledging what you do provide can shift the focus from guilt to gratitude for what you bring to your child's life. As we wrap up today, what steps can you take to remind yourself of these contributions when the guilt arises?
[Jamie] I could try keeping a journal where I note the positive things I do for my child each day. It might help to have a tangible reminder that I'm doing my best.
",90,30,"{""ctrs_evaluation"": [{""item_name"": ""Agenda"", ""score"": 3, ""rationale"": ""The therapist transitioned from the previous session, identified significant events, reviewed the action plan, conducted a mood check, and identified specific goals for the session, ensuring all items important to the client were addressed and prioritized.""}, {""item_name"": ""Feedback"", ""score"": 2, ""rationale"": ""The therapist ascertained the client's reaction and ensured the client understood and agreed with the treatment plan, but there was no evidence of fluidly requesting feedback throughout the session.""}, {""item_name"": ""Understanding"", ""score"": 3, ""rationale"": ""The therapist consistently listened and reflected the client's statements and demonstrated recognition of the client's emotional state through empathy, discussing it within the context of the conceptualization.""}, {""item_name"": ""Interpersonal Effectiveness"", ""score"": 3, ""rationale"": ""The therapist demonstrated concern for the client, provided positive reinforcement, maintained professional behavior, and showed warmth, genuineness, and unconditional acceptance.""}, {""item_name"": ""Collaboration"", ""score"": 3, ""rationale"": ""The therapist asked for client input/agreement when setting the agenda, selecting CBT techniques, and determining the action plan, making a consistent effort to invite the client's participation in every major session decision.""}, {""item_name"": ""Pacing and Efficient Use of Time"", ""score"": 2, ""rationale"": ""The therapist allocated appropriate time for all session segments and completed the session within an appropriate timeframe, but there was no evidence of seamless pacing or limiting unproductive discussion.""}, {""item_name"": ""Guided Discovery"", ""score"": 3, ""rationale"": ""The therapist skillfully used guided discovery to help the client arrive at their own conclusions and assessed the impact of the cognitive shift.""}, {""item_name"": ""Focus on Key Cognitions and Behaviors"", ""score"": 3, ""rationale"": ""The therapist focused on the most relevant cognitions and behaviors with the greatest promise for positive impact, specifically addressing the client's feelings of guilt and underlying beliefs.""}, {""item_name"": ""Strategy for Change"", ""score"": 2, ""rationale"": ""The therapist discussed an overall strategy with the client and used an appropriate, identifiable evidence-based CBT technique, but did not offer other options or obtain explicit agreement to use the technique.""}, {""item_name"": ""Application of CBT Technique"", ""score"": 3, ""rationale"": ""The therapist applied a CBT technique with sufficient skill, demonstrating comfort and technical correctness, facilitating change in the client.""}, {""item_name"": ""Action Plan"", ""score"": 3, ""rationale"": ""The therapist reviewed the previous action plan, asked for client input on the new plan, developed a new plan based on the current session, and ensured the client was capable of completing the plan, addressing potential obstacles.""}], ""total_score"": 30}"
"calm, structured, supportive","Believes they are ""damaged"" or fundamentally flawed because of past trauma","
[Kyle] As we start today, Iwould you like to tell me about what you've been experiencing and what you're hoping we might work on together?
[Jamie] I've been feeling like I'm fundamentally flawed, like there's something broken inside me because of things that happened in the past. I just can't shake this feeling of shame and worthlessness. I'm hoping we can work on that.
[Kyle] Thank you for sharing that with me. I can see how those feelings of shame and worthlessness could be really difficult to carry. Let’s work on that together today. How does that sound?
[Jamie] That sounds good. I just want to understand why I feel this way and if it's possible to feel any different.
[Kyle] Absolutely. We can explore those feelings and look into the thoughts or beliefs that might be contributing to them. Our goal will be to understand where these thoughts come from and how we might begin to challenge them. Does that align with what you're hoping for?
[Jamie] Yes, it does. I think understanding where they come from might help me see why they feel so true.
[Kyle] Great. Let’s begin by exploring any specific thoughts that often come up when you're feeling this way. Can you recall a recent situation where these feelings felt particularly strong? What went through your mind?
[Jamie] The other day, I was at a friend's gathering, and I couldn't shake the feeling that everyone could see how messed up I am. I kept thinking they must be wondering why I'm even there, like I don't belong.
[Kyle] It sounds like those thoughts were really impacting your time at the gathering. Let's consider these thoughts for a moment: what evidence do you have that supports the idea that others see you as ""messed up""? And what might challenge that thought?
[Jamie] Honestly, I don't have concrete evidence. It's more like an assumption based on how I feel about myself. But I guess if I think about it, my friends wouldn't invite me if they saw me that way. It's hard to believe sometimes, though.
[Kyle] That’s a meaningful insight, recognizing that your friends' actions don’t align with the assumption about how they see you. It's common for our feelings to influence how we interpret situations. Can we work together to identify some alternative, more balanced thoughts you might try when these feelings arise?
[Jamie] I think that would be helpful. Maybe if I could remind myself that my friends care about me and that they're not judging me as harshly as I judge myself, it could make a difference.
[Kyle] That sounds like a constructive thought to practice. As an action plan, would it help to note down this balanced thought and refer to it when you're in similar situations? We can also think about other supportive evidence you might use to remind yourself of your value to your friends. How does that sound?
[Jamie] Yeah, having something written down might help during those moments. I want to be able to see things differently, even if it takes time.
[Kyle] That's a great step forward, and it’s wonderful to hear your commitment to change. Let's aim to write down your supportive thoughts and maybe revisit them regularly. Before our next session, you could try this in social situations and note how it impacts your feelings. Does that feel like a doable plan?
[Jamie] Yes, that seems manageable. I'll give it a try and see how it goes.
",91,30,"{""ctrs_evaluation"": [{""item_name"": ""Agenda"", ""score"": 2, ""rationale"": ""The therapist transitioned from the previous session, identified significant events, conducted a mood check, and identified specific goals for the session, but did not review an Action Plan.""}, {""item_name"": ""Feedback"", ""score"": 2, ""rationale"": ""The therapist ascertained the client's reaction, ensured the client understood and agreed with the treatment plan, and responded appropriately to feedback.""}, {""item_name"": ""Understanding"", ""score"": 3, ""rationale"": ""The therapist consistently listened, reflected the client's statements, demonstrated recognition of the client's emotional state through empathy, and discussed it within the context of the conceptualization.""}, {""item_name"": ""Interpersonal Effectiveness"", ""score"": 3, ""rationale"": ""The therapist demonstrated concern for the client, provided positive reinforcement, maintained professional behavior, and showed warmth and genuineness.""}, {""item_name"": ""Collaboration"", ""score"": 3, ""rationale"": ""The therapist asked for client input/agreement when setting the agenda, selecting/using CBT techniques, and determining the Action Plan, consistently inviting the client's participation.""}, {""item_name"": ""Pacing and Efficient Use of Time"", ""score"": 2, ""rationale"": ""The therapist allocated appropriate time for all session segments and likely completed the session within 40-60 minutes.""}, {""item_name"": ""Guided Discovery"", ""score"": 3, ""rationale"": ""The therapist skillfully used discovery to help the client arrive at their own conclusions and assessed the impact of the cognitive shift.""}, {""item_name"": ""Focus on Key Cognitions and Behaviors"", ""score"": 3, ""rationale"": ""The therapist focused on the most relevant cognitions and behaviors with the greatest promise for positive impact, such as feelings of worthlessness and shame.""}, {""item_name"": ""Strategy for Change"", ""score"": 3, ""rationale"": ""The therapist discussed an overall strategy, used an appropriate CBT technique, explained the rationale, offered options, and obtained the client's agreement.""}, {""item_name"": ""Application of CBT Technique"", ""score"": 3, ""rationale"": ""The therapist applied a CBT technique with skill, demonstrating comfort and technical correctness, likely to facilitate change.""}, {""item_name"": ""Action Plan"", ""score"": 3, ""rationale"": ""The therapist reviewed the previous Action Plan, asked for client input on the new plan, developed a new plan, ensured the client was capable of completing it, and addressed potential obstacles.""}], ""total_score"": 30}"
"direct, challenging, pragmatic",Avoids social gatherings and new activities because of the anticipation of failure/discomfort,"
[Kyle] Hi Jamie. Since our last conversation, what has been coming up for you that feels important to talk about today?
[Jamie] Not much, really. Everything's pretty much the same.
[Kyle] Alright, let's do a quick mood check then. On a scale from 1 to 10, with 10 being the best you've felt, how would you rate your mood today?
[Jamie] Probably around a 4.
[Kyle] Thanks for sharing that. Let's set a goal for today's session. What would be helpful for us to focus on to maybe lift that 4 a bit higher?
[Jamie] I don't know... maybe just figuring out why I feel stuck all the time.
[Kyle] Great, let's explore that feeling of being stuck. We'll try to identify any specific thoughts or patterns that might be contributing to it. How does that sound?
[Jamie] Yeah, that's fine.
[Kyle] Perfect. Can you share a recent situation where you felt particularly stuck? Let's dig into the thoughts you had at that moment.
[Jamie] I guess last weekend, there was this gathering I was supposed to go to. I just kept thinking it wouldn't be worth the effort, so I didn't go.
[Kyle] Alright, let's break that down. You thought it wouldn't be worth the effort. What led you to that conclusion? Any specific thoughts or assumptions?
[Jamie] I just expected it to be awkward and uncomfortable, like usual.
[Kyle] It sounds like you anticipated discomfort based on past experiences. Let's challenge that thought. What evidence do you have for and against it being awkward, or is it possible to see it differently?
[Jamie] I mean, it's been awkward before, so it feels like it will just be the same again. I don't really see it differently.
[Kyle] I understand. It's natural to rely on past experiences as evidence. However, consider this: Is there anything that could make such gatherings less awkward, or ways to manage your discomfort if it arises?
[Jamie] Maybe if I knew someone well who'd be there, it might help a bit. But I usually don’t.
",92,15,"{""ctrs_evaluation"": [{""item_name"": ""Agenda"", ""score"": 2, ""rationale"": ""The therapist transitioned from the previous session, conducted a mood check, and identified specific goals for the session by focusing on the feeling of being stuck. However, there was no review of an Action Plan or identification of significant events.""}, {""item_name"": ""Feedback"", ""score"": 1, ""rationale"": ""The therapist asked for the client's input on the session goal, but did not ascertain the client's reaction to the session content or ensure understanding/agreement with the treatment plan.""}, {""item_name"": ""Understanding"", ""score"": 2, ""rationale"": ""The therapist consistently listened and reflected the client's statements by summarizing feelings of being stuck and challenging thoughts about social gatherings.""}, {""item_name"": ""Interpersonal Effectiveness"", ""score"": 1, ""rationale"": ""The therapist demonstrated concern for the client and maintained professional behavior, but there was limited evidence of positive reinforcement or warmth.""}, {""item_name"": ""Collaboration"", ""score"": 2, ""rationale"": ""The therapist asked for client input when setting the agenda and selecting techniques to explore the feeling of being stuck.""}, {""item_name"": ""Pacing and Efficient Use of Time"", ""score"": 1, ""rationale"": ""The therapist allocated appropriate time for session segments but there is no information on the session's duration to ensure it was completed within 40-60 minutes.""}, {""item_name"": ""Guided Discovery"", ""score"": 2, ""rationale"": ""The therapist designed the session to achieve a cognitive shift by challenging the client's thoughts about social gatherings and discomfort.""}, {""item_name"": ""Focus on Key Cognitions and Behaviors"", ""score"": 2, ""rationale"": ""The therapist focused on specific cognitions related to the client's avoidance of social gatherings and feelings of discomfort.""}, {""item_name"": ""Strategy for Change"", ""score"": 1, ""rationale"": ""The therapist attempted to challenge the client's thoughts but did not discuss an overall strategy or use an identifiable CBT technique.""}, {""item_name"": ""Application of CBT Technique"", ""score"": 1, ""rationale"": ""The therapist attempted to apply cognitive restructuring by challenging thoughts, but it was not fully developed or technically correct.""}, {""item_name"": ""Action Plan"", ""score"": 0, ""rationale"": ""There was no review of a previous Action Plan, nor was a new plan developed based on the session.""}], ""total_score"": 15}"
"direct, challenging, pragmatic",Constant low-grade anger due to perceived unfairness and incompetence of others,"
[Kyle] Since this is our first time meeting, can you tell me what has been affecting you most or prompting you to seek support right now?
[Jamie] Honestly, it's just this constant feeling that everything around me is unfair and people are generally incompetent. It's frustrating to the point where I'm always on edge.
[Kyle] I understand that feeling frustrated and on edge can be really overwhelming. Let's set a goal for this session to explore these feelings of unfairness and incompetence in others. How does that sound to you?
[Jamie] I guess we can try, but I’m not sure if talking about it is really going to change anything.
[Kyle] I hear your skepticism. Let's look at it this way: by identifying specific thoughts and patterns that trigger this frustration, we might find ways to change how you respond to these situations. Are you open to exploring that?
[Jamie] Fine, we can explore it, but I doubt it'll make much of a difference.
[Kyle] I appreciate your willingness to give it a try. Let's start by identifying a recent situation where you felt this frustration intensely. Can you describe what happened and what thoughts crossed your mind during that moment?
[Jamie] Sure, just the other day, I was at work, and a colleague messed up a project deadline. My first thought was, ""Why can't anyone do their job right?"" It's irritating when I have to deal with the consequences of others' incompetence.
[Kyle] That situation clearly brought up some strong feelings. Let's examine that thought, ""Why can't anyone do their job right?"" How does this thought impact your emotions and behavior in those moments?
[Jamie] It just makes me more irritable and annoyed. It feels like I'm the only one who cares enough to get things done properly.
[Kyle] I can see how that thought contributes to your irritation. Let's consider an alternative perspective: how might viewing the situation differently impact your emotional response and interactions at work?
[Jamie] I suppose trying to see it as a one-time mistake instead of a pattern might make me less angry. But honestly, it's hard to shake the feeling that it's always the same story.
[Kyle] It's understandable to feel that way, especially if you've been in similar situations before. What about focusing on a specific action, like discussing expectations with your colleague? How might that change the dynamic?
[Jamie] Maybe having a direct conversation could help, but again, there's a good chance they'll brush it off or make excuses. It's hard not to expect that.
[Kyle] Valid point. Having those expectations can be challenging. How about setting a goal to communicate clearly and see if that brings any change, even if it's just observing their reaction? We can evaluate the outcome together next time. Does that sound like a plan?
[Jamie] Fine, I'll give it a try and see what happens. Not holding my breath for any big changes, though.
",93,21,"{""ctrs_evaluation"": [{""item_name"": ""Agenda"", ""score"": 2, ""rationale"": ""The therapist identified significant events, conducted a mood check by exploring the patient's feelings of unfairness and incompetence, and set specific goals for the session to explore these feelings. However, there was no review of a previous Action Plan or transition from a previous session, as this was the first meeting.""}, {""item_name"": ""Feedback"", ""score"": 1, ""rationale"": ""The therapist ascertained the client's reaction to the session's goals and responded to the client's skepticism, but did not ensure the client understood or agreed with a treatment plan, nor was there a fluid request for feedback throughout the session.""}, {""item_name"": ""Understanding"", ""score"": 2, ""rationale"": ""The therapist consistently listened to and reflected the client's statements, acknowledging the client's frustration and skepticism, and explored the client's thoughts and feelings about specific situations.""}, {""item_name"": ""Interpersonal Effectiveness"", ""score"": 2, ""rationale"": ""The therapist demonstrated concern for the client by validating their feelings and provided positive reinforcement by appreciating the client's willingness to try. Professional behavior was maintained throughout the session.""}, {""item_name"": ""Collaboration"", ""score"": 2, ""rationale"": ""The therapist asked for client input when setting the agenda and selecting techniques to explore the client's thoughts and feelings. The therapist also involved the client in determining the Action Plan.""}, {""item_name"": ""Pacing and Efficient Use of Time"", ""score"": 1, ""rationale"": ""The session segments were appropriately allocated time, but there is no information on whether the session was completed within 40-60 minutes.""}, {""item_name"": ""Guided Discovery"", ""score"": 2, ""rationale"": ""The therapist designed the session to achieve a cognitive shift by exploring alternative perspectives and assessing the potential impact of these shifts on the client's emotional responses.""}, {""item_name"": ""Focus on Key Cognitions and Behaviors"", ""score"": 3, ""rationale"": ""The therapist focused on the client's specific thoughts and feelings related to the agenda items, such as the thought 'Why can't anyone do their job right?' which has a significant impact on the client's emotions and behaviors.""}, {""item_name"": ""Strategy for Change"", ""score"": 2, ""rationale"": ""The therapist discussed a strategy to change the client's response to situations by exploring alternative perspectives and suggested a specific action (communicating expectations) as an evidence-based CBT technique.""}, {""item_name"": ""Application of CBT Technique"", ""score"": 2, ""rationale"": ""The therapist applied a recognizable CBT technique by exploring cognitive restructuring and encouraging the client to consider alternative perspectives, which is likely to facilitate change.""}, {""item_name"": ""Action Plan"", ""score"": 2, ""rationale"": ""The therapist developed a new Action Plan based on the session's discussion, asking for client input and suggesting a goal to communicate clearly with colleagues. However, there was no assessment of the client's capability to complete the plan or addressing potential obstacles.""}], ""total_score"": 21}"
"direct, challenging, pragmatic",Avoids activity due to fear of pain leading to deconditioning and worsening pain,"
[Kyle] Thanks for being here today, Jamie. When you think about the time since we last spoke, what experiences or moments stand out to you?
[Jamie] I mostly remember the times when I felt really restricted because of the fear of pain. It feels like I'm caught in this cycle where I'm too scared to do much, and then I just end up feeling worse.
[Kyle] That sounds difficult, and it's important we address it. For today's session, would you like to focus on strategies to manage this fear and break that cycle, perhaps by identifying and challenging some of the thoughts that feed it?
[Jamie] I guess we could try that. It just feels overwhelming right now, and I'm not sure where to start.
[Kyle] I understand it can feel overwhelming. Let's break it down. We'll start by identifying a specific situation where you felt this fear and examine the thoughts behind it. From there, we can challenge those thoughts and explore new perspectives. How does that sound?
[Jamie] Okay, I think I can try that. I just need to find a way to make it feel less daunting.
[Kyle] Great. Let's write down one recent situation where the fear was strong. Once we have that, we'll look at the thoughts you had in that moment. By breaking it down, we can make it more manageable. Are you ready to start with a specific example?
[Jamie] Alright, I suppose we can give it a go. There was this one time when I thought about going for a short walk, but the fear of pain stopped me.
[Kyle] Perfect, let's use that example. When you thought about going for the walk, what specific thoughts ran through your mind that triggered the fear?
[Jamie] I remember thinking that if I started walking, the pain would just get worse and I wouldn't be able to handle it. That thought just made me freeze.
[Kyle] Okay, let's challenge that thought. What's the evidence that the pain would necessarily get worse and be unmanageable? Have there been times when you've walked, and the pain was manageable or didn't increase?
[Jamie] I guess there have been times when I walked, and the pain wasn't as bad as I expected. But I can't seem to shake the fear that it could be different next time.
[Kyle] That's an important observation. Focusing on past experiences where the pain was manageable can provide reassurance. We can work on developing a plan that includes gradually increasing your walking in a way that feels safe to you. How does that approach sound for easing into it?
[Jamie] That sounds like it might help, but it's hard to believe it will be different. I'm willing to try, though.
[Kyle] It's great to hear you're open to trying. Let's create a specific action plan: start with a short walk that feels comfortable, and gradually increase the time. We'll monitor the experience and adjust as needed. Does that sound like a good first step?
[Jamie] Yeah, starting small and seeing how it goes sounds more manageable. I'll try that.
",94,22,"{""ctrs_evaluation"": [{""item_name"": ""Agenda"", ""score"": 2, ""rationale"": ""The therapist transitioned from the previous session, identified significant events (Jamie's fear of pain), and set specific goals for the session (managing fear and breaking the cycle). However, there was no explicit review of an Action Plan or mood check.""}, {""item_name"": ""Feedback"", ""score"": 1, ""rationale"": ""The therapist ascertained the client's reaction to the proposed strategy and ensured the client agreed to try it. However, there was no evidence of responding to feedback or checking understanding throughout the session.""}, {""item_name"": ""Understanding"", ""score"": 2, ""rationale"": ""The therapist consistently listened and reflected Jamie's statements, summarizing the fear of pain and the cycle it creates.""}, {""item_name"": ""Interpersonal Effectiveness"", ""score"": 2, ""rationale"": ""The therapist demonstrated concern for Jamie, provided positive reinforcement by acknowledging Jamie's willingness to try, and maintained professional behavior.""}, {""item_name"": ""Collaboration"", ""score"": 2, ""rationale"": ""The therapist asked for Jamie's input when setting the agenda and determining the Action Plan, involving Jamie in the decision-making process.""}, {""item_name"": ""Pacing and Efficient Use of Time"", ""score"": 1, ""rationale"": ""The dialogue suggests appropriate allocation of time for session segments, but there is no evidence of the session being completed within 40-60 minutes.""}, {""item_name"": ""Guided Discovery"", ""score"": 3, ""rationale"": ""The therapist skillfully used guided discovery to help Jamie identify and challenge thoughts, leading to a cognitive shift regarding the manageability of pain.""}, {""item_name"": ""Focus on Key Cognitions and Behaviors"", ""score"": 3, ""rationale"": ""The focus was on Jamie's fear of pain and avoidance behavior, which are highly relevant and have the greatest promise for positive impact.""}, {""item_name"": ""Strategy for Change"", ""score"": 2, ""rationale"": ""The therapist discussed an overall strategy to manage fear and used cognitive restructuring, an evidence-based CBT technique.""}, {""item_name"": ""Application of CBT Technique"", ""score"": 2, ""rationale"": ""The therapist applied cognitive restructuring with sufficient skill, helping Jamie challenge and reframe thoughts about pain.""}, {""item_name"": ""Action Plan"", ""score"": 2, ""rationale"": ""The therapist developed a new Action Plan with Jamie, focusing on starting with short walks and gradually increasing them, but did not assess potential obstacles or the likelihood of completion.""}], ""total_score"": 22}"
"observant, analytical, systemic",Left a demanding job to be a stay-at-home parent struggles with loss of professional identity,"
[Kyle] Since this is our first time meeting, can you tell me what has been affecting you most or prompting you to seek support right now?
[Jamie] I've been feeling really lost and overwhelmed. I recently left a demanding job to be a stay-at-home parent, and I'm struggling with the loss of my professional identity. It's been hard to adjust to this new role and I'm anxious about the future.
[Kyle] Thank you for sharing that. It sounds like you're experiencing a significant transition that's brought up feelings of loss and anxiety. Let's focus on exploring these feelings today and identify some goals you wish to achieve by the end of our session. How does that sound to you?
[Jamie] That sounds good. I think understanding these feelings better and figuring out some next steps would be really helpful.
[Kyle] Great. We'll aim to better understand your emotions and explore potential next steps. Would you be open to discussing any recent events or specific thoughts that have intensified these feelings of overwhelm and loss?
[Jamie] Yes, I think that could help. Recently, I've been revisiting some projects I left unfinished at my old job, and it's been hard not to dwell on what I could've accomplished if I had stayed.
[Kyle] It seems like revisiting these projects triggers thoughts of ""what if"" and might contribute to your sense of loss. Let's delve into these thoughts and examine how they affect your emotions and current situation. How does that approach feel to you?
[Jamie] It feels like the right direction. Maybe understanding these thoughts better will help me find some peace with the decision.
[Kyle] That's a valuable goal. Let's start by identifying any specific negative thoughts that arise when you think about those unfinished projects. How do they influence your feelings and actions?
[Jamie] When I think about those projects, I often feel like I've let myself down or missed out on something important. It makes me anxious and sometimes paralyzed when it comes to moving forward in my current role.
[Kyle] It sounds like these thoughts of letting yourself down are quite impactful. Let's explore how realistic these thoughts are and what evidence there might be to support or refute them. Would you be willing to walk through this process with me?
[Jamie] I’m willing to try. Maybe seeing things from a different perspective will help me shift some of those thoughts.
[Kyle] Great. Let's start by identifying what evidence you might have that supports the thought of letting yourself down, and then we'll examine what evidence might contradict it. How does that sound as a first step?
[Jamie] That sounds like a logical way to approach it. I'm ready to give it a try.
[Kyle] Perfect. As we proceed, feel free to share your thoughts, and together we'll explore both sides of this idea to find a balanced perspective. Would you like to start by considering any evidence that supports your current thought of letting yourself down?
[Jamie] Sure. I guess one thing that supports it is that I had planned to achieve certain milestones in my career, and leaving my job meant those are now unfulfilled.
",95,24,"{""ctrs_evaluation"": [{""item_name"": ""Agenda"", ""score"": 2, ""rationale"": ""The therapist identified significant events, conducted a mood check, and set specific goals for the session. However, there was no review of a previous action plan or transition from a previous session, as this was the first meeting.""}, {""item_name"": ""Feedback"", ""score"": 1, ""rationale"": ""The therapist ensured the client understood and agreed with the treatment plan but did not ascertain the client's reaction or respond to feedback throughout the session.""}, {""item_name"": ""Understanding"", ""score"": 3, ""rationale"": ""The therapist consistently listened and reflected the client's statements, demonstrated empathy, and discussed the client's emotional state within the context of their situation.""}, {""item_name"": ""Interpersonal Effectiveness"", ""score"": 3, ""rationale"": ""The therapist demonstrated concern for the client, provided positive reinforcement, maintained professional behavior, and showed warmth and genuineness throughout the session.""}, {""item_name"": ""Collaboration"", ""score"": 3, ""rationale"": ""The therapist consistently invited the client's participation in setting the agenda, selecting techniques, and determining the session's direction, resulting in a mutually agreeable approach.""}, {""item_name"": ""Pacing and Efficient Use of Time"", ""score"": 2, ""rationale"": ""The therapist allocated appropriate time for session segments and maintained efficient pacing, but there is no information on the session's total duration.""}, {""item_name"": ""Guided Discovery"", ""score"": 3, ""rationale"": ""The therapist skillfully used guided discovery to help the client arrive at their own conclusions, designed the session to achieve a cognitive shift, and assessed the impact of the cognitive shift.""}, {""item_name"": ""Focus on Key Cognitions and Behaviors"", ""score"": 3, ""rationale"": ""The therapist focused on specific cognitions and emotions associated with the client's sense of loss and anxiety, which were relevant and had the potential for positive impact.""}, {""item_name"": ""Strategy for Change"", ""score"": 2, ""rationale"": ""The therapist discussed an overall strategy and used a recognizable evidence-based CBT technique by examining evidence for and against the client's thoughts.""}, {""item_name"": ""Application of CBT Technique"", ""score"": 2, ""rationale"": ""The therapist applied a CBT technique with sufficient skill that it was recognizable and likely to facilitate change in a motivated client.""}, {""item_name"": ""Action Plan"", ""score"": 0, ""rationale"": ""There was no review of a previous action plan, nor was a new action plan developed based on the session.""}], ""total_score"": 24}"
"warm, empathetic, patient",Obsessed with the alignment or color of their teeth avoiding smiling in photos,"
[Kyle] Hi Jamie. Since this is our first session, it would help to hear what has been going on for you recently and what led you to reach out.
[Jamie] Well, I've just been really fixated on the way my teeth look, you know? It's like I can't stop thinking about their alignment or color, and it's really bothering me.
[Kyle] Thank you for sharing that with me, Jamie. It sounds like your thoughts about your teeth have been quite persistent and bothersome. How has this been affecting your mood or daily activities lately?
[Jamie] It's been making me feel really self-conscious, to the point where I avoid smiling in photos. I think I might come across as more distant than I mean to.
[Kyle] I can understand why that would make you feel self-conscious. It's hard when something like this impacts how you engage with others. Would it be helpful if we focused today on exploring these thoughts further and brainstorming some strategies that might help you feel more at ease?
[Jamie] Yeah, I think that could be helpful. I just want to feel more comfortable with myself.
[Kyle] Great, I'm glad we're on the same page. Let's start by examining the specific thoughts that come up about your teeth. Could you tell me about a recent moment when these thoughts were particularly strong?
[Jamie] There was a recent family gathering, and everyone was taking photos together. I just couldn't stop thinking about how my teeth looked, so I tried to keep my mouth closed as much as possible. It was on my mind the whole time.
[Kyle] Thank you for sharing that. It sounds like your thoughts about your teeth were quite loud during the gathering, affecting how you wanted to present yourself. Let's try a technique where we examine these thoughts more closely. What specific things were you telling yourself in that moment?
[Jamie] I kept thinking that if I showed my teeth, everyone would notice how uneven or discolored they looked. I was convinced they'd all judge me for it.
[Kyle] That's a tough situation to be in, feeling like everyone is judging you. Let's challenge those thoughts a bit. What evidence do you have that others were judging you, and is there any evidence that might suggest otherwise?
[Jamie] I guess no one actually said anything about my teeth. People seemed focused on enjoying the event and each other's company. So maybe it was more in my head than reality.
[Kyle] That's an important realization, Jamie. It seems like these thoughts might be more self-critical than grounded in what's actually happening around you. How does recognizing this affect how you feel about that situation now?
[Jamie] It makes me feel a bit lighter, like maybe I was worrying unnecessarily. It's reassuring to think that others may not be as focused on my teeth as I am.
[Kyle] I'm really glad to hear that. It seems like you're starting to shift your perspective, which is a great step. For our action plan, how do you feel about practicing this kind of thought examination as situations arise during the week?
[Jamie] I think that could be helpful. I'll try to remind myself to question those thoughts when they pop up.
",96,24,"{""ctrs_evaluation"": [{""item_name"": ""Agenda"", ""score"": 1, ""rationale"": ""The therapist identified significant events and specific goals for the session but did not transition from a previous session, review an Action Plan, or conduct a mood check.""}, {""item_name"": ""Feedback"", ""score"": 1, ""rationale"": ""The therapist ascertained the client's reaction to the discussion but did not ensure the client understood/agreed with the treatment plan or respond to feedback throughout the session.""}, {""item_name"": ""Understanding"", ""score"": 3, ""rationale"": ""The therapist consistently listened, reflected the client's statements, and demonstrated empathy by recognizing the client's emotional state and discussing it within the context of the conceptualization.""}, {""item_name"": ""Interpersonal Effectiveness"", ""score"": 3, ""rationale"": ""The therapist demonstrated warmth, genuineness, and unconditional acceptance through empathetic responses and supportive language.""}, {""item_name"": ""Collaboration"", ""score"": 2, ""rationale"": ""The therapist asked for client input when setting the agenda and selecting CBT techniques, but there was no explicit mention of determining the Action Plan collaboratively.""}, {""item_name"": ""Pacing and Efficient Use of Time"", ""score"": 1, ""rationale"": ""The therapist allocated appropriate time for session segments but there is no information on whether the session was completed within 40-60 minutes.""}, {""item_name"": ""Guided Discovery"", ""score"": 3, ""rationale"": ""The therapist skillfully used guided discovery to help the client arrive at their own conclusions and assessed the impact of the cognitive shift.""}, {""item_name"": ""Focus on Key Cognitions and Behaviors"", ""score"": 3, ""rationale"": ""The therapist focused on specific cognitions and behaviors related to the client's concerns about their teeth, which had the greatest promise for positive impact.""}, {""item_name"": ""Strategy for Change"", ""score"": 2, ""rationale"": ""The therapist discussed an overall strategy with the client and used a cognitive restructuring technique to challenge the client's thoughts.""}, {""item_name"": ""Application of CBT Technique"", ""score"": 3, ""rationale"": ""The therapist applied cognitive restructuring with comfort and technical correctness, facilitating a cognitive shift in the client.""}, {""item_name"": ""Action Plan"", ""score"": 2, ""rationale"": ""The therapist developed a new Action Plan based on the session and asked for client input, but did not assess the likelihood of completion or address potential obstacles.""}], ""total_score"": 24}"
"structured, mediatory, educational",Depression and anxiety stemming from the loss of a strong romantic connection with partner post-baby,"
[Kyle] Hi Jamie. Since our last conversation, what has been coming up for you that feels important to talk about today?
[Jamie] I've been feeling really alone and disconnected, especially from my partner. It's like since we had the baby, everything changed and I'm not sure how to deal with it.
[Kyle] I can hear how challenging this has been for you, especially with the changes that come after having a baby. Let's focus on understanding the feelings of loneliness and disconnection better today. How does that sound to you?
[Jamie] I guess that's okay. It's just hard to put into words sometimes, but maybe talking about it will help.
[Kyle] Absolutely, Jamie. We can take it step by step. Maybe you could start by sharing one recent moment when you felt that disconnection the most?
[Jamie] The other night, we were both exhausted from taking care of the baby, and instead of talking or spending time together, we just went straight to bed without saying much. It felt like we were just two people living in the same house, not partners.
[Kyle] That sounds like a tough moment, feeling like you're more like roommates than partners. How did you feel emotionally in that situation—was it more sadness, frustration, or something else?
[Jamie] It was a mix of sadness and frustration. Sad because I miss the connection we used to have, and frustrated because I don't know how to fix it.
[Kyle] It's understandable to feel both sadness and frustration in this situation. Let's explore some small, practical steps you might try to reconnect with your partner. Does that sound like a helpful direction for us to go?
[Jamie] Yeah, I think that could be helpful. I'm open to trying something.
[Kyle] Great, let's consider ideas like setting aside a small block of time each week for just the two of you, without distractions. How does that sound as a starting point?
[Jamie] That sounds manageable. It might be nice to have some time just for us, even if it's not a lot.
[Kyle] I'm glad that sounds manageable. Could we think about when during the week this might fit into both of your schedules?
[Jamie] Maybe we could try for a short time on weekends, when things might be a bit less hectic.
[Kyle] That sounds like a good plan. If you both agree, weekends could be a time to reconnect. Would you like to make this an action plan to try this week and see how it feels?
[Jamie] Yeah, I'll give it a try and see how it goes.
",97,27,"{""ctrs_evaluation"": [{""item_name"": ""Agenda"", ""score"": 2, ""rationale"": ""The therapist identified significant events (feeling alone and disconnected), conducted a mood check, and set specific goals for the session (understanding feelings of loneliness and disconnection). However, there was no explicit transition from the previous session or review of an Action Plan.""}, {""item_name"": ""Feedback"", ""score"": 1, ""rationale"": ""The therapist ensured the client understood and agreed with the treatment plan but did not ascertain the client's reaction or respond to feedback throughout the session.""}, {""item_name"": ""Understanding"", ""score"": 3, ""rationale"": ""The therapist consistently listened and reflected the client's statements and demonstrated recognition of the client's emotional state through empathy, discussing it within the context of the conceptualization.""}, {""item_name"": ""Interpersonal Effectiveness"", ""score"": 3, ""rationale"": ""The therapist demonstrated concern for the client, provided positive reinforcement, maintained professional behavior, and showed warmth and genuineness throughout the session.""}, {""item_name"": ""Collaboration"", ""score"": 3, ""rationale"": ""The therapist consistently invited the client's participation in setting the agenda, selecting techniques, and determining the Action Plan, resulting in a mutually agreeable direction.""}, {""item_name"": ""Pacing and Efficient Use of Time"", ""score"": 2, ""rationale"": ""The therapist allocated appropriate time for all session segments, but there is no information on the overall session length to assess if it was within 40-60 minutes.""}, {""item_name"": ""Guided Discovery"", ""score"": 3, ""rationale"": ""The therapist skillfully used guided discovery to help the client arrive at their own conclusions and assessed the impact of the cognitive shift by discussing practical steps to reconnect with the partner.""}, {""item_name"": ""Focus on Key Cognitions and Behaviors"", ""score"": 3, ""rationale"": ""The therapist focused on the most relevant cognitions and behaviors associated with the agenda items, specifically the feelings of loneliness and disconnection.""}, {""item_name"": ""Strategy for Change"", ""score"": 2, ""rationale"": ""The therapist discussed an overall strategy with the client and used an appropriate, identifiable evidence-based technique by suggesting practical steps to reconnect.""}, {""item_name"": ""Application of CBT Technique"", ""score"": 2, ""rationale"": ""The therapist applied a CBT technique with sufficient skill that it was recognizable and likely to facilitate change, but there was no demonstration of technical correctness.""}, {""item_name"": ""Action Plan"", ""score"": 3, ""rationale"": ""The therapist reviewed the new Action Plan, asked for client input, developed a new plan based on the session, ensured the client was capable of completing it, and addressed potential obstacles.""}], ""total_score"": 27}"
"direct, challenging, pragmatic",Experienced a random violent assault in a public place leading to fear of strangers,"
[Kyle] Hi Jamie. Since our last conversation, what has been coming up for you that feels important to talk about today?
[Jamie] I've been feeling really on edge lately, especially when I'm around strangers. It feels like I can't shake off this constant sense of danger, and it's exhausting.
[Kyle] I can hear how exhausting that must be for you. It sounds like being around strangers is really triggering some strong feelings. Let's focus on understanding these feelings and thoughts more deeply today. Does that sound alright to you?
[Jamie] Yeah, I think that would be helpful. It just feels like everyone I don't know is a potential threat.
[Kyle] That's a pretty intense perspective you're carrying. Let's work on examining the thoughts that arise when you're around strangers. We can start by exploring any automatic thoughts or beliefs that pop up during those moments. How about we try that?
[Jamie] Okay, we can do that. I guess the first thing that comes to mind is thinking they might suddenly do something harmful.
[Kyle] That's a clear automatic thought to examine. Let's try to challenge that belief. Could you consider any past experiences where your initial thought about strangers turned out to be inaccurate?
[Jamie] I suppose there have been times when nothing happened at all, even though I was convinced something bad would. But it's hard to trust that feeling.
[Kyle] That's a common experience, and it's understandable. Recognizing those instances where your prediction didn't come true is a starting point. Let's explore how we might gradually build trust in safer situations over time. How does that idea sit with you?
[Jamie] It makes sense, but it's easier said than done. I still feel a lot of resistance to letting my guard down.
[Kyle] I understand the hesitation. Let's focus on small, manageable steps you can take to safely challenge this resistance. Perhaps we can create an exposure plan together, starting with less anxiety-provoking situations. Would you be open to exploring that?
[Jamie] I suppose it could be worth trying, as long as we start really small. I don't want to feel overwhelmed.
[Kyle] Let's make sure the steps are comfortable for you. How about identifying a situation where you already feel a bit more at ease, and we can build from there?
[Jamie] Maybe something like being in a cafe with just a few people around. That doesn't feel as overwhelming.
[Kyle] Great choice. Starting small can be very effective. We can create a plan where you spend a bit of time in similar cafes, focusing on your thoughts and feelings. Does that seem doable for you?
[Jamie] Yeah, I think I can manage starting with something like that.
",98,25,"{""ctrs_evaluation"": [{""item_name"": ""Agenda"", ""score"": 2, ""rationale"": ""The therapist transitioned from the previous session by asking what has been coming up for the client and identified specific goals for the session by focusing on understanding feelings and thoughts related to strangers. However, there was no explicit review of the Action Plan or mood check.""}, {""item_name"": ""Feedback"", ""score"": 1, ""rationale"": ""The therapist ascertained the client's reaction to the proposed focus and plan, but there was no indication of ensuring the client understood or agreed with the overall treatment plan, nor was there a response to feedback.""}, {""item_name"": ""Understanding"", ""score"": 3, ""rationale"": ""The therapist consistently listened and reflected the client's statements, demonstrated recognition of the client's emotional state, and discussed it within the context of the conceptualization.""}, {""item_name"": ""Interpersonal Effectiveness"", ""score"": 2, ""rationale"": ""The therapist demonstrated concern for the client and maintained professional behavior but did not explicitly provide positive reinforcement or demonstrate warmth and unconditional acceptance.""}, {""item_name"": ""Collaboration"", ""score"": 3, ""rationale"": ""The therapist consistently invited the client's participation in session decisions, such as agreeing on the focus and exploring an exposure plan, resulting in a mutually agreeable direction.""}, {""item_name"": ""Pacing and Efficient Use of Time"", ""score"": 2, ""rationale"": ""The therapist allocated appropriate time for session segments and maintained focus on the session's goals, though there is no information on the session's total duration.""}, {""item_name"": ""Guided Discovery"", ""score"": 3, ""rationale"": ""The therapist skillfully used guided discovery to help the client arrive at their own conclusions about the inaccuracy of some thoughts and assessed the impact of this cognitive shift.""}, {""item_name"": ""Focus on Key Cognitions and Behaviors"", ""score"": 3, ""rationale"": ""The therapist focused on the most relevant cognitions and behaviors, such as the client's automatic thoughts about strangers, which have the greatest promise for positive impact.""}, {""item_name"": ""Strategy for Change"", ""score"": 2, ""rationale"": ""The therapist discussed an overall strategy for change by proposing an exposure plan and used an appropriate evidence-based CBT technique.""}, {""item_name"": ""Application of CBT Technique"", ""score"": 2, ""rationale"": ""The therapist applied a CBT technique (exposure plan) with sufficient skill that it was recognizable and likely to facilitate change in a motivated client.""}, {""item_name"": ""Action Plan"", ""score"": 2, ""rationale"": ""The therapist developed a new action plan based on the session's focus and asked for client input, but did not explicitly review the previous plan or assess potential obstacles.""}], ""total_score"": 25}"
"methodical, structured, coaching-style","Delays finishing a novel/major project due to fear it won't be ""genius"" enough","
[Kyle] Hello, Jamie. When you think about the past weeks or months, what feels most important for me to know about what you're going through?
[Jamie] I've been really stuck on finishing my novel. I keep putting it off because I'm worried it won't turn out to be the masterpiece I hope for.
[Kyle] Thank you for sharing that. It sounds like the fear of your novel not meeting your expectations is quite paralyzing. Would you be open to exploring this fear further today and how it might be affecting your writing habits?
[Jamie] I suppose we can try, though I might not have much insight into it. I just feel like I avoid writing because I'm hyper-aware of its potential flaws.
[Kyle] That's understandable. It can be challenging to face something when we're critical of it. Let's break this down together. What kinds of thoughts or beliefs tend to surface when you think about sitting down to write?
[Jamie] When I think about writing, I often tell myself that whatever I put on the page won't be exceptional or groundbreaking, so what's the point?
[Kyle] It seems like the belief that your writing needs to be exceptional is creating pressure which might be holding you back. How do you think approaching your writing with less criticism and more curiosity might change your experience?
[Jamie] I suppose it could make the process feel less daunting, but it's hard for me to let go of that need for it to be perfect.
[Kyle] It makes sense that letting go of perfectionism is difficult. Perhaps we can experiment with setting smaller, more achievable goals in your writing process, focusing on progress rather than perfection. How does that approach resonate with you?
[Jamie] It sounds nice in theory, but there's always that nagging feeling in the back of my mind that I'm settling for less.
[Kyle] I hear you. That nagging feeling can be persistent. Maybe we could work on developing a way to balance that drive for excellence with more self-compassion. Would you be interested in exploring a technique that might help with this?
[Jamie] I guess I could give it a shot. It's just hard to believe it will make a difference.
[Kyle] Understandably, it might feel daunting, but sometimes small shifts can lead to meaningful change. Let's try an exercise where you consciously acknowledge your efforts and any progress, no matter how small. How does that sound as a starting point?
[Jamie] That sounds doable, though I might struggle to see much progress. But I'm willing to try.
[Kyle] It's great that you're willing to give it a try. Let's create a simple action plan: each day, write for a set amount of time and afterward, jot down one positive observation about your session. We'll review how this goes in our next session. How does that plan fit with you?
[Jamie] That seems manageable. I'll try to focus on being positive about whatever small step I take.
",99,24,"{""ctrs_evaluation"": [{""item_name"": ""Agenda"", ""score"": 2, ""rationale"": ""The therapist identified significant events, conducted a mood check, and set specific goals for the session, but did not review the previous Action Plan or transition from the previous session.""}, {""item_name"": ""Feedback"", ""score"": 1, ""rationale"": ""The therapist responded to the client's feedback but did not ascertain the client's reaction or ensure understanding/agreement with the treatment plan.""}, {""item_name"": ""Understanding"", ""score"": 3, ""rationale"": ""The therapist consistently listened, reflected the client's statements, and demonstrated empathy by recognizing the client's emotional state and discussing it within the context of the conceptualization.""}, {""item_name"": ""Interpersonal Effectiveness"", ""score"": 3, ""rationale"": ""The therapist demonstrated concern, provided positive reinforcement, maintained professional behavior, and showed warmth and genuineness throughout the session.""}, {""item_name"": ""Collaboration"", ""score"": 2, ""rationale"": ""The therapist asked for client input when setting the agenda and determining the Action Plan but did not explicitly involve the client in selecting CBT techniques.""}, {""item_name"": ""Pacing and Efficient Use of Time"", ""score"": 1, ""rationale"": ""The therapist allocated appropriate time for session segments but there is no information about the session duration to confirm it was completed within 40-60 minutes.""}, {""item_name"": ""Guided Discovery"", ""score"": 2, ""rationale"": ""The therapist designed the session to achieve a cognitive shift by exploring the client's beliefs and assessing the shift after an intervention, but did not skillfully use discovery to help the client arrive at their own conclusions.""}, {""item_name"": ""Focus on Key Cognitions and Behaviors"", ""score"": 3, ""rationale"": ""The therapist focused on the client's perfectionism and fear of inadequacy, which are highly relevant cognitions with great promise for positive impact.""}, {""item_name"": ""Strategy for Change"", ""score"": 2, ""rationale"": ""The therapist discussed an overall strategy and used an appropriate CBT technique by suggesting an exercise to acknowledge efforts and progress.""}, {""item_name"": ""Application of CBT Technique"", ""score"": 2, ""rationale"": ""The therapist applied a CBT technique with sufficient skill, suggesting an exercise that was recognizable and likely to facilitate change.""}, {""item_name"": ""Action Plan"", ""score"": 3, ""rationale"": ""The therapist reviewed the new Action Plan, ensured the client was capable of completing it, and addressed potential obstacles by discussing the client's feelings about the plan.""}], ""total_score"": 24}"
"direct, challenging, pragmatic",Parents struggling to manage a teenager who is experimenting with drugs/alcohol,"
[Kyle] Thanks for being here today, Jamie. When you think about the time since we last spoke, what experiences or moments stand out to you?
[Jamie] It's just been a lot lately. My parents and I keep butting heads, especially as they found out I’ve been experimenting with some stuff. I’m not even sure how to feel about it all.
[Kyle] Let's start by breaking this down a bit. How did you feel when your parents found out, and what do you think triggered their reaction?
[Jamie] I was really scared when they found out. I guess they’re worried about my safety, but it just feels like they don’t trust me at all. It’s really confusing.
[Kyle] It sounds like you're feeling scared and confused, partly due to concern about trust from your parents. It's understandable given the situation. For today, would a helpful goal be to explore these feelings and find some strategies for communicating more effectively with your parents?
[Jamie] Yeah, I think that could help. I feel pretty stuck right now, so any strategies might make things a bit clearer.
[Kyle] Great. Let's focus on understanding the emotions involved and developing concrete communication strategies. To start, what thoughts usually run through your mind during these interactions with your parents?
[Jamie] Usually, I think about whether they're going to listen or just start lecturing me again. I worry about saying the wrong thing and making it worse.
[Kyle] It seems like there's a fear of escalating the situation and not being heard. Let's challenge that thought. What evidence do you have that they might actually be willing to listen?
[Jamie] I guess sometimes they do ask me questions and try to understand my side. There have been a few moments where they seemed open to hearing me out.
[Kyle] Those moments suggest there's potential for more open communication. How would you feel about preparing a few key points you'd like to express during these conversations, ensuring you're clear and focused on what you want to convey?
[Jamie] I think that could work. Having things planned might help me feel less anxious about talking to them.
[Kyle] That sounds like a solid start. For our action plan, could you identify specific points you want to discuss with them? You could even consider writing them down and practicing with a friend or in front of a mirror. How does that sound?
[Jamie] That sounds like a good idea. I think I'll focus on letting them know how their reactions make me feel and why I've been experimenting. Practicing could make me feel more confident.
[Kyle] Sounds like a strong plan. Let's set a time for when you'll do this practice, and consider how often you want to review these points before actually talking to your parents.
[Jamie] Maybe I could practice a couple of times this week and then try talking to them over the weekend. That gives me some time to prepare and get comfortable with what I want to say.
",100,29,"{""ctrs_evaluation"": [{""item_name"": ""Agenda"", ""score"": 3, ""rationale"": ""The therapist transitioned from the previous session, identified significant events, reviewed the action plan, conducted a mood check, and identified specific goals for the session. The agenda was client-centered and prioritized Jamie's concerns.""}, {""item_name"": ""Feedback"", ""score"": 2, ""rationale"": ""The therapist ensured Jamie understood and agreed with the treatment plan and responded appropriately to feedback. However, there was no evidence of fluidly requesting feedback throughout the session.""}, {""item_name"": ""Understanding"", ""score"": 3, ""rationale"": ""The therapist consistently listened and reflected Jamie's statements, demonstrating empathy and understanding of Jamie's emotional state within the context of the situation.""}, {""item_name"": ""Interpersonal Effectiveness"", ""score"": 3, ""rationale"": ""The therapist demonstrated concern, provided positive reinforcement, maintained professional behavior, and showed warmth and genuineness throughout the session.""}, {""item_name"": ""Collaboration"", ""score"": 3, ""rationale"": ""The therapist consistently invited Jamie's participation in setting the agenda, selecting techniques, and determining the action plan, resulting in a mutually agreeable direction.""}, {""item_name"": ""Pacing and Efficient Use of Time"", ""score"": 2, ""rationale"": ""The therapist allocated appropriate time for all session segments and kept the session within a reasonable timeframe, although there is no specific mention of the session duration.""}, {""item_name"": ""Guided Discovery"", ""score"": 3, ""rationale"": ""The therapist skillfully used guided discovery to help Jamie arrive at his own conclusions and assessed the impact of the cognitive shift, particularly in challenging Jamie's thoughts about his parents listening.""}, {""item_name"": ""Focus on Key Cognitions and Behaviors"", ""score"": 3, ""rationale"": ""The therapist focused on the most relevant cognitions and behaviors, such as Jamie's fear of not being heard and the potential for open communication, which promised a positive impact.""}, {""item_name"": ""Strategy for Change"", ""score"": 2, ""rationale"": ""The therapist discussed an overall strategy with Jamie and used an appropriate CBT technique by suggesting the preparation of key points for communication.""}, {""item_name"": ""Application of CBT Technique"", ""score"": 2, ""rationale"": ""The therapist applied a recognizable CBT technique by helping Jamie prepare communication strategies, which is likely to facilitate change.""}, {""item_name"": ""Action Plan"", ""score"": 3, ""rationale"": ""The therapist reviewed the previous action plan, asked for Jamie's input on the new plan, developed a new plan, ensured Jamie was capable of completing it, and addressed potential obstacles.""}], ""total_score"": 29}"
"warm, empathetic, patient",Teacher constantly worried about job security student performance and admin demands,"
[Kyle] To begin, could you share what has been most difficult or concerning for you lately?
[Jamie] Lately, the most difficult thing for me is juggling the pressure from admin, worrying about my students' performance, and the constant fear of losing my job. It's just overwhelming.
[Kyle] It sounds like you're under a lot of pressure from multiple directions. Dealing with admin demands, concerns for your students, and job security worries can indeed feel overwhelming. It's understandable to feel this way. How does it feel to share this with me today?
[Jamie] It's a bit of a relief, honestly. Saying it out loud makes it feel a little less heavy, but the pressure's still there.
[Kyle] I'm glad that sharing brought a bit of relief. Together, let's aim to explore some practical ways to manage this pressure today. Does that sound like a helpful focus for our session?
[Jamie] Yeah, that sounds like a good idea. I could really use some strategies to handle all this stress.
[Kyle] Great. We'll work on some strategies to manage stress effectively. Let's start by identifying which area feels most urgent to address: admin pressure, concerns about student performance, or job security worries?
[Jamie] Right now, the admin pressure feels the most urgent. Their demands just keep piling up.
[Kyle] It’s understandable that those demands can feel overwhelming. Let’s explore your thoughts around these admin pressures. What specific demands feel the most challenging to manage right now?
[Jamie] The constant changes in curriculum expectations and the never-ending paperwork are the most challenging. It feels like there's always something new to adjust to.
[Kyle] Having to constantly adjust to new curriculum expectations and manage ongoing paperwork can certainly be stressful. Let’s consider some steps to manage this workload. What current strategies do you use to handle these tasks, and how effective do you find them?
[Jamie] I try to make lists and prioritize tasks, but it's hard to keep up when everything feels like a priority. It's not very effective right now.
[Kyle] It’s common to feel stuck when everything seems urgent. One technique we can explore is breaking tasks into smaller, more manageable steps and setting clear priorities. Would you be open to trying this approach to see if it helps reduce that sense of overwhelm?
[Jamie] Yeah, I'm open to trying that. It might help to have a clearer path forward.
[Kyle] Wonderful. Let's take a few minutes to practice breaking down one specific task into smaller steps. What’s one admin-related task on your list that we can work through together?
[Jamie] Updating the curriculum plan is a big one. It's been looming over me for a while.
",101,24,"{""ctrs_evaluation"": [{""item_name"": ""Agenda"", ""score"": 2, ""rationale"": ""The therapist transitioned from the previous session, identified significant events, conducted a mood check, and identified specific goals for the session. However, there was no explicit review of an Action Plan.""}, {""item_name"": ""Feedback"", ""score"": 1, ""rationale"": ""The therapist ascertained the client's reaction and ensured the client agreed with the treatment plan, but there was no evidence of responding appropriately to feedback.""}, {""item_name"": ""Understanding"", ""score"": 3, ""rationale"": ""The therapist consistently listened and reflected the client's statements and demonstrated recognition of the client's emotional state through empathy.""}, {""item_name"": ""Interpersonal Effectiveness"", ""score"": 3, ""rationale"": ""The therapist demonstrated warmth, genuineness, and unconditional acceptance through words and expressions.""}, {""item_name"": ""Collaboration"", ""score"": 3, ""rationale"": ""The therapist made a consistent effort to invite the client's participation in setting the agenda, selecting techniques, and determining the session's direction.""}, {""item_name"": ""Pacing and Efficient Use of Time"", ""score"": 2, ""rationale"": ""The therapist allocated appropriate time for session segments, but there is no information on the session's total duration.""}, {""item_name"": ""Guided Discovery"", ""score"": 2, ""rationale"": ""The therapist designed the session to achieve a cognitive shift and avoided bias, but there was no assessment of the shift after the intervention.""}, {""item_name"": ""Focus on Key Cognitions and Behaviors"", ""score"": 3, ""rationale"": ""The therapist focused on relevant cognitions and behaviors, specifically addressing the most pressing issue of admin pressure.""}, {""item_name"": ""Strategy for Change"", ""score"": 2, ""rationale"": ""The therapist discussed an overall strategy and used an appropriate CBT technique by suggesting breaking tasks into smaller steps.""}, {""item_name"": ""Application of CBT Technique"", ""score"": 2, ""rationale"": ""The therapist applied a CBT technique with sufficient skill that it was recognizable and likely to facilitate change.""}, {""item_name"": ""Action Plan"", ""score"": 1, ""rationale"": ""The therapist developed a new plan based on the session but did not review the previous Action Plan or ask for client input on the new plan.""}], ""total_score"": 24}"
"methodical, structured, coaching-style",Severe depression combined with heavy drinking as a coping mechanism,"
[Kyle] Thanks for being here today, Jamie. When you think about the time since we last spoke, what experiences or moments stand out to you?
[Jamie] Honestly, it's all been kind of a blur. I remember feeling empty most of the time, and I ended up drinking more than I probably should have. I just don't see things getting better.
[Kyle] I hear that you're feeling overwhelmed and turning to drinking as a way to cope. It's understandable to feel stuck, but I'm here to support you in finding a way forward. How does it sound if we set a goal for today's session to explore those feelings of emptiness and identify one small step you can take towards change?
[Jamie] I don't even know where to start. It just feels like nothing will ever really change for me.
[Kyle] It sounds like there's a strong sense of hopelessness weighing on you. Let's take a step back and look at how your current thoughts may be influencing this feeling. We can work together to identify one recurring thought you have about your situation and see if we can find a more balanced perspective. Would you be open to trying that?
[Jamie] I guess I could try, but I don't think it'll help much. I just feel like I'm stuck being a failure no matter what I do.
[Kyle] I appreciate your willingness to try, even when it feels difficult. Let's explore that thought of being a ""failure."" Could you tell me about a recent situation where this feeling was particularly strong? We'll start from there and see if we can gain some insights together.
[Jamie] There's nothing in particular, really. It's like a constant feeling, you know? Even when nothing's going wrong, I just can't shake it.
[Kyle] I understand—it sounds like this feeling is persistent and pervasive. Let's examine this thought more closely. What evidence do you have that supports the feeling of being a failure, and is there anything that might suggest otherwise? We can look at both sides to see if there's a more balanced perspective.
[Jamie] I just can't seem to do anything right. I keep messing up at work, and when I'm home, all I do is drink. It's hard to see anything that's good.
[Kyle] It seems like you're feeling quite overwhelmed with what's happening at work and at home. Let's break this down into smaller parts. Could we focus on one specific instance at work where you felt you ""messed up"" and explore that further? This might help us identify underlying thoughts and look for possible alternatives.
[Jamie] I guess there was this project I was working on, and I missed a deadline. It was a stupid mistake, but it just made me feel like I can't ever keep things together.
[Kyle] Missing a deadline can definitely contribute to feeling inadequate. Let's consider this situation in more detail. What were the circumstances leading up to that missed deadline, and what thoughts or worries were you experiencing at the time? This might help us uncover patterns that contribute to these feelings.
[Jamie] I kept putting things off, thinking I'd just get to it later. I was too tired and distracted most of the time, and before I knew it, the deadline was there. It's like I just couldn't find the energy to care enough.
[Kyle] Procrastination and feeling fatigued can be a cycle that's tough to break. It sounds like your energy levels and focus might be tied to your sense of motivation and possibly your drinking habits. Let's think about one small, manageable change you could implement to address this. Perhaps setting a short, daily goal at work to help increase focus? What do you think?
[Jamie] I don't know. Even small things feel like too much sometimes, but maybe giving it a try wouldn't hurt.
",102,23,"{""ctrs_evaluation"": [{""item_name"": ""Agenda"", ""score"": 2, ""rationale"": ""The therapist identified significant events, conducted a mood check, and set specific goals for the session. However, there was no review of the previous Action Plan or transition from the previous session.""}, {""item_name"": ""Feedback"", ""score"": 1, ""rationale"": ""The therapist ascertained the client's reaction to some extent but did not ensure the client understood or agreed with the treatment plan, nor was there a response to feedback.""}, {""item_name"": ""Understanding"", ""score"": 3, ""rationale"": ""The therapist consistently listened and reflected the client's statements, demonstrated recognition of the client's emotional state through empathy, and discussed it within the context of the conceptualization.""}, {""item_name"": ""Interpersonal Effectiveness"", ""score"": 3, ""rationale"": ""The therapist demonstrated concern for the client, provided positive reinforcement, maintained professional behavior, and showed warmth and genuineness.""}, {""item_name"": ""Collaboration"", ""score"": 2, ""rationale"": ""The therapist asked for client input when setting the agenda and selecting CBT techniques, but there was no clear determination of the Action Plan with client input.""}, {""item_name"": ""Pacing and Efficient Use of Time"", ""score"": 1, ""rationale"": ""The therapist allocated appropriate time for some session segments but did not complete all segments efficiently, and there is no information on session duration.""}, {""item_name"": ""Guided Discovery"", ""score"": 3, ""rationale"": ""The therapist skillfully used guided discovery to help the client explore thoughts of failure, leading to a cognitive shift by examining evidence for and against these thoughts.""}, {""item_name"": ""Focus on Key Cognitions and Behaviors"", ""score"": 3, ""rationale"": ""The therapist focused on the client's feelings of failure and drinking habits, which are highly relevant and have the greatest promise for positive impact.""}, {""item_name"": ""Strategy for Change"", ""score"": 2, ""rationale"": ""The therapist discussed a strategy to address procrastination and drinking habits and used guided discovery as an evidence-based CBT technique.""}, {""item_name"": ""Application of CBT Technique"", ""score"": 2, ""rationale"": ""The therapist applied guided discovery with sufficient skill, making it recognizable and likely to facilitate change in a motivated client.""}, {""item_name"": ""Action Plan"", ""score"": 1, ""rationale"": ""The therapist suggested setting a short, daily goal at work but did not review the previous Action Plan or fully develop a new plan with client input.""}], ""total_score"": 23}"
"warm, empathetic, patient",Avoids asking clarifying questions in professional or academic settings leading to mistakes,"
[Kyle] Thanks for being here today, Jamie. When you think about the time since we last spoke, what experiences or moments stand out to you?
[Jamie] Well, there was this time in a work meeting where I didn't ask for clarification on a project detail, and I ended up making a mistake. It was really stressful, and I felt embarrassed afterward.
[Kyle] It sounds like that meeting was challenging for you, and I can understand feeling embarrassed after making a mistake. Let's see how we can address this. What would you like to focus on during our session today to help manage situations like these in the future?
[Jamie] I think I'd like to focus on how I can get more comfortable with asking questions when I'm unsure about something. It's hard for me to speak up in those situations.
[Kyle] That sounds like a great goal for today. We can work on identifying what's holding you back from asking questions and develop strategies to become more comfortable in those situations. How does that sound to you?
[Jamie] That sounds good. I'm willing to try and see what might help me feel less anxious about speaking up.
[Kyle] Great! Let's start by exploring what thoughts or feelings you experience in those moments when you hesitate to ask questions. Can you tell me more about what's going through your mind during those times?
[Jamie] In those moments, I usually feel worried about being judged or looking incompetent. I get really self-conscious and start overthinking what others might think of me.
[Kyle] Feeling worried about judgment is completely understandable, and it's something many people experience. Let's explore these thoughts a bit further. What evidence do you have that supports these worries, and what evidence might suggest an alternative perspective?
[Jamie] Well, I’ve seen people get impatient during meetings when someone asks for clarification. But, sometimes, when others ask questions, they usually don't get criticized, so maybe it’s not as bad as I think.
[Kyle] That's an important observation. It shows that people often ask questions without negative consequences. Let's think about how you might remind yourself of this alternative perspective the next time you're hesitant to ask a question. How might that look for you?
[Jamie] I guess I could try to remind myself that asking questions is a normal part of learning and working. Maybe it would help to think of it as contributing to the discussion, rather than interrupting.
[Kyle] That's a constructive way to reframe your thoughts. Viewing questions as contributions can change how you perceive the situation. Would you like to practice this reframing with a specific strategy or technique that you can use during meetings?
[Jamie] Yes, that would be helpful. Maybe some kind of simple reminder or technique I could use before or during a meeting to help keep things in perspective.
[Kyle] A technique that might be useful is creating a short, positive affirmation or reminder to use right before you enter a meeting. For example, ""Asking questions is a valuable part of collaboration."" Does this sound like something you'd be willing to try?
[Jamie] Yeah, I think I could try that. Having a positive statement ready might help me feel more at ease.
",103,29,"{""ctrs_evaluation"": [{""item_name"": ""Agenda"", ""score"": 2, ""rationale"": ""The therapist transitioned from the previous session, identified significant events, and set specific goals for the session. However, there was no explicit review of an Action Plan or mood check.""}, {""item_name"": ""Feedback"", ""score"": 2, ""rationale"": ""The therapist ensured the client understood and agreed with the treatment plan and responded appropriately to feedback. However, feedback was not requested fluidly throughout the session.""}, {""item_name"": ""Understanding"", ""score"": 3, ""rationale"": ""The therapist consistently listened, reflected the client's statements, and demonstrated empathy by acknowledging the client's emotional state.""}, {""item_name"": ""Interpersonal Effectiveness"", ""score"": 3, ""rationale"": ""The therapist demonstrated warmth, genuineness, and unconditional acceptance throughout the session, showing concern for the client and providing positive reinforcement.""}, {""item_name"": ""Collaboration"", ""score"": 3, ""rationale"": ""The therapist consistently invited the client's participation in setting the agenda, selecting techniques, and determining the Action Plan, resulting in a mutually agreeable direction.""}, {""item_name"": ""Pacing and Efficient Use of Time"", ""score"": 2, ""rationale"": ""The therapist allocated appropriate time for session segments and maintained efficient pacing, but there is no information on the session's total duration.""}, {""item_name"": ""Guided Discovery"", ""score"": 3, ""rationale"": ""The therapist skillfully used guided discovery to help the client arrive at their own conclusions and assessed the impact of the cognitive shift.""}, {""item_name"": ""Focus on Key Cognitions and Behaviors"", ""score"": 3, ""rationale"": ""The therapist focused on relevant cognitions and behaviors, such as the client's fear of judgment and reframing questions as contributions, which have the potential for positive impact.""}, {""item_name"": ""Strategy for Change"", ""score"": 3, ""rationale"": ""The therapist discussed an overall strategy, explained the rationale for the technique, and obtained the client's agreement to use a positive affirmation technique.""}, {""item_name"": ""Application of CBT Technique"", ""score"": 3, ""rationale"": ""The therapist demonstrated comfort and technical correctness with the CBT technique of reframing thoughts and using positive affirmations.""}, {""item_name"": ""Action Plan"", ""score"": 2, ""rationale"": ""The therapist developed a new Action Plan with the client and asked for input, but did not explicitly assess the likelihood of completion or address potential obstacles.""}], ""total_score"": 29}"
"collaborative, direct, encouraging",Obsessively fears contamination by bodily fluids (urine blood etc.),"
[Kyle] Hi Jamie. Since this is our first session, it would help to hear what has been going on for you recently and what led you to reach out.
[Jamie] I've been feeling more and more disgusted with everything around me. It's like I can't escape the constant fear of being contaminated by something as small as a drop of blood or even urine. It's exhausting and overwhelming.
[Kyle] It sounds like you're experiencing a lot of distress and it's impacting your daily life significantly. It's understandable to feel overwhelmed by these fears. Let's aim to address this today by exploring what might be fueling these feelings and work toward finding strategies that can help reduce their intensity. How does that sound to you?
[Jamie] I guess that's why I'm here. It just feels like a compulsion that I can't control, and it's driving me crazy.
[Kyle] It sounds really challenging to feel like you're not in control. Together, we can work on identifying the thoughts and beliefs that might be contributing to these compulsions and practice techniques to help you regain some control and reduce the distress. What specific goal would you like to focus on today?
[Jamie] I think just understanding why this fear is so powerful for me would be a start. It might help me find a bit of peace.
[Kyle] Understanding the root of your fear is a great goal. We can begin by exploring the thoughts and situations that trigger your fear and how they make you feel. From there, we can look at any patterns or underlying beliefs that might be influencing it. Are you comfortable with that approach?
[Jamie] Yeah, I'm willing to try. I just hope it doesn't make things worse by talking about it.
[Kyle] It's completely normal to feel apprehensive about discussing distressing topics. We'll go at a pace that feels right for you, and I'll be here to support you every step of the way. Exploring this together can lead to greater understanding and relief over time. Does that reassure you a bit?
[Jamie] A little bit, yeah. I just need to be sure I can handle it without things spiraling out of control.
[Kyle] It's important to feel safe and in control during this process. We'll take small steps, ensuring that you feel comfortable as we go along. And remember, you have the ability to pause or adjust the pace at any time. How about we start by discussing a recent situation that triggered these feelings?
[Jamie] Alright, there was this moment at work when someone cut their finger and the sight of the blood just sent me into a panic. I couldn't stop thinking about it.
[Kyle] Thank you for sharing that with me. It's clear how unsettling that situation was for you. Let's explore what thoughts went through your mind at that moment. What do you recall thinking or believing when you saw the blood?
[Jamie] I was thinking about how easily it could spread or get on me. I felt like no matter how careful I was, there would be some tiny trace left behind that I couldn't get rid of.
[Kyle] That sounds quite distressing, feeling like it's impossible to escape contamination. These thoughts might feel really convincing in the moment, but they're often rooted in anxiety. As we explore this, we can start to challenge and reframe these thoughts to reduce their power. Shall we try identifying any evidence that either supports or contradicts these beliefs?
[Jamie] I suppose. It's just hard to imagine there's any evidence that contradicts it when the fear feels so real.
",104,20,"{""ctrs_evaluation"": [{""item_name"": ""Agenda"", ""score"": 1, ""rationale"": ""The therapist identified the client's significant distress and set a goal to explore the root of the fear, but did not transition from a previous session, review an Action Plan, or conduct a mood check.""}, {""item_name"": ""Feedback"", ""score"": 1, ""rationale"": ""The therapist responded to the client's concerns and provided reassurance, but did not ascertain the client's reaction to the treatment plan or ensure understanding/agreement.""}, {""item_name"": ""Understanding"", ""score"": 3, ""rationale"": ""The therapist consistently listened, reflected the client's statements, and demonstrated empathy by acknowledging the client's distress and fears.""}, {""item_name"": ""Interpersonal Effectiveness"", ""score"": 3, ""rationale"": ""The therapist demonstrated warmth and concern, provided reassurance, and maintained a supportive and professional demeanor throughout the session.""}, {""item_name"": ""Collaboration"", ""score"": 2, ""rationale"": ""The therapist asked for client input when setting the agenda and selecting techniques, but did not explicitly involve the client in determining an Action Plan.""}, {""item_name"": ""Pacing and Efficient Use of Time"", ""score"": 1, ""rationale"": ""The therapist managed the session well but there is no evidence of completing the session within 40-60 minutes.""}, {""item_name"": ""Guided Discovery"", ""score"": 2, ""rationale"": ""The therapist designed the session to achieve a cognitive shift by exploring the client's thoughts and beliefs, but did not assess the impact of the cognitive shift.""}, {""item_name"": ""Focus on Key Cognitions and Behaviors"", ""score"": 3, ""rationale"": ""The therapist focused on the client's fear of contamination and the associated thoughts, which are highly relevant to the client's distress.""}, {""item_name"": ""Strategy for Change"", ""score"": 2, ""rationale"": ""The therapist discussed exploring and challenging the client's beliefs as a strategy and used a cognitive restructuring technique.""}, {""item_name"": ""Application of CBT Technique"", ""score"": 2, ""rationale"": ""The therapist applied a recognizable CBT technique of cognitive restructuring aimed at challenging the client's beliefs.""}, {""item_name"": ""Action Plan"", ""score"": 0, ""rationale"": ""There was no evidence of reviewing a previous Action Plan, asking for client input on a new plan, or developing a new plan based on the session.""}], ""total_score"": 20}"
"warm, empathetic, patient",Working 70+ hour weeks in a fast-paced tech startup with aggressive deadlines,"
[Kyle] Since this is our first time meeting, can you tell me what has been affecting you most or prompting you to seek support right now?
[Jamie] I've been working ridiculously long hours, sometimes over 70 a week, and it's just relentless. I'm starting to feel completely drained and disconnected from the things I used to enjoy.
[Kyle] It sounds like you're experiencing a lot of stress and exhaustion due to your work schedule, which is understandable given the long hours you're putting in. Let's focus on identifying some specific goals for today's session that could help you manage this situation better. What would be most helpful for you to achieve today?
[Jamie] I think figuring out how to manage my time better or find some balance so I don't feel so overwhelmed all the time would be helpful.
[Kyle] Great, focusing on time management and finding balance sounds like a beneficial goal for today. How about we work on exploring practical strategies to help you manage your schedule more effectively, and also identify some activities that you can incorporate into your routine that bring you joy and relaxation? How does that sound to you?
[Jamie] That sounds good. It'd be nice to reconnect with things I enjoy and not feel guilty about it.
[Kyle] It's important to allow yourself the space to engage in activities you enjoy without guilt. Let's start by identifying some of those activities and explore how you can integrate them into your routine. Can you think of a few things you've enjoyed in the past?
[Jamie] I used to love reading and going for hikes, but they’ve fallen by the wayside with my current workload.
[Kyle] Reading and hiking are wonderful activities for relaxation and rejuvenation. Let's explore how you might reintroduce these into your weekly routine, even if it's in small, manageable increments to start with. Would you be open to setting specific times for these activities?
[Jamie] Yeah, I think I could try setting a little time aside for them. Maybe start small and build from there.
[Kyle] That sounds like a great approach—starting small can make it more likely for these changes to stick. Perhaps you could begin with a short hike on weekends or set aside 15 minutes a day for reading. How does that plan resonate with you?
[Jamie] That seems doable. I can definitely try to fit them in like that and see how it goes.
[Kyle] I'm glad to hear that feels manageable for you. As we continue, let's keep this momentum and think about any potential obstacles that might arise and how you could address them. Does that sound like a good next step?
[Jamie] Yeah, anticipating challenges might help me stay on track. Let's do that.
[Kyle] Perfect, planning ahead for challenges can make a big difference. Let's think about what situations might make it difficult to stick to your plan, and brainstorm strategies to handle those. What do you think could be some obstacles you might face?
[Jamie] Unexpected work demands are the biggest obstacle. They can easily eat into my personal time.
",105,27,"{""ctrs_evaluation"": [{""item_name"": ""Agenda"", ""score"": 2, ""rationale"": ""The therapist identified significant events, conducted a mood check, and set specific goals for the session, but did not review a previous Action Plan or transition from a previous session as this was the first meeting.""}, {""item_name"": ""Feedback"", ""score"": 2, ""rationale"": ""The therapist ensured the client understood and agreed with the treatment plan and responded appropriately to feedback, but did not fluidly request feedback throughout the session.""}, {""item_name"": ""Understanding"", ""score"": 3, ""rationale"": ""The therapist consistently listened and reflected the client's statements, demonstrated recognition of the client's emotional state through empathy, and discussed it within the context of the conceptualization.""}, {""item_name"": ""Interpersonal Effectiveness"", ""score"": 3, ""rationale"": ""The therapist demonstrated concern for the client, provided positive reinforcement, maintained professional behavior, and showed warmth, genuineness, and unconditional acceptance.""}, {""item_name"": ""Collaboration"", ""score"": 3, ""rationale"": ""The therapist consistently invited the client's participation in setting the agenda, selecting strategies, and determining the Action Plan, resulting in a mutually agreeable direction.""}, {""item_name"": ""Pacing and Efficient Use of Time"", ""score"": 2, ""rationale"": ""The therapist allocated appropriate time for session segments and kept the session focused, but there is no information about the session's total duration.""}, {""item_name"": ""Guided Discovery"", ""score"": 2, ""rationale"": ""The therapist designed the session to achieve a cognitive shift and avoided bias, but did not assess the shift after an intervention.""}, {""item_name"": ""Focus on Key Cognitions and Behaviors"", ""score"": 3, ""rationale"": ""The therapist focused on the most relevant cognitions and behaviors, such as time management and incorporating enjoyable activities, which have the greatest promise for positive impact.""}, {""item_name"": ""Strategy for Change"", ""score"": 2, ""rationale"": ""The therapist discussed an overall strategy with the client and used appropriate CBT techniques, such as setting specific goals and planning for obstacles.""}, {""item_name"": ""Application of CBT Technique"", ""score"": 2, ""rationale"": ""The therapist applied CBT techniques with sufficient skill that were recognizable and likely to facilitate change in a motivated client.""}, {""item_name"": ""Action Plan"", ""score"": 3, ""rationale"": ""The therapist reviewed the Action Plan, asked for client input, developed a new plan, ensured the client was capable of completing it, assessed the likelihood of completion, and addressed potential obstacles.""}], ""total_score"": 27}"
"warm, empathetic, patient",Increased awareness of normal body functions triggers panic attacks,"
[Kyle] Thanks for being here today, Jamie. When you think about the time since we last spoke, what experiences or moments stand out to you?
[Jamie] There was this moment when I felt my heart beating really fast, and it freaked me out. I just couldn't shake the feeling that something was wrong. It was hard to focus on anything else.
[Kyle] That sounds really unsettling, and it makes sense that it was hard to focus while feeling that way. Let's explore that experience a bit more. When your heart was racing, what was going through your mind at that moment?
[Jamie] I immediately thought something terrible was happening, like I was on the verge of a heart attack or something. It's hard to convince myself it's just anxiety when it's happening.
[Kyle] It sounds like those thoughts of a heart attack made the situation feel even more alarming. It's a common experience with anxiety to have physical sensations lead to intense thoughts like that. Would it be helpful to look at some techniques that can help challenge these thoughts when they arise?
[Jamie] Yeah, I think it might help. I mean, anything that can keep me from automatically jumping to the worst-case scenario would be good.
[Kyle] Great, let's work on that together. One technique we can use is called cognitive restructuring. It's about identifying those automatic thoughts and evaluating them more realistically. Would you like to go through a step-by-step example of how this might work when you experience those sensations?
[Jamie] Okay, let's try that. I want to see if it can help me think differently when I start feeling panicked.
[Kyle] Alright, the first step is to notice the automatic thought when you feel your heart racing, such as thinking you're having a heart attack. Next, we'll ask ourselves questions like: What evidence supports or refutes this thought? What have you experienced in the past with similar sensations? How does that sound so far?
[Jamie] It sounds like something I can try. Maybe reminding myself of past instances where it turned out fine could help calm me down a bit.
[Kyle] Exactly, that's a great approach. By reminding yourself of past experiences where you felt the same way and were okay, you can challenge that initial fear. Would you be open to practicing this technique over the next week and then we can discuss how it went in our next session?
[Jamie] Yeah, I'll give it a try and see how it goes. I'll make a note of how it works out for me.
[Kyle] That sounds like a solid plan. Thank you for your willingness to try this out. Before we wrap up, is there anything else you'd like to discuss or any questions about the action plan?
[Jamie] I think I'm good for now. Just hoping this can make a difference. Thank you for helping me with it.
[Kyle] You're very welcome, and remember, it's all about taking small steps. I'm here to support you along the way. Take care, and I look forward to hearing how it goes next time. Goodbye.
[Jamie] Goodbye. I'll see you next time.
",106,29,"{""ctrs_evaluation"": [{""item_name"": ""Agenda"", ""score"": 2, ""rationale"": ""The therapist transitioned from the previous session, identified significant events, and set specific goals for the session. However, there was no explicit review of an Action Plan or mood check.""}, {""item_name"": ""Feedback"", ""score"": 2, ""rationale"": ""The therapist ensured the client understood and agreed with the treatment plan and responded appropriately to feedback. However, there was no fluid request for feedback throughout the session.""}, {""item_name"": ""Understanding"", ""score"": 3, ""rationale"": ""The therapist consistently listened and reflected the client's statements and demonstrated empathy by acknowledging the client's emotional state and discussing it within the context of the conceptualization.""}, {""item_name"": ""Interpersonal Effectiveness"", ""score"": 3, ""rationale"": ""The therapist demonstrated warmth, genuineness, and unconditional acceptance through words and expressions, and maintained professional behavior throughout the session.""}, {""item_name"": ""Collaboration"", ""score"": 3, ""rationale"": ""The therapist invited the client's participation in setting the agenda, selecting CBT techniques, and determining the Action Plan, resulting in a mutually agreeable direction.""}, {""item_name"": ""Pacing and Efficient Use of Time"", ""score"": 2, ""rationale"": ""The therapist allocated appropriate time for session segments, but there is no information on whether the session was completed within 40-60 minutes.""}, {""item_name"": ""Guided Discovery"", ""score"": 3, ""rationale"": ""The therapist skillfully used guided discovery to help the client arrive at their own conclusions and assessed the impact of the cognitive shift.""}, {""item_name"": ""Focus on Key Cognitions and Behaviors"", ""score"": 3, ""rationale"": ""The therapist focused on the most relevant cognitions and behaviors, specifically the client's automatic thoughts and panic responses, which have the greatest promise for positive impact.""}, {""item_name"": ""Strategy for Change"", ""score"": 3, ""rationale"": ""The therapist discussed an overall strategy, explained the rationale for cognitive restructuring, and obtained the client's agreement to use the technique.""}, {""item_name"": ""Application of CBT Technique"", ""score"": 3, ""rationale"": ""The therapist applied cognitive restructuring with technical correctness and comfort, facilitating potential change in the client.""}, {""item_name"": ""Action Plan"", ""score"": 2, ""rationale"": ""The therapist reviewed the new plan based on the session and asked for client input, but did not explicitly assess the likelihood of completion or address potential obstacles.""}], ""total_score"": 29}"
"warm, empathetic, patient",Fears turbulence specifically making them unable to fly comfortably,"
[Kyle] Before we dive in, I'd like to hear what's been happening for you since our last meeting. What feels most pressing right now?
[Jamie] Honestly, I've been really stressed thinking about my upcoming trip. The thought of turbulence just terrifies me.
[Kyle] I understand that turbulence can be quite unsettling. Let's use today's session to explore these feelings further and work on some strategies to manage this stress. How does that sound to you?
[Jamie] That sounds good to me. I really need to find a way to cope better with this fear.
[Kyle] Great, I'm glad we're on the same page. Let's start by exploring what specific thoughts come up for you when you think about turbulence. What are some of the things going through your mind during those times?
[Jamie] When I think about turbulence, I just imagine the plane shaking uncontrollably and I feel this overwhelming fear that something bad might happen. It's hard to shake off that feeling.
[Kyle] It sounds like those thoughts create a lot of anxiety for you. Experiencing that fear is understandable. Let's work together to identify those thoughts and then challenge them to help reduce their impact. Would you be open to trying a thought record exercise for this?
[Jamie] I'm open to trying that. Anything that might help ease the anxiety would be great.
[Kyle] Wonderful. In a thought record, we'll take note of the situation, the feelings you experience, the automatic thoughts that arise, and then work on finding more balanced thoughts. Would you like to start with a recent situation where you felt this fear?
[Jamie] Sure, let's start with the time I was just thinking about booking my flight. That alone brought up a lot of fear.
[Kyle] Okay, let's break it down. When you were thinking about booking your flight, what specific thoughts were going through your mind that contributed to the fear?
[Jamie] I kept thinking about how the plane might hit turbulence and start shaking, leading to something dangerous happening. It just spirals from there.
[Kyle] Thank you for sharing that. The thought about the plane shaking seems to trigger a lot of anxiety for you. Let's explore the evidence for and against this thought. Are there times when you've experienced turbulence, and things turned out okay?
[Jamie] Yeah, there have been flights where there was turbulence, and everything was fine. But that fear just sticks with me regardless.
[Kyle] It's understandable that the fear can stick, even when things have gone well before. By recognizing those times when it's been okay, we're starting to build evidence against the fear. What do you think could be a more balanced thought that acknowledges this evidence?
[Jamie] Maybe something like ""Turbulence has happened before and the plane was fine, so it's likely to be okay again.""
",107,29,"{""ctrs_evaluation"": [{""item_name"": ""Agenda"", ""score"": 2, ""rationale"": ""The therapist transitioned from the previous session, identified significant events (Jamie's upcoming trip), and set specific goals for the session (exploring feelings about turbulence and working on strategies). However, there was no explicit review of an Action Plan or mood check.""}, {""item_name"": ""Feedback"", ""score"": 3, ""rationale"": ""The therapist ascertained Jamie's reaction to the session plan, ensured understanding and agreement on using a thought record, and responded appropriately to Jamie's feedback throughout the session.""}, {""item_name"": ""Understanding"", ""score"": 3, ""rationale"": ""The therapist consistently listened and reflected Jamie's statements, demonstrated empathy by acknowledging the anxiety, and discussed it within the context of the conceptualization of fear of turbulence.""}, {""item_name"": ""Interpersonal Effectiveness"", ""score"": 3, ""rationale"": ""The therapist demonstrated warmth, genuineness, and unconditional acceptance through empathetic responses and supportive language, fulfilling all criteria for a score of 3.""}, {""item_name"": ""Collaboration"", ""score"": 3, ""rationale"": ""The therapist invited Jamie's participation in setting the agenda, selecting the thought record technique, and determining the direction of the session, resulting in a mutually agreeable plan.""}, {""item_name"": ""Pacing and Efficient Use of Time"", ""score"": 2, ""rationale"": ""The therapist allocated appropriate time for exploring Jamie's thoughts and introducing the thought record technique. However, there is no information on the total session length.""}, {""item_name"": ""Guided Discovery"", ""score"": 3, ""rationale"": ""The therapist skillfully used guided discovery to help Jamie arrive at a more balanced thought about turbulence, assessing the cognitive shift by discussing evidence for and against the fear.""}, {""item_name"": ""Focus on Key Cognitions and Behaviors"", ""score"": 3, ""rationale"": ""The therapist focused on Jamie's specific thoughts and feelings about turbulence, which are highly relevant to the session's agenda and have the potential for significant positive impact.""}, {""item_name"": ""Strategy for Change"", ""score"": 3, ""rationale"": ""The therapist discussed an overall strategy using a thought record, explained the rationale, offered it as an option, and obtained Jamie's agreement, fulfilling all criteria for a score of 3.""}, {""item_name"": ""Application of CBT Technique"", ""score"": 3, ""rationale"": ""The therapist applied the thought record technique with comfort and technical correctness, likely facilitating change in Jamie's perception of turbulence.""}, {""item_name"": ""Action Plan"", ""score"": 1, ""rationale"": ""The therapist developed a plan to use a thought record but did not review a previous Action Plan or fully develop a new plan based on the current session.""}], ""total_score"": 29}"
"methodical, structured, coaching-style",Pervasive feeling of being fundamentally flawed and unlovable,"
[Kyle] Hi Jamie. As we get started today, what's been on your mind recently?
[Jamie] I've just been feeling like there's something inherently wrong with me, like I'm not worth loving or even being around.
[Kyle] That sounds really tough, Jamie. It seems like you're experiencing some strong feelings of self-doubt and worthlessness. Could you tell me more about what has been happening or any specific situations that might have triggered these feelings?
[Jamie] I don't know if there's one specific situation. It's just this constant feeling that I don't measure up, that I'm always failing or disappointing everyone around me. It's like no matter what I do, it's never enough.
[Kyle] It sounds like you're carrying a heavy burden, feeling as though you're not meeting expectations despite your efforts. Let’s see if we can explore these thoughts together. Could you give me an example of a recent situation where you felt this way? Maybe we can identify some patterns.
[Jamie] Well, recently at a family gathering, I just felt so out of place. It seemed like everyone else was relaxed and happy, and I couldn't shake the feeling that I just didn't belong or wasn't wanted there.
[Kyle] Thank you for sharing that with me, Jamie. It sounds like being at the family gathering brought up some strong feelings of not belonging. Let's look at the thoughts that were going through your mind at the time. What were you telling yourself during the gathering?
[Jamie] I kept telling myself that they were probably just tolerating me out of obligation and that they would all be happier if I wasn't there.
[Kyle] It seems like there was a strong belief at that moment that others would be happier without your presence. Let's challenge that thought together. What evidence do you have that supports or contradicts this belief?
[Jamie] I guess the evidence supporting it is that I felt so out of place and disconnected. But to contradict it, I can't be sure what they're thinking, and nobody actually said anything to make me feel unwelcome. It's just this overwhelming feeling I can't shake.
[Kyle] That's a great insight, Jamie. It seems like the feeling of disconnection might be influencing your thoughts. Let's try a CBT technique called re-evaluating automatic thoughts. Could you consider an alternative perspective, such as being welcome there despite feeling out of place? What might that look like?
[Jamie] An alternative perspective might be that maybe they do value having me there, even if I don't always feel it. Perhaps they were just busy or had other things on their minds, and it wasn't about me at all.
[Kyle] That's an excellent reframe, Jamie. Recognizing that others might be preoccupied and it doesn’t necessarily reflect their feelings towards you can be quite freeing. How does considering this alternative perspective make you feel?
[Jamie] It makes me feel a bit lighter, I suppose. Like maybe it's not all about me being unlovable, and there might be other reasons for how I feel. But it's still hard to fully believe it.
[Kyle] It's understandable that shifting these deep-seated beliefs takes time and practice. As part of our action plan, would it be helpful to note down situations where you feel out of place and then practice re-evaluating those thoughts using this new perspective? This could help reinforce the belief over time.
[Jamie] Yeah, I think that could be helpful. Maybe seeing it written down will help me sort through the feelings and challenge them gradually.
",108,24,"{""ctrs_evaluation"": [{""item_name"": ""Agenda"", ""score"": 1, ""rationale"": ""The therapist did not explicitly set an agenda or review the previous session, but did transition from the previous session by asking what was on the client's mind.""}, {""item_name"": ""Feedback"", ""score"": 1, ""rationale"": ""The therapist did not explicitly ask for feedback or check the client's understanding/agreement with the treatment plan.""}, {""item_name"": ""Understanding"", ""score"": 3, ""rationale"": ""The therapist consistently listened and reflected the client's statements, demonstrating recognition of the client's emotional state through empathy.""}, {""item_name"": ""Interpersonal Effectiveness"", ""score"": 3, ""rationale"": ""The therapist demonstrated warmth, genuineness, and unconditional acceptance throughout the session.""}, {""item_name"": ""Collaboration"", ""score"": 2, ""rationale"": ""The therapist asked for client input when selecting and using CBT techniques and determining the action plan.""}, {""item_name"": ""Pacing and Efficient Use of Time"", ""score"": 1, ""rationale"": ""The dialogue does not provide enough information to determine if the session was completed within 40-60 minutes.""}, {""item_name"": ""Guided Discovery"", ""score"": 3, ""rationale"": ""The therapist skillfully used guided discovery to help the client arrive at their own conclusions and assessed the impact of the cognitive shift.""}, {""item_name"": ""Focus on Key Cognitions and Behaviors"", ""score"": 3, ""rationale"": ""The therapist focused on the most relevant cognitions and behaviors, such as the client's feelings of not belonging and being unlovable.""}, {""item_name"": ""Strategy for Change"", ""score"": 2, ""rationale"": ""The therapist discussed an overall strategy with the client and used a CBT technique to challenge automatic thoughts.""}, {""item_name"": ""Application of CBT Technique"", ""score"": 3, ""rationale"": ""The therapist applied a CBT technique with comfort and technical correctness, facilitating a cognitive shift.""}, {""item_name"": ""Action Plan"", ""score"": 2, ""rationale"": ""The therapist developed a new action plan based on the session and involved the client in the process.""}], ""total_score"": 24}"
"direct, challenging, pragmatic",Couple constantly in a cycle of control and resistance,"
[Kyle] Hi Jamie. As we get started today, what's been on your mind recently?
[Jamie] Honestly, it's just the same old pattern. I keep feeling like everything has to be my way but then we just end up fighting about it. I'm frustrated.
[Kyle] It sounds like you're caught in a cycle of wanting control but experiencing conflict because of it. Let's explore one or two specific incidents where this pattern showed up recently. How does that sound to you?
[Jamie] Sure, but it's hard not to feel like I'm just defending myself, you know? I don't see how things are going to change if I don't stay in control.
[Kyle] I understand it feels like control is necessary for stability. Let's dig into that belief a bit. What might happen if you allowed things to be less controlled sometimes?
[Jamie] I worry that everything would just fall apart. It's hard to trust that things will work out if I'm not steering the ship.
[Kyle] That's a valid concern. Let's examine this belief together. Can you think of a small way to test what happens if you step back just a little, in a less risky situation?
[Jamie] I guess I could try letting my partner choose something minor, like where we get dinner. But it still feels uncomfortable.
[Kyle] That's a manageable start, and it's okay to feel uncomfortable. By experimenting with smaller choices, you might gather new insights about your partner and yourself. How do you feel about trying this before our next session?
[Jamie] I can give it a try. I just hope it doesn't lead to another argument.
[Kyle] It's great that you're willing to try. If tension arises, focus on what you can learn from the situation. We'll review how it went next time. Is there anything else you'd like to address today before we wrap up?
[Jamie] Not really, I think that's enough for now. Thanks.
[Kyle] You're welcome. Remember, trying new approaches can be challenging, but it's a step toward change. We'll talk about how it went in our next session. Take care. Goodbye.
[Jamie] Goodbye.
",109,18,"{""ctrs_evaluation"": [{""item_name"": ""Agenda"", ""score"": 1, ""rationale"": ""The therapist initiated the session by asking what's been on the client's mind, but did not explicitly transition from the previous session, review an Action Plan, conduct a mood check, or identify specific goals for the session.""}, {""item_name"": ""Feedback"", ""score"": 1, ""rationale"": ""The therapist asked for the client's input on exploring specific incidents and trying a new approach, but did not ascertain the client's reaction to the treatment plan or respond to feedback throughout the session.""}, {""item_name"": ""Understanding"", ""score"": 2, ""rationale"": ""The therapist consistently listened and reflected the client's statements, acknowledging the client's feelings of needing control and concerns about things falling apart.""}, {""item_name"": ""Interpersonal Effectiveness"", ""score"": 2, ""rationale"": ""The therapist demonstrated concern for the client and maintained professional behavior, but did not consistently display warmth or unconditional acceptance.""}, {""item_name"": ""Collaboration"", ""score"": 2, ""rationale"": ""The therapist asked for client input when setting the agenda and selecting a CBT technique, and involved the client in determining the Action Plan.""}, {""item_name"": ""Pacing and Efficient Use of Time"", ""score"": 0, ""rationale"": ""There is no evidence provided regarding the allocation of time for session segments or the overall session duration.""}, {""item_name"": ""Guided Discovery"", ""score"": 2, ""rationale"": ""The therapist designed the session to achieve a cognitive shift by exploring the client's belief about control and suggested an experiment to test this belief.""}, {""item_name"": ""Focus on Key Cognitions and Behaviors"", ""score"": 2, ""rationale"": ""The therapist focused on the client's belief about control and its impact on behavior, which was relevant to the agenda.""}, {""item_name"": ""Strategy for Change"", ""score"": 2, ""rationale"": ""The therapist discussed a strategy involving testing the client's belief about control and used a CBT technique of behavioral experimentation.""}, {""item_name"": ""Application of CBT Technique"", ""score"": 2, ""rationale"": ""The therapist applied a recognizable CBT technique (behavioral experiment) with sufficient skill to facilitate change in a motivated client.""}, {""item_name"": ""Action Plan"", ""score"": 2, ""rationale"": ""The therapist developed a new Action Plan based on the session, involving the client in its creation, but did not assess the likelihood of completion or address potential obstacles.""}], ""total_score"": 18}"
"supportive, focused, structured",Grieving the loss of their own health/mobility due to a sudden medical event,"
[Kyle] Hi Jamie. Since our last conversation, what has been coming up for you that feels important to talk about today?
[Jamie] I'm just feeling angry and frustrated. It’s hard accepting how different everything is now.
[Kyle] It sounds like you're dealing with a lot of strong feelings about change. Let's explore what specifically is different now and what thoughts are contributing to your anger and frustration. Would you like to focus on that today?
[Jamie] Yeah, I guess. It's just... everything feels like a struggle, and I'm not sure where to start.
[Kyle] I hear you. Let's break it down together. Could you share one specific struggle that's particularly challenging right now? We'll work from there to understand and address it.
[Jamie] Getting around is tough. It feels like I'm trapped in my own body.
[Kyle] That sounds really difficult and understandably frustrating. Let's focus on your thoughts around this feeling of being trapped. Can you tell me more about what goes through your mind when you're trying to get around?
[Jamie] I just keep thinking about how I used to do things so easily. Now, everything takes so much effort and I hate feeling helpless.
[Kyle] It seems like comparing the past to now is a significant source of frustration for you, contributing to a sense of helplessness. Let's identify any specific automatic thoughts that come up in these moments. How would you feel about exploring ways to challenge and reframe these thoughts?
[Jamie] It might be worth trying, but honestly, sometimes it just feels like nothing will help.
[Kyle] It's understandable to feel that way when things seem overwhelming. Let's approach this by considering one small, realistic change we could experiment with today to see if it makes any difference. Does that sound okay to you?
[Jamie] I suppose it wouldn't hurt to try. Let's give it a go.
[Kyle] Great. Let's start by identifying one automatic thought you have when you feel helpless, and we can work on challenging it together. What’s one thought that stands out to you?
[Jamie] I keep thinking, ""I'll never get back to how I was before.""
[Kyle] Thank you for sharing that. Let's challenge this thought by considering evidence for and against it. What makes you think you'll never get back to how you were, and are there any small improvements or progress you've noticed along the way?
[Jamie] It just feels so permanent because I can't do things the same way anymore. But I guess there were times I've managed small tasks I didn't think I could.
",110,22,"{""ctrs_evaluation"": [{""item_name"": ""Agenda"", ""score"": 2, ""rationale"": ""The therapist transitioned from the previous session by asking what was important to discuss today, identified significant events (patient's feelings of anger and frustration), and set specific goals for the session by focusing on the patient's struggles and thoughts. However, there was no explicit review of an Action Plan or mood check.""}, {""item_name"": ""Feedback"", ""score"": 1, ""rationale"": ""The therapist asked for the client's agreement to focus on specific issues and to try reframing thoughts, but did not ascertain the client's reaction throughout the session or respond to feedback comprehensively.""}, {""item_name"": ""Understanding"", ""score"": 3, ""rationale"": ""The therapist consistently listened, reflected the client's statements, and demonstrated empathy by acknowledging the client's emotional state and discussing it in the context of their struggles.""}, {""item_name"": ""Interpersonal Effectiveness"", ""score"": 3, ""rationale"": ""The therapist demonstrated concern for the client, provided positive reinforcement, and maintained professional behavior. Additionally, warmth and genuineness were evident in the therapist's supportive responses.""}, {""item_name"": ""Collaboration"", ""score"": 2, ""rationale"": ""The therapist asked for client input when setting the agenda and selecting techniques, and involved the client in determining the Action Plan, but did not consistently invite participation in every major session decision.""}, {""item_name"": ""Pacing and Efficient Use of Time"", ""score"": 1, ""rationale"": ""The therapist managed to allocate time for discussing the client's struggles and thoughts, but there is no information on whether the session was completed within the appropriate time frame.""}, {""item_name"": ""Guided Discovery"", ""score"": 2, ""rationale"": ""The therapist designed the session to achieve a cognitive shift by exploring and challenging automatic thoughts, and avoided bias or coercion. However, there was no assessment of the impact of the cognitive shift.""}, {""item_name"": ""Focus on Key Cognitions and Behaviors"", ""score"": 3, ""rationale"": ""The therapist focused on the most relevant cognitions and behaviors related to the client's feelings of helplessness and frustration, which had the greatest promise for positive impact.""}, {""item_name"": ""Strategy for Change"", ""score"": 2, ""rationale"": ""The therapist discussed a strategy for change by identifying and challenging automatic thoughts, using an appropriate CBT technique.""}, {""item_name"": ""Application of CBT Technique"", ""score"": 2, ""rationale"": ""The therapist applied a recognizable CBT technique (challenging automatic thoughts) with sufficient skill to facilitate change in a motivated client.""}, {""item_name"": ""Action Plan"", ""score"": 1, ""rationale"": ""The therapist developed a new plan based on the current session and asked for client input, but did not review a previous Action Plan.""}], ""total_score"": 22}"
"systematic, educational, logical",Associates the bed with anxiety work and screens (not sleep),"
[Kyle] Before we dive in, I'd like to hear what's been happening for you since our last meeting. What feels most pressing right now?
[Jamie] I've been feeling a lot of anxiety every time I get into bed. It's like my mind just races with work thoughts and the glow of screens, making it hard to relax or sleep. It's really frustrating.
[Kyle] It sounds like you're experiencing significant anxiety at bedtime, with your mind racing due to work thoughts and screen exposure. How does this fit with what you were hoping to discuss today, and what specific goals would you like us to focus on for this session?
[Jamie] I was hoping we could talk about ways to make my bed feel like a place for rest, not stress. I really want to find strategies to calm my mind before bed so I can actually sleep.
[Kyle] Great, it sounds like you want to focus on creating a restful bedtime routine and strategies to calm your mind before sleep. How does exploring relaxation techniques and setting up a sleep-friendly environment resonate with you?
[Jamie] That sounds like exactly what I need right now. I'm open to trying new techniques if it helps reduce this anxiety and improves my sleep.
[Kyle] Perfect. Let's start by exploring a relaxation technique known as progressive muscle relaxation. It's a systematic method to help reduce tension and calm your mind. Does that sound like something you’d like to try together?
[Jamie] Yeah, I'd like to give that a try. Anything that might help slow down my racing thoughts is worth it.
[Kyle] Progressive muscle relaxation involves tensing, then slowly releasing muscle groups. You can focus on how your body feels during the process. Would you like me to guide you through an example now, so you can practice this technique before bed?
[Jamie] Sure, that would be helpful. I'd appreciate any guidance to get started with it.
[Kyle] Let's start with your feet. Tense the muscles in your feet by curling your toes and holding them for about five seconds. Then, slowly release the tension, focusing on how the relaxation feels. We'll work our way up the body, repeating this with different muscle groups. How does that feel so far?
[Jamie] It feels different. I can see how focusing on the release could help shift my attention away from my thoughts. I'll try to keep this going.
[Kyle] Excellent. It’s encouraging to hear that you’re already noticing a shift. With practice, this technique might become a helpful part of your nightly routine. Would it be useful for us to create a specific action plan for continuing this practice at home?
[Jamie] Yes, having an action plan would be really helpful. I think it could make it easier for me to stick with it consistently.
[Kyle] Let's create a plan. You might set aside 15 minutes each night before bed to practice progressive muscle relaxation, starting with your feet and working upward. You could also consider reducing screen time before bed to help your mind wind down. Does this sound achievable for you this week?
[Jamie] That sounds doable. I'll try to set that time aside and reduce screen time, too. I really hope it will help shift my mindset about bedtime.
",111,31,"{""ctrs_evaluation"": [{""item_name"": ""Agenda"", ""score"": 3, ""rationale"": ""The therapist transitioned from the previous session, identified significant events (anxiety at bedtime), reviewed the action plan, conducted a mood check, and identified specific goals for the session, ensuring all items important to the client were addressed and prioritized.""}, {""item_name"": ""Feedback"", ""score"": 2, ""rationale"": ""The therapist ascertained the client's reaction to the plan and ensured the client understood and agreed with the treatment plan. However, there was no evidence of fluidly requesting feedback throughout the session.""}, {""item_name"": ""Understanding"", ""score"": 3, ""rationale"": ""The therapist consistently listened and reflected the client's statements, demonstrating recognition of the client's emotional state through empathy and discussing it within the context of the conceptualization.""}, {""item_name"": ""Interpersonal Effectiveness"", ""score"": 3, ""rationale"": ""The therapist demonstrated concern for the client, provided positive reinforcement, maintained professional behavior, and showed warmth and genuineness throughout the session.""}, {""item_name"": ""Collaboration"", ""score"": 3, ""rationale"": ""The therapist consistently invited the client's participation in every major session decision, resulting in a mutually agreeable direction for the session.""}, {""item_name"": ""Pacing and Efficient Use of Time"", ""score"": 2, ""rationale"": ""The therapist allocated appropriate time for all session segments and completed the session within a reasonable timeframe. However, there is no explicit mention of the session duration.""}, {""item_name"": ""Guided Discovery"", ""score"": 3, ""rationale"": ""The therapist skillfully used guided discovery to help the client arrive at their own conclusions and assessed the impact of the cognitive shift, as evidenced by the client's feedback on the relaxation technique.""}, {""item_name"": ""Focus on Key Cognitions and Behaviors"", ""score"": 3, ""rationale"": ""The therapist focused on the most relevant cognitions and behaviors with the greatest promise for positive impact, specifically addressing the client's anxiety related to bedtime and screens.""}, {""item_name"": ""Strategy for Change"", ""score"": 3, ""rationale"": ""The therapist discussed an overall strategy, used an appropriate evidence-based technique (progressive muscle relaxation), explained the rationale, and obtained the client's agreement to use it.""}, {""item_name"": ""Application of CBT Technique"", ""score"": 3, ""rationale"": ""The therapist applied the CBT technique of progressive muscle relaxation with comfort and technical correctness, facilitating a potential change in the client's bedtime routine.""}, {""item_name"": ""Action Plan"", ""score"": 3, ""rationale"": ""The therapist reviewed the previous action plan, asked for client input on the new plan, developed a new plan based on the session, ensured the client was capable of completing it, and addressed potential obstacles.""}], ""total_score"": 31}"
"warm, empathetic, patient",Believes they must be perfect because they doubt their basic ability to succeed otherwise,"
[Kyle] Thanks for being here today, Jamie. When you think about the time since we last spoke, what experiences or moments stand out to you?
[Jamie] Honestly, I’ve just been feeling this intense pressure to keep everything perfect. Like, if I don’t keep things exactly right, I'm worried it’ll all fall apart. It’s been really stressful.
[Kyle] I can hear how stressful it's been for you to feel that pressure to maintain perfection. Let's work together to understand this a bit more today and find ways to ease that stress. How does that sound?
[Jamie] It sounds good to me. I just really need to figure out how to manage all these expectations I’ve set for myself.
[Kyle] Great, we can definitely focus on that. Today, let's aim to explore these expectations, understand where they come from, and identify ways to manage them more effectively. Does that fit with what you were hoping for?
[Jamie] Yeah, that fits well. It’s like I keep setting the bar higher and higher, and it’s exhausting. So understanding why could really help.
[Kyle] It's understandable to feel exhausted with the bar set so high. Let's start by exploring what beliefs or thoughts lead you to set these expectations. Can you think of a situation where this feeling was particularly strong?
[Jamie] There was this project at work where I felt like I had to do everything perfectly. I kept worrying that if I messed up even a little, it would mean I'm not good enough for the job. It was all-consuming.
[Kyle] It sounds like there’s a thought that a mistake could define your worth or capability in your job. How do you feel when you think about it that way?
[Jamie] I feel really anxious and overwhelmed. It’s like carrying a constant weight, always afraid one wrong move will prove I'm not as capable as I need to be.
[Kyle] That sounds really heavy to carry. It's important to address these feelings of anxiety and fear. Let's consider exploring how realistic these thoughts are and what evidence you have that contradicts them. Would you be open to trying this approach?
[Jamie] I’d be open to that. I know deep down it’s not realistic, but in the moment it’s hard to shake off those doubts. Maybe looking at it more logically could help.
[Kyle] Looking at it logically can often reveal new perspectives. Let's work on identifying some specific instances where you've succeeded or handled challenges well, even when things weren't perfect. This might help challenge the doubts when they arise. Does that make sense to you?
[Jamie] Yeah, that makes a lot of sense. I guess reflecting on the times I’ve managed things well could remind me that I don’t have to be perfect to be capable.
[Kyle] Exactly, and it's great that you're recognizing that. As a step forward, would you be willing to write down a few successes each day—big or small—where you've navigated challenges effectively? This could serve as a reminder of your capabilities. What do you think?
[Jamie] I think that could really help. Seeing those reminders of success might make it easier to believe in my abilities, even when things aren’t perfect. I’ll give it a try.
",112,31,"{""ctrs_evaluation"": [{""item_name"": ""Agenda"", ""score"": 3, ""rationale"": ""The therapist transitioned from the previous session, identified significant events, conducted a mood check, reviewed the action plan, and set specific goals for the session. The therapist ensured all items important to the client were addressed and prioritized.""}, {""item_name"": ""Feedback"", ""score"": 2, ""rationale"": ""The therapist ascertained the client's reaction and ensured the client understood and agreed with the treatment plan. However, there is no evidence of fluidly requesting feedback throughout the session.""}, {""item_name"": ""Understanding"", ""score"": 3, ""rationale"": ""The therapist consistently listened and reflected the client's statements, demonstrated recognition of the client's emotional state through empathy, and discussed it within the context of the conceptualization.""}, {""item_name"": ""Interpersonal Effectiveness"", ""score"": 3, ""rationale"": ""The therapist demonstrated concern for the client, provided positive reinforcement, maintained professional behavior, and showed warmth and genuineness through words and expressions.""}, {""item_name"": ""Collaboration"", ""score"": 3, ""rationale"": ""The therapist asked for client input when setting the agenda, selecting CBT techniques, and determining the action plan, inviting the client's participation in every major session decision.""}, {""item_name"": ""Pacing and Efficient Use of Time"", ""score"": 2, ""rationale"": ""The therapist allocated appropriate time for all session segments and kept the session within a typical timeframe, but there is no explicit evidence of seamless pacing or limiting unproductive discussion.""}, {""item_name"": ""Guided Discovery"", ""score"": 3, ""rationale"": ""The therapist skillfully used guided discovery to help the client arrive at their own conclusions and assessed the impact of the cognitive shift.""}, {""item_name"": ""Focus on Key Cognitions and Behaviors"", ""score"": 3, ""rationale"": ""The therapist focused on the most relevant cognitions and behaviors with the greatest promise for positive impact, specifically addressing the client's perfectionism and related thoughts.""}, {""item_name"": ""Strategy for Change"", ""score"": 3, ""rationale"": ""The therapist discussed an overall strategy with the client, used appropriate CBT techniques, explained the rationale, and obtained the client's agreement to use them.""}, {""item_name"": ""Application of CBT Technique"", ""score"": 3, ""rationale"": ""The therapist applied a CBT technique with sufficient skill, demonstrating comfort and technical correctness, likely to facilitate change in a motivated client.""}, {""item_name"": ""Action Plan"", ""score"": 3, ""rationale"": ""The therapist reviewed the previous action plan, asked for client input on the new plan, developed a new plan based on the current session, ensured the client was capable of completing it, and addressed potential obstacles.""}], ""total_score"": 31}"
"accepting, present-focused, gentle",Uses impulsive shopping and spending to regulate painful emotions,"
[Kyle] Hi Jamie. Since this is our first session, it would help to hear what has been going on for you recently and what led you to reach out.
[Jamie] Hi! Well, I’ve been feeling really excited about this new jacket I bought. It’s just perfect and makes me feel good… but then, I felt guilty because I’m already deep in credit card debt. I think the overall stress is just getting to me, and I really needed someone to talk to about it.
[Kyle] Thank you for sharing that with me, Jamie. It's understandable to feel excited about something you enjoy, but also to feel the weight of financial stress. How are you feeling about these mixed emotions right now?
[Jamie] Right now, I’m feeling a bit overwhelmed. The excitement is still there, but the guilt always seems to creep in after. It’s like a rollercoaster of emotions, and I’m struggling to balance them.
[Kyle] That sounds challenging, feeling caught between excitement and guilt. Let's focus on understanding these emotions and see if we can find a way to manage them. Does that sound good to you?
[Jamie] Yeah, that sounds good. I’d love to learn how to handle these feelings better.
[Kyle] Great! Let's explore some strategies together. One approach we could take is identifying the specific thoughts that trigger these emotions and see if there are any patterns. Would you be open to doing that?
[Jamie] Sure, I’m open to that. It might help me understand why I feel this way and how to deal with it.
[Kyle] Fantastic. Let's start by thinking about a recent moment when you felt both excitement and guilt. Can you pinpoint the thoughts or beliefs that came up in that situation?
[Jamie] Hmm, let me think. When I bought that jacket, the first thought was how amazing it would look on me and how it would boost my confidence. But right after, the thought of my credit card statement popped up, and I felt guilty for spending money I can’t really afford to.
[Kyle] It sounds like your initial thought was about the positive impact on your confidence, followed by a concern about financial consequences. Recognizing these thoughts is a valuable first step. How do these thoughts influence your feelings and actions afterward?
[Jamie] After those thoughts, I often feel a mix of regret and anxiety, which makes me want to distract myself or sometimes even spend more to regain that initial excitement. It's like a cycle that repeats itself.
[Kyle] I see, and it's understandable how that cycle can be difficult to break. A potential strategy could be to pause and challenge those thoughts when they arise. We can work on this together. How does that approach sound to you?
[Jamie] That sounds helpful. If I can pause and challenge those thoughts, maybe I can find a different way to handle the situation.
[Kyle] Exactly. We'll practice identifying and challenging those thoughts, potentially shifting how you respond to them. Would you be interested in setting a goal to try this technique the next time you feel the cycle starting?
[Jamie] Yes, I’d be interested in trying that. It feels empowering to have a plan.
",113,21,"{""ctrs_evaluation"": [{""item_name"": ""Agenda"", ""score"": 1, ""rationale"": ""The therapist did not explicitly set an agenda, review a previous action plan, or conduct a mood check. However, they did identify significant events and set a specific goal to manage emotions.""}, {""item_name"": ""Feedback"", ""score"": 1, ""rationale"": ""The therapist asked for the client's agreement on strategies but did not ascertain the client's reaction to the session or respond to feedback throughout.""}, {""item_name"": ""Understanding"", ""score"": 3, ""rationale"": ""The therapist consistently listened, reflected the client's statements, and demonstrated empathy by recognizing the client's emotional state.""}, {""item_name"": ""Interpersonal Effectiveness"", ""score"": 3, ""rationale"": ""The therapist demonstrated warmth, genuineness, and acceptance, showing concern for the client and maintaining professional behavior.""}, {""item_name"": ""Collaboration"", ""score"": 2, ""rationale"": ""The therapist asked for client input when discussing strategies and setting goals, but did not involve the client in setting the agenda.""}, {""item_name"": ""Pacing and Efficient Use of Time"", ""score"": 1, ""rationale"": ""The therapist allocated appropriate time for discussing emotions and strategies but did not cover all session segments such as agenda setting.""}, {""item_name"": ""Guided Discovery"", ""score"": 2, ""rationale"": ""The therapist designed the session to achieve a cognitive shift by identifying and challenging thoughts, avoiding bias or coercion.""}, {""item_name"": ""Focus on Key Cognitions and Behaviors"", ""score"": 3, ""rationale"": ""The therapist focused on specific cognitions and behaviors related to impulsive spending and emotional regulation, which are highly relevant.""}, {""item_name"": ""Strategy for Change"", ""score"": 2, ""rationale"": ""The therapist discussed a strategy to challenge thoughts and used a CBT technique to address the client's issues.""}, {""item_name"": ""Application of CBT Technique"", ""score"": 2, ""rationale"": ""The therapist applied a recognizable CBT technique of identifying and challenging thoughts, likely to facilitate change.""}, {""item_name"": ""Action Plan"", ""score"": 1, ""rationale"": ""The therapist developed a new plan based on the session but did not review a previous action plan or address potential obstacles.""}], ""total_score"": 21}"
"observant, analytical, systemic",Compulsively seeks medical appointments and tests alienating doctors and family,"
[Kyle] As we start today, Iwould you like to tell me about what you've been experiencing and what you're hoping we might work on together?
[Jamie] I've been feeling really anxious about my health and constantly worry that something might be wrong. I keep feeling the need to go to the doctor and ask for more tests, but it seems like my family and even some doctors are getting frustrated with me. I just want to make sure I'm not missing anything serious.
[Kyle] Thank you for sharing that with me. Let's start by doing a quick mood check—how would you rate your anxiety on a scale of 1 to 10 right now? And then, we can set one or two goals for our session today based on what you're experiencing. Perhaps we could focus on understanding your health-related anxiety better and exploring some techniques to help manage these worries. How does that sound?
[Jamie] Right now, I'd say my anxiety is at about a 7. Understanding my health-related anxiety better sounds helpful, and I'd really like to find ways to manage it so I don't feel the urge to keep seeking medical reassurance.
[Kyle] Thanks for sharing your current anxiety level and your goals. Let's explore the thoughts and beliefs you have when you're feeling anxious about your health. By examining these, we might uncover patterns and then look at strategies to address them. How do you feel about trying a technique called cognitive restructuring during our session?
[Jamie] I’m open to trying cognitive restructuring if it might help me understand and challenge some of the thoughts contributing to my anxiety. It’d be great to find a different way to handle these worries.
[Kyle] Great! Cognitive restructuring can be a useful tool for identifying and challenging unhelpful thoughts. Let's start by identifying a specific situation or recent event where you felt particularly anxious about your health. From there, we can examine the automatic thoughts you experienced and explore more balanced perspectives. Does that sound good to you?
[Jamie] Yes, that sounds good. Recently, I had a headache that lasted a couple of days, and I immediately started worrying it might be something very serious, like a brain tumor. I couldn't stop thinking about it until I went to the doctor.
[Kyle] Thank you for sharing that situation. When you had that headache and the thought about a brain tumor came up, what other thoughts or beliefs accompanied it? Let's see if we can unpack those together.
[Jamie] When I had the headache, I kept thinking, ""What if this is something serious and I ignore it?"" I also felt like if I didn’t get it checked out, I might regret it later. It’s like I need to be absolutely sure that everything is okay.
[Kyle] It sounds like the thoughts about needing certainty and fear of regret were quite strong. Let’s examine these thoughts by asking what evidence supports or contradicts the idea that the headache was a sign of something serious. Then, we can consider if there might be a more balanced way to view situations like this one. How does that approach resonate with you?
[Jamie] That sounds helpful. I usually focus on the worst-case scenario without considering other possibilities. Looking at the evidence might help me see things more clearly and find a more balanced perspective.
[Kyle] That’s a great insight. Let's try looking at evidence together. What evidence do you have that supports the idea that the headache might be something serious, and what might suggest it's not as serious as your initial thought? This can help us find a more balanced perspective.
[Jamie] Well, supporting the idea of it being serious, I guess it's mostly just the fear that something could be wrong and I might miss it. But thinking about it, I’ve had headaches before that turned out to be nothing serious. The doctor told me it was likely just tension or stress-related, which makes sense since I’ve been feeling pretty overwhelmed lately.
[Kyle] It seems like your past experiences and the doctor's input provide some strong evidence that the headaches could be tension or stress-related rather than something more serious. Acknowledging this can help shift your perspective. Would it be helpful to create a plan to remind yourself of these balanced thoughts when anxiety arises, and possibly explore some techniques for managing stress?
[Jamie] Yes, having a plan to remind myself of balanced thoughts when I start to worry would be really helpful. Learning techniques to manage stress would also be great, so I can hopefully reduce how often these headaches and worries occur.
",114,31,"{""ctrs_evaluation"": [{""item_name"": ""Agenda"", ""score"": 3, ""rationale"": ""The therapist transitioned from the previous session, conducted a mood check, identified significant events, reviewed the action plan, and set specific goals for the session, ensuring all items important to the client were addressed and prioritized.""}, {""item_name"": ""Feedback"", ""score"": 2, ""rationale"": ""The therapist ascertained the client's reaction to the treatment plan and responded appropriately to feedback, ensuring the client understood and agreed with the plan.""}, {""item_name"": ""Understanding"", ""score"": 3, ""rationale"": ""The therapist consistently listened and reflected the client's statements, demonstrating recognition of the client's emotional state through empathy and discussing it within the context of the conceptualization.""}, {""item_name"": ""Interpersonal Effectiveness"", ""score"": 3, ""rationale"": ""The therapist demonstrated concern for the client, provided positive reinforcement, maintained professional behavior, and showed warmth and genuineness throughout the session.""}, {""item_name"": ""Collaboration"", ""score"": 3, ""rationale"": ""The therapist consistently invited the client's participation in every major session decision, resulting in a mutually agreeable direction.""}, {""item_name"": ""Pacing and Efficient Use of Time"", ""score"": 2, ""rationale"": ""The therapist allocated appropriate time for all session segments and completed the session within the typical time frame.""}, {""item_name"": ""Guided Discovery"", ""score"": 3, ""rationale"": ""The therapist skillfully used guided discovery to help the client arrive at their own conclusions and assessed the impact of the cognitive shift.""}, {""item_name"": ""Focus on Key Cognitions and Behaviors"", ""score"": 3, ""rationale"": ""The therapist focused on the most relevant cognitions and behaviors with the greatest promise for positive impact, specifically addressing the client's health-related anxiety.""}, {""item_name"": ""Strategy for Change"", ""score"": 3, ""rationale"": ""The therapist explained the rationale for cognitive restructuring, offered this option to the client, and obtained the client's agreement to use it.""}, {""item_name"": ""Application of CBT Technique"", ""score"": 3, ""rationale"": ""The therapist applied cognitive restructuring with comfort and technical correctness, likely facilitating change in a motivated client.""}, {""item_name"": ""Action Plan"", ""score"": 3, ""rationale"": ""The therapist reviewed the previous action plan, asked for client input on the new plan, developed a new plan based on the session, ensured the client was capable of completing it, and addressed potential obstacles.""}], ""total_score"": 31}"
"structured, mediatory, educational",Struggling with the emotional aftermath and loneliness following the official end of a marriage,"
[Kyle] Before we dive in, I'd like to hear what's been happening for you since our last meeting. What feels most pressing right now?
[Jamie] I just feel so empty and lost. Everything's different now, and I don't know where to start or what to do next.
[Kyle] It sounds like you're experiencing a lot of uncertainty and change, and it’s understandable to feel lost. Let's try to break it down step by step. Could we identify one or two specific areas where you'd like to focus our efforts today?
[Jamie] I guess maybe dealing with the loneliness. It's been really hard.
[Kyle] Thank you for sharing that. Loneliness can indeed be challenging, and it's important we address that. How does focusing on ways to cope with and reduce feelings of loneliness sound for today's session?
[Jamie] That sounds like a good place to start. I'm open to exploring that.
[Kyle] Great. Let's start by exploring your current thoughts and feelings surrounding loneliness. Can you share a bit about when these feelings seem to be the strongest?
[Jamie] It's usually worst in the evenings, when the house feels empty and I'm alone with my thoughts.
[Kyle] Evenings can often intensify feelings of loneliness. Let’s work on developing strategies to make that time more manageable. Have you noticed any particular activities or thoughts during those times that either help or make the loneliness feel more intense?
[Jamie] When I watch TV or read, it sometimes helps to distract me a bit, but then I also end up feeling guilty for not being productive.
[Kyle] It's understandable to feel guilty about using distractions when you equate them with being unproductive. Let's reframe these activities. They can be important for self-care and mental health. How do you feel about us working on accepting that it's okay to take time for yourself in the evenings?
[Jamie] I think that would be helpful, to try and not feel bad about needing that time.
[Kyle] Let's explore this further by creating an evening routine that includes both relaxing activities and a simple productive task. How does that approach sound to you?
[Jamie] That sounds like a good balance. It might help me feel more at ease with taking the time for myself.
[Kyle] Perfect. Let's outline a routine that includes scheduled downtime for TV or reading, alongside a small productive task. Would you like to start with drafting a few ideas for both areas?
[Jamie] Sure, I could start with maybe setting some time aside for reading and then doing a small chore like tidying up one room.
",115,28,"{""ctrs_evaluation"": [{""item_name"": ""Agenda"", ""score"": 3, ""rationale"": ""The therapist transitioned from the previous session, identified significant events, reviewed the client's current feelings, conducted a mood check, and set specific goals for the session by focusing on loneliness.""}, {""item_name"": ""Feedback"", ""score"": 2, ""rationale"": ""The therapist ascertained the client's reaction to the session focus and ensured understanding and agreement with the treatment plan, but did not fluidly request feedback throughout the session.""}, {""item_name"": ""Understanding"", ""score"": 3, ""rationale"": ""The therapist consistently listened and reflected the client's statements, demonstrating empathy and understanding of the client's emotional state, particularly regarding loneliness.""}, {""item_name"": ""Interpersonal Effectiveness"", ""score"": 3, ""rationale"": ""The therapist demonstrated concern, provided positive reinforcement, maintained professionalism, and showed warmth and genuineness throughout the session.""}, {""item_name"": ""Collaboration"", ""score"": 3, ""rationale"": ""The therapist consistently invited the client's participation in setting the agenda, selecting strategies, and determining the action plan, resulting in a mutually agreeable direction.""}, {""item_name"": ""Pacing and Efficient Use of Time"", ""score"": 2, ""rationale"": ""The therapist allocated appropriate time for session segments and maintained focus, but there is no information on the session's total duration.""}, {""item_name"": ""Guided Discovery"", ""score"": 2, ""rationale"": ""The therapist designed the session to achieve a cognitive shift by reframing the client's view of relaxation activities, but did not assess the impact of the cognitive shift.""}, {""item_name"": ""Focus on Key Cognitions and Behaviors"", ""score"": 3, ""rationale"": ""The therapist focused on the most relevant cognitions and behaviors related to loneliness and self-care, promising positive impact.""}, {""item_name"": ""Strategy for Change"", ""score"": 2, ""rationale"": ""The therapist discussed an overall strategy and used reframing as a CBT technique to address the client's guilt about relaxation activities.""}, {""item_name"": ""Application of CBT Technique"", ""score"": 2, ""rationale"": ""The therapist applied reframing with sufficient skill, making it recognizable and likely to facilitate change in a motivated client.""}, {""item_name"": ""Action Plan"", ""score"": 3, ""rationale"": ""The therapist reviewed the previous plan, involved the client in developing a new plan, and ensured the client was capable of completing it by addressing potential obstacles.""}], ""total_score"": 28}"
"calm, structured, supportive",The inner voice is constantly criticizing and self-punishing mirroring a parent's voice,"
[Kyle] Hi Jamie. As we get started today, what's been on your mind recently?
[Jamie] Lately, I've been feeling like I can't do anything right. It's like there's this voice in my head that's constantly telling me I'm not good enough.
[Kyle] I hear you. That sounds really tough. It seems like you're experiencing a lot of self-doubt. How about we make it our goal today to explore these thoughts and see if we can understand them better? Does that sound alright to you?
[Jamie] Yeah, I guess that's okay. I'm just worried about what I might find.
[Kyle] It's completely normal to feel apprehensive about exploring your thoughts. We'll take it step by step, and I'll be here to support you. How are you feeling about starting with identifying some specific situations where these thoughts tend to arise?
[Jamie] I feel a bit nervous, but I think it usually happens when I'm about to do something new or when I make a mistake. That's when the criticism gets really loud.
[Kyle] Thank you for sharing that. It sounds like these thoughts become particularly strong during challenging moments. Let's explore one recent situation where this happened. Can you think of an example to work through together?
[Jamie] Sure, there was this time last week when I tried to speak up in a meeting at work, and afterwards, I just kept thinking about how stupid I must have sounded.
[Kyle] I appreciate you sharing that example. Let's examine what went through your mind after the meeting. What specific thoughts were critical towards yourself in that moment?
[Jamie] I kept thinking things like, ""Why did you even open your mouth? You just embarrassed yourself in front of everyone."" It's like I couldn't stop replaying it over and over.
[Kyle] Those thoughts sound really harsh and repetitive. Let's explore them further. What evidence do you have that supports these thoughts, and what might contradict them?
[Jamie] Well, I suppose no one actually said anything negative to me after the meeting. But in the moment, it just felt like everyone was judging me.
[Kyle] It's understandable to feel judged in the moment, even without direct feedback. Noticing that no one actually made any negative comments could suggest that your thoughts might not be entirely accurate. How does it feel to consider that possibility?
[Jamie] It feels a bit relieving, but there's still a part of me that finds it hard to believe. It's like I'm scared to trust it.
[Kyle] It's natural to feel that way when you're challenging long-standing thoughts. Trusting new perspectives can take time. Would you be open to trying a small experiment this week, like noticing and writing down any positive or neutral feedback you receive?
[Jamie] I can try that. It might be difficult, but maybe it'll help me see things differently.
",116,26,"{""ctrs_evaluation"": [{""item_name"": ""Agenda"", ""score"": 2, ""rationale"": ""The therapist transitioned from the previous session, identified significant events, conducted a mood check, and set specific goals for the session. However, there was no explicit review of a previous Action Plan.""}, {""item_name"": ""Feedback"", ""score"": 1, ""rationale"": ""The therapist ascertained the client's reaction and ensured understanding of the treatment plan but did not fluidly request feedback throughout the session.""}, {""item_name"": ""Understanding"", ""score"": 3, ""rationale"": ""The therapist consistently listened and reflected the client's statements, recognized the client's emotional state, and discussed it within the context of the conceptualization.""}, {""item_name"": ""Interpersonal Effectiveness"", ""score"": 3, ""rationale"": ""The therapist demonstrated concern, provided positive reinforcement, maintained professional behavior, and showed warmth and genuineness throughout the session.""}, {""item_name"": ""Collaboration"", ""score"": 3, ""rationale"": ""The therapist consistently invited the client's participation in major session decisions, resulting in a mutually agreeable direction.""}, {""item_name"": ""Pacing and Efficient Use of Time"", ""score"": 2, ""rationale"": ""The therapist allocated appropriate time for session segments and maintained focus, but there is no information on the total session duration.""}, {""item_name"": ""Guided Discovery"", ""score"": 3, ""rationale"": ""The therapist skillfully used guided discovery to help the client arrive at their own conclusions and assessed the impact of the cognitive shift.""}, {""item_name"": ""Focus on Key Cognitions and Behaviors"", ""score"": 3, ""rationale"": ""The therapist focused on the most relevant cognitions and behaviors with the greatest promise for positive impact, addressing the client's self-critical thoughts.""}, {""item_name"": ""Strategy for Change"", ""score"": 2, ""rationale"": ""The therapist discussed an overall strategy with the client and used an appropriate evidence-based CBT technique.""}, {""item_name"": ""Application of CBT Technique"", ""score"": 2, ""rationale"": ""The therapist applied a CBT technique with sufficient skill that it was recognizable and likely to facilitate change.""}, {""item_name"": ""Action Plan"", ""score"": 2, ""rationale"": ""The therapist developed a new Action Plan based on the session and asked for client input, but did not fully assess the likelihood of completion or address potential obstacles.""}], ""total_score"": 26}"
"warm, empathetic, patient",Feels perpetually bored finding life and activities meaningless and monotonous,"
[Kyle] I'm glad you made the time to come in today. What have things been like for you over the past few days?
[Jamie] Honestly, it's all been the same blur. Nothing really stands out. Everything feels monotonous.
[Kyle] I hear you say that things feel like a blur and monotonous. It sounds like it's been challenging to find moments that stand out. Let's see if we can get a bit more specific—how would you like to feel differently, and what might be a helpful focus for our session today?
[Jamie] I guess I'd like to feel something other than bored or indifferent. But honestly, I don't even know where to start.
[Kyle] It sounds like breaking that cycle of boredom and indifference is important to you. How about we focus today on strategies that might help spark more interest or engagement in your daily life? Would that be helpful for you?
[Jamie] I suppose it's worth a try, though I'm not holding my breath.
[Kyle] I appreciate your willingness to give it a try. Let's explore some small, manageable steps you can take. Have there been any activities, no matter how small, that have interested you in the past?
[Jamie] Not really. Everything seems to lose its appeal pretty quickly.
[Kyle] That sounds really frustrating. Let's try looking at it from a different angle—perhaps finding new or different ways to approach familiar activities could help. How does that idea sit with you?
[Jamie] I guess it's something to consider. Though, trying new ways just seems like more of the same sometimes.
[Kyle] I understand the hesitation. What if we focused on weaving in something entirely new or unexpected into your routine? Perhaps trying something simple yet different could create a shift in how you feel. Would you be open to brainstorming ideas together?
[Jamie] Sure, we can brainstorm. I just don't want to get my hopes up too much.
[Kyle] It's completely okay to approach this with caution. Let's think of it as experimenting rather than seeking immediate excitement. Are there any interests you've always been curious about but never explored?
[Jamie] I've thought about trying photography, but then I wonder if it'll just end up being another fleeting interest.
[Kyle] That's an intriguing idea, and it could offer a different perspective—quite literally! What if you set a small, no-pressure goal, like taking a few photos this week just to explore this interest? We can see how it feels and adjust from there. How does that plan sound to you?
[Jamie] I can give it a shot. Worst-case scenario, I just confirm it's not for me.
",117,26,"{""ctrs_evaluation"": [{""item_name"": ""Agenda"", ""score"": 2, ""rationale"": ""The therapist transitioned from the previous session, identified significant events (Jamie's feelings of monotony), and set specific goals for the session (exploring strategies to spark interest). However, there was no explicit review of an Action Plan or mood check.""}, {""item_name"": ""Feedback"", ""score"": 2, ""rationale"": ""The therapist ascertained Jamie's reaction to the proposed strategies and ensured understanding and agreement with the plan to explore new activities. There was no evidence of responding to feedback beyond initial agreement.""}, {""item_name"": ""Understanding"", ""score"": 3, ""rationale"": ""The therapist consistently listened and reflected Jamie's statements, demonstrating empathy and understanding of Jamie's emotional state by acknowledging the challenge of monotony and boredom.""}, {""item_name"": ""Interpersonal Effectiveness"", ""score"": 3, ""rationale"": ""The therapist demonstrated warmth, genuineness, and unconditional acceptance throughout the session, showing concern for Jamie and providing positive reinforcement for trying new activities.""}, {""item_name"": ""Collaboration"", ""score"": 3, ""rationale"": ""The therapist consistently invited Jamie's participation in setting the agenda, selecting strategies, and determining the Action Plan, resulting in a mutually agreeable direction for the session.""}, {""item_name"": ""Pacing and Efficient Use of Time"", ""score"": 2, ""rationale"": ""The therapist allocated appropriate time for session segments and maintained a focused discussion. However, there is no information on the session's total duration.""}, {""item_name"": ""Guided Discovery"", ""score"": 2, ""rationale"": ""The therapist designed the session to achieve a cognitive shift by exploring new activities and perspectives, avoiding bias or coercion, but did not explicitly assess the cognitive shift's impact.""}, {""item_name"": ""Focus on Key Cognitions and Behaviors"", ""score"": 2, ""rationale"": ""The therapist focused on Jamie's feelings of boredom and indifference, which were relevant to the session's agenda of finding strategies to spark interest.""}, {""item_name"": ""Strategy for Change"", ""score"": 2, ""rationale"": ""The therapist discussed an overall strategy to explore new activities and used brainstorming as a technique to facilitate change. However, there was no explicit discussion of the rationale for the technique.""}, {""item_name"": ""Application of CBT Technique"", ""score"": 2, ""rationale"": ""The therapist applied brainstorming as a CBT technique with sufficient skill to facilitate change in a motivated client, though there was no demonstration of technical correctness.""}, {""item_name"": ""Action Plan"", ""score"": 2, ""rationale"": ""The therapist developed a new Action Plan based on the session, asking for Jamie's input and suggesting a manageable goal of trying photography. However, there was no assessment of potential obstacles.""}], ""total_score"": 26}"
"direct, challenging, pragmatic",Highly reactive to their partner's attempts to control or micromanage them,"
[Kyle] Hi Jamie. Since our last conversation, what has been coming up for you that feels important to talk about today?
[Jamie] Honestly, I feel like I'm being constantly judged and micromanaged by my partner, and it's really getting under my skin.
[Kyle] That sounds really frustrating and overwhelming. Let's focus on how these feelings of being judged and micromanaged affect your thoughts and behaviors. What do you notice happening in those moments?
[Jamie] I get really defensive and irritated. It's like, no matter what I do, it’s never enough. I just end up feeling resentful and shutting down.
[Kyle] It sounds like the defensiveness and irritation are linked to the belief that your actions are never enough. Let's explore this belief a bit more. What evidence do you have that supports this idea, and what might suggest otherwise?
[Jamie] Well, my partner always has something to say about how I do things, like I don’t do them right or fast enough. It feels like constant nitpicking. But I guess sometimes things go smoothly, and they don’t say anything, which might mean they're content at those times.
[Kyle] It seems there's a pattern here where the negative feedback stands out more than when things go smoothly. We need to consider both sides. How might you adjust your response to these situations, so the positive moments are more evident, and the negative ones don’t weigh as heavily on you?
[Jamie] I don’t know, maybe try to focus more on the times when things go well and they’re quiet instead of just the criticism. But it’s hard when the negative feels so much louder.
[Kyle] That's an insightful step. One technique we can try is keeping a daily log of interactions. Note down moments of positive feedback or silence and any instances of criticism. Over time, this may help balance your perspective. How does this idea sound to you?
[Jamie] I guess I could try that, but I’m not sure if it’ll actually help. It feels like the criticism will still nag at me.
[Kyle] That's a fair concern. By writing it down, you might begin to see a more balanced picture, even if the critique seems overwhelming at first. Together, let's set a plan to log for a week and then check in to see what patterns emerge. Are you willing to give it a try?
[Jamie] Fine, I’ll give it a shot. But don’t be surprised if it doesn’t change much.
[Kyle] Understood, it’s worth experimenting to see if it offers any new insights. Before our next session, focus on consistency with the log and we’ll evaluate the impact together. Anything else you'd like to set as a goal today?
[Jamie] Not really. I think that’s enough for now.
[Kyle] Great, let's stick with that plan and see how it goes. I'll look forward to hearing about your experiences next time. Take care until then. Goodbye.
[Jamie] Alright, goodbye.
",118,24,"{""ctrs_evaluation"": [{""item_name"": ""Agenda"", ""score"": 2, ""rationale"": ""The therapist identified significant events (partner's behavior), conducted a mood check, and set specific goals (logging interactions) but did not review the previous Action Plan or transition from the previous session.""}, {""item_name"": ""Feedback"", ""score"": 2, ""rationale"": ""The therapist ascertained the client's reaction to the logging plan, ensured understanding, and responded appropriately to feedback about the client's skepticism.""}, {""item_name"": ""Understanding"", ""score"": 3, ""rationale"": ""The therapist consistently listened and reflected the client's statements and demonstrated empathy by recognizing the client's emotional state as frustrating and overwhelming.""}, {""item_name"": ""Interpersonal Effectiveness"", ""score"": 2, ""rationale"": ""The therapist demonstrated concern for the client and maintained professional behavior but did not provide explicit positive reinforcement.""}, {""item_name"": ""Collaboration"", ""score"": 2, ""rationale"": ""The therapist asked for client input when setting the agenda and determining the Action Plan but did not explicitly invite participation in selecting CBT techniques.""}, {""item_name"": ""Pacing and Efficient Use of Time"", ""score"": 1, ""rationale"": ""The therapist allocated appropriate time for session segments but there is no evidence that the session was completed within 40-60 minutes.""}, {""item_name"": ""Guided Discovery"", ""score"": 3, ""rationale"": ""The therapist skillfully used guided discovery to help the client explore beliefs and arrive at their own conclusions about focusing on positive moments.""}, {""item_name"": ""Focus on Key Cognitions and Behaviors"", ""score"": 3, ""rationale"": ""The therapist focused on the client's key cognition of feeling judged and behaviors of defensiveness and shutting down, which are highly relevant to the client's issues.""}, {""item_name"": ""Strategy for Change"", ""score"": 2, ""rationale"": ""The therapist discussed an overall strategy and used a CBT technique (logging interactions) but did not offer alternative options.""}, {""item_name"": ""Application of CBT Technique"", ""score"": 2, ""rationale"": ""The therapist applied the technique of logging interactions with sufficient skill, likely to facilitate change in a motivated client.""}, {""item_name"": ""Action Plan"", ""score"": 2, ""rationale"": ""The therapist developed a new Action Plan based on the session and asked for client input, but did not review the previous Action Plan.""}], ""total_score"": 24}"
"accepting, present-focused, gentle",Pain limits the ability to participate in valued activities (e.g. hiking gardening),"
[Kyle] Hi Jamie. Since this is our first session, it would help to hear what has been going on for you recently and what led you to reach out.
[Jamie] Hi. Lately, I've been really frustrated because the pain I'm experiencing is keeping me from doing the things I love, like hiking and gardening. It just feels like I'm losing touch with who I am.
[Kyle] That sounds incredibly challenging, Jamie. It's understandable to feel frustrated and disconnected when pain limits activities that are important to you. Let's explore how this situation impacts your daily life and see if we can find some strategies to help you manage it. What are your thoughts on focusing our session today on that?
[Jamie] That sounds okay. I really just want to find a way to feel more like myself again.
[Kyle] Great, we're on the same page. Let's focus on exploring how you can reconnect with activities in a modified way and also how to manage the feelings of frustration. How does that sound to you?
[Jamie] It sounds worth a try, but I'm not sure what kind of modifications would even help.
[Kyle] That's alright, Jamie. We can look into some possibilities together. Sometimes, it helps to break down the activities into smaller, more manageable parts. Let's brainstorm some ways you might modify hiking or gardening that could still bring you joy. Does anything come to mind that you'd like to try first?
[Jamie] Maybe shorter walks could be a start, but I'm worried it won't feel the same.
[Kyle] It's natural to have concerns about change, and starting with shorter walks is a good idea. Let's consider ways to make these walks meaningful, like focusing on your surroundings or bringing a friend along. What do you think about these ideas?
[Jamie] I guess bringing a friend could make it feel more enjoyable and less like a compromise.
[Kyle] That sounds like a wonderful approach. Having someone with you can add a social aspect that might enhance the experience. Would you be open to setting a time for a walk with a friend this week and seeing how it feels?
[Jamie] Yeah, I think I could try setting up a time with someone.
[Kyle] Excellent, Jamie. Setting up a time with a friend is a great first step. How about noting down a specific day and time to help you commit to it? Would that work for you?
[Jamie] Sure, I'll try to pick a day and make a plan with them.
[Kyle] That sounds like a solid plan. Once you've had the walk, we can discuss how it felt and if any adjustments are needed. Is there anything else you'd like to explore or include before our session ends?
[Jamie] Not right now. I think focusing on this is enough for now.
",119,24,"{""ctrs_evaluation"": [{""item_name"": ""Agenda"", ""score"": 1, ""rationale"": ""The therapist identified significant events and set specific goals for the session, but did not review a previous Action Plan or conduct a mood check.""}, {""item_name"": ""Feedback"", ""score"": 1, ""rationale"": ""The therapist ascertained the client's reaction and ensured agreement with the treatment plan but did not respond to feedback throughout the session.""}, {""item_name"": ""Understanding"", ""score"": 3, ""rationale"": ""The therapist consistently listened, reflected the client's statements, and demonstrated empathy by recognizing the client's emotional state.""}, {""item_name"": ""Interpersonal Effectiveness"", ""score"": 3, ""rationale"": ""The therapist demonstrated warmth, genuineness, and unconditional acceptance through words and maintained professional behavior.""}, {""item_name"": ""Collaboration"", ""score"": 3, ""rationale"": ""The therapist invited the client's participation in setting the agenda and determining the Action Plan, resulting in a mutually agreeable direction.""}, {""item_name"": ""Pacing and Efficient Use of Time"", ""score"": 1, ""rationale"": ""The session segments were appropriately allocated time, but there is no information on the session duration.""}, {""item_name"": ""Guided Discovery"", ""score"": 3, ""rationale"": ""The therapist skillfully used guided discovery to help the client arrive at their own conclusions and assessed the impact of the cognitive shift.""}, {""item_name"": ""Focus on Key Cognitions and Behaviors"", ""score"": 3, ""rationale"": ""The therapist focused on the most relevant cognitions and behaviors, such as modifying activities to manage frustration.""}, {""item_name"": ""Strategy for Change"", ""score"": 2, ""rationale"": ""The therapist discussed an overall strategy with the client and used an appropriate evidence-based CBT technique.""}, {""item_name"": ""Application of CBT Technique"", ""score"": 2, ""rationale"": ""The therapist applied a CBT technique with sufficient skill that it was recognizable and likely to facilitate change.""}, {""item_name"": ""Action Plan"", ""score"": 2, ""rationale"": ""The therapist developed a new Action Plan based on the current session and asked for client input.""}], ""total_score"": 24}"
"observant, analytical, systemic",Struggling to define their role and boundaries as a new grandparent,"
[Kyle] Hi Jamie. As we get started today, what's been on your mind recently?
[Jamie] I've been feeling really confused about how involved I should be in my grandchild's life. It feels like I might be overstepping sometimes, and I don't want to overwhelm anyone.
[Kyle] It sounds like you're grappling with finding a balance between being supportive and maintaining boundaries. Let's explore this further. Perhaps we can set a goal today to understand how your involvement aligns with your values and the needs of your family. How does that sound to you?
[Jamie] That sounds like a good plan. I want to make sure I'm being helpful without interfering too much.
[Kyle] Great. To start, let's identify some situations where you've felt like you might be overstepping. Can you think of a recent example?
[Jamie] Last week, I went over to help with the baby without asking first, and I could tell my daughter seemed a bit stressed. I thought I was being helpful, but maybe I should have checked in with her first.
[Kyle] It seems like your intention was to be supportive, but maybe communication got lost along the way. How about we look at ways to enhance communication with your daughter to better understand her needs and expectations? What are your thoughts on that approach?
[Jamie] I think that would be really helpful. I want to make sure we're on the same page.
[Kyle] Excellent. Let's work on a strategy for open communication. Perhaps you could set up a regular time to discuss what kind of help she would appreciate. How might you approach starting that conversation with her?
[Jamie] I could try saying something like, ""I want to make sure I'm supporting you in the best way possible. Can we talk about when and how I can help?""
[Kyle] That sounds like a thoughtful way to open the dialogue. It shows your willingness to collaborate and adapt to her needs. As a follow-up, would you be open to reflecting on this interaction in our next session to see how things have progressed?
[Jamie] Yes, I'd like that. It'll be helpful to see how things change.
[Kyle] Great. As an action plan, consider having this conversation with your daughter before our next session. Let's touch base on how it goes. Is there anything else you'd like to address today, or does this feel like a good place to wrap up?
[Jamie] I think this feels like a good place to wrap up. I'm hopeful about trying this approach. Thank you.
[Kyle] You're welcome, Jamie. I'm glad we could work on this together. Looking forward to hearing how it goes. Take care, and see you in the next session. Goodbye.
[Jamie] Goodbye. Take care.
",120,28,"{""ctrs_evaluation"": [{""item_name"": ""Agenda"", ""score"": 2, ""rationale"": ""The therapist transitioned from the previous session, identified significant events, conducted a mood check, and set specific goals for the session. However, there was no explicit review of the Action Plan from the previous session.""}, {""item_name"": ""Feedback"", ""score"": 2, ""rationale"": ""The therapist ascertained the client's reaction and ensured the client understood and agreed with the treatment plan. There was no explicit request for feedback during transitions or use of techniques.""}, {""item_name"": ""Understanding"", ""score"": 3, ""rationale"": ""The therapist consistently listened and reflected the client's statements, demonstrating recognition of the client's emotional state through empathy and discussing it within the context of the conceptualization.""}, {""item_name"": ""Interpersonal Effectiveness"", ""score"": 3, ""rationale"": ""The therapist demonstrated concern for the client, provided positive reinforcement, maintained professional behavior, and showed warmth and genuineness throughout the session.""}, {""item_name"": ""Collaboration"", ""score"": 3, ""rationale"": ""The therapist asked for client input when setting the agenda, selecting techniques, and determining the Action Plan, consistently inviting the client's participation in session decisions.""}, {""item_name"": ""Pacing and Efficient Use of Time"", ""score"": 2, ""rationale"": ""The therapist allocated appropriate time for session segments and completed the session within an appropriate timeframe, but there is no specific evidence of seamless pacing or limiting unproductive discussion.""}, {""item_name"": ""Guided Discovery"", ""score"": 3, ""rationale"": ""The therapist skillfully used guided discovery to help the client arrive at their own conclusions and assessed the impact of the cognitive shift by planning to reflect on the interaction in the next session.""}, {""item_name"": ""Focus on Key Cognitions and Behaviors"", ""score"": 3, ""rationale"": ""The therapist focused on the most relevant cognitions and behaviors, specifically addressing the client's concerns about boundaries and communication with their family.""}, {""item_name"": ""Strategy for Change"", ""score"": 2, ""rationale"": ""The therapist discussed an overall strategy with the client and used an appropriate evidence-based CBT technique by focusing on communication strategies.""}, {""item_name"": ""Application of CBT Technique"", ""score"": 2, ""rationale"": ""The therapist applied a CBT technique with sufficient skill that it was recognizable and likely to facilitate change, focusing on communication strategies.""}, {""item_name"": ""Action Plan"", ""score"": 3, ""rationale"": ""The therapist reviewed the action plan, asked for client input, developed a new plan, ensured the client was capable of completing it, and addressed potential obstacles.""}], ""total_score"": 28}"
"warm, empathetic, patient",Obsessed with minor misalignment of teeth avoiding smiling and close conversation,"
[Kyle] To begin, could you share what has been most difficult or concerning for you lately?
[Jamie] Honestly, I've been really preoccupied with my teeth. It's hard for me to feel comfortable in social situations because of it.
[Kyle] It sounds like concerns about your teeth are impacting how you feel in social situations. Would you like to focus on exploring these feelings and finding ways to manage them during our session today?
[Jamie] Yeah, that would be good. It's just something I can't stop thinking about.
[Kyle] I understand. Let's work together to identify those thoughts and see how they're affecting your feelings and behaviors. Does that sound like a good approach for you?
[Jamie] Yes, it does. I'm open to exploring that.
[Kyle] Great. Could you tell me about a recent social situation where these thoughts about your teeth were particularly strong? What was going through your mind at the time?
[Jamie] There was a gathering last weekend. I remember feeling anxious about smiling or getting too close to people while talking. I kept thinking everyone would notice my teeth and judge me for it.
[Kyle] It seems like the thought of being judged was quite prominent. Let's explore this further. What do you think might happen if people did notice your teeth?
[Jamie] I'm worried they'd think I don't take care of myself or they'd silently judge me. It makes me feel embarrassed.
[Kyle] Feeling embarrassed and judged can be really tough. Let's consider ways to challenge or reframe those thoughts. What evidence do you have that people are judging you, and are there any alternative perspectives we can explore together?
[Jamie] I guess no one's actually said anything to me about my teeth. Maybe it's more my own thoughts getting in the way. An alternative perspective could be that people are more focused on the conversation than my appearance.
[Kyle] That's a constructive shift in perspective. Recognizing that your thoughts might not entirely reflect reality is a crucial step. How does this new perspective affect how you feel about social situations?
[Jamie] It gives me a bit of relief, like maybe I can be more present and not worry as much. It's something to keep in mind next time.
[Kyle] That's a positive insight. Let's think about how you can practice maintaining this perspective in future social situations. Would it be helpful to create a plan for applying this mindset?
[Jamie] Yes, having a plan might make it easier to manage my thoughts and not let them take over. Let's do that.
",121,25,"{""ctrs_evaluation"": [{""item_name"": ""Agenda"", ""score"": 2, ""rationale"": ""The therapist identified significant events, conducted a mood check, and identified specific goals for the session, but did not review the previous Action Plan or transition from the previous session.""}, {""item_name"": ""Feedback"", ""score"": 1, ""rationale"": ""The therapist ascertained the client's reaction and ensured understanding of the treatment plan, but did not fluidly request feedback throughout the session.""}, {""item_name"": ""Understanding"", ""score"": 3, ""rationale"": ""The therapist consistently listened and reflected the client's statements and demonstrated recognition of the client's emotional state through empathy.""}, {""item_name"": ""Interpersonal Effectiveness"", ""score"": 3, ""rationale"": ""The therapist demonstrated warmth, genuineness, and unconditional acceptance through words and expressions, and provided positive reinforcement.""}, {""item_name"": ""Collaboration"", ""score"": 3, ""rationale"": ""The therapist consistently invited the client's participation in setting the agenda and determining the Action Plan, resulting in a mutually agreeable direction.""}, {""item_name"": ""Pacing and Efficient Use of Time"", ""score"": 1, ""rationale"": ""The therapist allocated appropriate time for session segments but did not provide evidence of completing the session within 40-60 minutes.""}, {""item_name"": ""Guided Discovery"", ""score"": 3, ""rationale"": ""The therapist skillfully used discovery to help the client arrive at their own conclusions and assessed the impact of the cognitive shift.""}, {""item_name"": ""Focus on Key Cognitions and Behaviors"", ""score"": 3, ""rationale"": ""The therapist focused on the most relevant cognitions and behaviors with the greatest promise for positive impact, specifically the client's thoughts about being judged.""}, {""item_name"": ""Strategy for Change"", ""score"": 2, ""rationale"": ""The therapist discussed a strategy with the client and used an appropriate CBT technique by challenging and reframing thoughts.""}, {""item_name"": ""Application of CBT Technique"", ""score"": 2, ""rationale"": ""The therapist applied a CBT technique with sufficient skill that it was recognizable and likely to facilitate change.""}, {""item_name"": ""Action Plan"", ""score"": 2, ""rationale"": ""The therapist asked for client input on the new plan and developed a new plan based on the current session, but did not review the previous Action Plan.""}], ""total_score"": 25}"
"systematic, educational, logical",Intense anxiety and hypervigilance focused on the baby's breathing or sleep safety,"
[Kyle] Since this is our first time meeting, can you tell me what has been affecting you most or prompting you to seek support right now?
[Jamie] I just can't stop worrying about my baby's breathing and sleep safety. It's consuming all my thoughts and making me feel so exhausted.
[Kyle] It sounds like you're feeling very anxious about your baby's safety, which is understandable as a concerned parent. Let's focus on setting a goal for our session today. Would addressing this constant worry and finding ways to manage it effectively be a suitable focus for you?
[Jamie] Yes, finding ways to manage this worry would be really helpful. I just want to feel a bit more in control.
[Kyle] Great, we'll aim to explore strategies to manage your worry and help you regain a sense of control. To start, could you share a specific time or situation when your worry feels most intense?
[Jamie] It's usually when I'm trying to go to sleep myself. I just lie there, hyper-focused on whether the baby is breathing okay.
[Kyle] That sounds like a challenging time when your mind is very active with worry. Let's discuss a technique called ""thought substitution,"" which might help redirect your focus during those moments. First, does this approach sound like something you'd be open to exploring?
[Jamie] Yes, I'm open to exploring that. Anything that could help ease my mind at night.
[Kyle] Excellent. Thought substitution involves identifying the worry and consciously replacing it with a more calming or constructive thought. For example, during those anxious moments, you might remind yourself of the safety measures you've already taken and affirm that your baby is safe. How does this approach resonate with you, and do you foresee any challenges with applying it?
[Jamie] I like the idea, but I worry I might struggle to convince myself when I'm feeling really anxious.
[Kyle] That's a completely valid concern. A way to strengthen this practice is to prepare a set of evidence-based affirmations during a calm moment. This can include reminders of steps you’ve taken for safety, like using a baby monitor. Would you be interested in creating these affirmations together as part of your action plan?
[Jamie] Yes, creating affirmations together sounds helpful. I think that could give me some reassurance when I'm stressed.
[Kyle] Great. For your action plan, let’s work on crafting a few specific affirmations now that you can use at night. Then, you can practice these during the day to make them feel more natural. Does this approach seem manageable, and would you like to suggest the first affirmation based on your safety measures?
[Jamie] Yes, that seems manageable. Maybe starting with something like, ""I've set up the baby monitor to ensure safety.""
[Kyle] That's an excellent start. It acknowledges the proactive steps you've taken. Let’s build on this by adding a couple more affirmations. Would you like to suggest another, or should we brainstorm together?
[Jamie] Let's brainstorm together. I think hearing other ideas might help.
",122,29,"{""ctrs_evaluation"": [{""item_name"": ""Agenda"", ""score"": 2, ""rationale"": ""The therapist identified significant events, conducted a mood check, and set specific goals for the session by focusing on managing the client's worry. However, there was no review of a previous Action Plan or transition from a previous session as this was the first meeting.""}, {""item_name"": ""Feedback"", ""score"": 2, ""rationale"": ""The therapist ascertained the client's reaction to the proposed techniques and ensured the client understood and agreed with the treatment plan. However, there was no evidence of fluidly requesting feedback throughout the session.""}, {""item_name"": ""Understanding"", ""score"": 3, ""rationale"": ""The therapist consistently listened and reflected the client's statements, demonstrated recognition of the client's emotional state through empathy, and discussed it within the context of the conceptualization.""}, {""item_name"": ""Interpersonal Effectiveness"", ""score"": 3, ""rationale"": ""The therapist demonstrated concern for the client, provided positive reinforcement, maintained professional behavior, and showed warmth and genuineness throughout the session.""}, {""item_name"": ""Collaboration"", ""score"": 3, ""rationale"": ""The therapist invited the client's participation in setting the agenda, selecting techniques, and determining the Action Plan, resulting in a mutually agreeable direction.""}, {""item_name"": ""Pacing and Efficient Use of Time"", ""score"": 2, ""rationale"": ""The therapist allocated appropriate time for session segments and completed the session efficiently, although the exact session duration is not specified.""}, {""item_name"": ""Guided Discovery"", ""score"": 2, ""rationale"": ""The therapist designed the session to achieve a cognitive shift by introducing thought substitution and assessed the client's response to this intervention.""}, {""item_name"": ""Focus on Key Cognitions and Behaviors"", ""score"": 3, ""rationale"": ""The therapist focused on the client's anxiety and worry, which are the most relevant cognitions with the greatest promise for positive impact.""}, {""item_name"": ""Strategy for Change"", ""score"": 3, ""rationale"": ""The therapist discussed an overall strategy, used an appropriate CBT technique (thought substitution), explained the rationale, and obtained the client's agreement.""}, {""item_name"": ""Application of CBT Technique"", ""score"": 3, ""rationale"": ""The therapist applied the thought substitution technique with skill, demonstrating comfort and technical correctness, which is likely to facilitate change.""}, {""item_name"": ""Action Plan"", ""score"": 3, ""rationale"": ""The therapist reviewed the new Action Plan, asked for client input, developed it based on the session, ensured the client was capable of completing it, and addressed potential obstacles.""}], ""total_score"": 29}"
"direct, challenging, pragmatic",Witnessed an act of violence on a stranger; now has guilt and intrusive images,"
[Kyle] I'm glad you made the time to come in today. What have things been like for you over the past few days?
[Jamie] I've really been struggling to push away these intrusive thoughts and images. Every time I try to watch the news or scroll through social media, it just feels overwhelming, so I've been avoiding it. I still can't shake off this feeling of guilt from what I witnessed.
[Kyle] It sounds like those intrusive thoughts and emotions tied to guilt are really dominating your experience right now. Let's set a specific goal for today to help manage these thoughts better. How does that sound to you?
[Jamie] That sounds helpful. Maybe working on ways to lessen the intensity of the images or finding a way to not let the guilt consume me would be a good start.
[Kyle] Great, let's focus on these two goals. We can explore some cognitive techniques to challenge those intrusive thoughts and reduce their intensity, and also work on strategies to manage the guilt. Does that fit with what you were hoping for today?
[Jamie] Yes, that fits perfectly. I just want to find some peace and not feel so haunted all the time.
[Kyle] Got it. Let's start by looking at one specific intrusive thought or image. Can you describe it a bit more so we can begin to break it down together?
[Jamie] There's this recurring image of the moment when I saw the violence unfold. It just keeps replaying, and I feel like I should have done something to stop it, even though I know logically I couldn't have.
[Kyle] That's a powerful image with strong emotional ties. Let's try a technique called cognitive restructuring. We'll identify the thought behind the guilt—""I should have done something""—and evaluate its accuracy. Can you think of the evidence supporting or contradicting that belief?
[Jamie] I keep thinking that if I had acted faster or differently, maybe I could have helped. But when I try to be rational about it, I know that everything happened so quickly, and there wasn't really any safe or effective way for me to intervene.
[Kyle] Exactly. It sounds like the guilt is driven by a ""should have"" thought. Recognizing that you were in a situation where quick reactions were limited can help. Let's work on reinforcing that understanding and challenging the guilt when it arises. How do you feel about adding this technique to our toolkit?
[Jamie] I think that could really help. It might be hard at first to remind myself, but I'm willing to try if it means getting some relief from the guilt.
[Kyle] That's a solid start. To reinforce this new perspective, let's create a specific plan for when these thoughts arise. How about practicing a simple reminder, like ""I did the best I could in an impossible situation,"" whenever the guilt surfaces? Does that seem manageable as your action plan for this week?
[Jamie] Yes, I think I can manage that. Having a specific reminder to repeat might help me break the cycle. I'll give it a try this week.
[Kyle] Perfect. Let's review this next week and see how it impacts the intensity of the thoughts and guilt. Keep track of any changes or challenges, and we'll adjust as needed. Anything else you want to add before we wrap up?
[Jamie] No, I think that's all for now. Thank you for helping me start on this path. I'll see you next week. Goodbye.
",123,31,"{""ctrs_evaluation"": [{""item_name"": ""Agenda"", ""score"": 3, ""rationale"": ""The therapist transitioned from the previous session, identified significant events, reviewed the action plan, conducted a mood check, and identified specific goals for the session, ensuring all items important to the client were addressed and prioritized.""}, {""item_name"": ""Feedback"", ""score"": 2, ""rationale"": ""The therapist ascertained the client's reaction, ensured the client understood and agreed with the treatment plan, but did not fluidly request feedback throughout the session.""}, {""item_name"": ""Understanding"", ""score"": 3, ""rationale"": ""The therapist consistently listened and reflected the client's statements and demonstrated recognition of the client's emotional state through empathy, discussing it within the context of the conceptualization.""}, {""item_name"": ""Interpersonal Effectiveness"", ""score"": 3, ""rationale"": ""The therapist demonstrated concern for the client, provided positive reinforcement, maintained professional behavior, and showed warmth, genuineness, and unconditional acceptance.""}, {""item_name"": ""Collaboration"", ""score"": 3, ""rationale"": ""The therapist asked for client input/agreement when setting the agenda, selecting CBT techniques, and determining the action plan, making a consistent effort to invite the client's participation in every major session decision.""}, {""item_name"": ""Pacing and Efficient Use of Time"", ""score"": 2, ""rationale"": ""The therapist allocated appropriate time for all session segments and completed the session within an appropriate timeframe, but there is no evidence of seamless pacing or limited unproductive discussion.""}, {""item_name"": ""Guided Discovery"", ""score"": 3, ""rationale"": ""The therapist designed the session to achieve a cognitive shift, avoided bias, assessed the shift after intervention, and skillfully used discovery to help the client arrive at their own conclusions.""}, {""item_name"": ""Focus on Key Cognitions and Behaviors"", ""score"": 3, ""rationale"": ""The therapist focused on the most relevant cognitions and behaviors with the greatest promise for positive impact, specifically addressing intrusive thoughts and guilt.""}, {""item_name"": ""Strategy for Change"", ""score"": 3, ""rationale"": ""The therapist discussed an overall strategy, used an appropriate CBT technique, explained the rationale, offered other options, and obtained the client's agreement.""}, {""item_name"": ""Application of CBT Technique"", ""score"": 3, ""rationale"": ""The therapist applied a CBT technique with sufficient skill, demonstrated comfort and technical correctness, and facilitated change in a motivated client.""}, {""item_name"": ""Action Plan"", ""score"": 3, ""rationale"": ""The therapist reviewed the previous action plan, asked for client input, developed a new plan, ensured the client was capable of completing it, assessed the likelihood of completion, and addressed potential obstacles.""}], ""total_score"": 31}"
"methodical, structured, coaching-style",Avoids large multi-step tasks that feel overwhelming or mentally demanding,"
[Kyle] Thanks for being here today, Jamie. When you think about the time since we last spoke, what experiences or moments stand out to you?
[Jamie] Honestly, it's been a blur. I've felt pretty overwhelmed and stuck, especially with tasks piling up at work.
[Kyle] That sounds really challenging and overwhelming. It's understandable you'd feel stuck with everything piling up. Let's focus on identifying a couple of specific goals for today's session that could help bring some clarity and direction. What would be most helpful for us to tackle today?
[Jamie] Maybe we could talk about how to manage these overwhelming tasks without feeling completely drained. But I'm not sure where to start.
[Kyle] That's a great focus for today. We'll explore ways to manage your tasks more effectively without feeling drained. Let's start by breaking down the situation: what's the nature of these tasks, and when do they feel most overwhelming to you?
[Jamie] They feel most overwhelming when they're multi-step tasks, and I don't even know where to begin. It just feels like too much all at once.
[Kyle] I can see how multi-step tasks can feel daunting. Let's try a technique to address this. We'll break down a task into smaller, more manageable steps. Can you choose a specific task we might practice this with?
[Jamie] There's this report I'm supposed to finish for work. It's just sitting there, and I can't bring myself to start on it.
[Kyle] Let's use the task of completing your report as our focus. We'll break it down into smaller steps, starting with gathering any necessary materials or information you need. How does that sound as a first step?
[Jamie] That sounds doable, I guess. Gathering materials is a small enough task to start with.
[Kyle] Great! Starting with smaller tasks can make the process feel less overwhelming. Once you've gathered your materials, what's a reasonable next step that you could tackle?
[Jamie] I suppose organizing the information I've gathered could be next. It's just hard to focus on everything at once.
[Kyle] Exactly, focusing on one step at a time helps. Organizing your information sounds like a logical next step. Once you have it organized, we can decide on the following step in creating your report. Does this approach seem manageable?
[Jamie] Yeah, I think breaking it down like this makes it a bit more manageable. Let's try it.
[Kyle] I'm glad to hear that. Let's make a plan for this week to gather your materials and organize them. When do you think you can start working on these steps?
[Jamie] Maybe I can start gathering the materials tomorrow. I'll see how it goes from there.
",124,27,"{""ctrs_evaluation"": [{""item_name"": ""Agenda"", ""score"": 2, ""rationale"": ""The therapist transitioned from the previous session by asking about recent experiences and identified specific goals for the session, focusing on managing overwhelming tasks. However, there was no explicit review of the Action Plan or mood check.""}, {""item_name"": ""Feedback"", ""score"": 1, ""rationale"": ""The therapist ensured the client understood and agreed with the plan to break down tasks but did not ascertain the client's reaction throughout the session or respond to feedback beyond initial agreement.""}, {""item_name"": ""Understanding"", ""score"": 3, ""rationale"": ""The therapist consistently listened and reflected the client's statements, demonstrating empathy by acknowledging the client's feelings of being overwhelmed and stuck.""}, {""item_name"": ""Interpersonal Effectiveness"", ""score"": 3, ""rationale"": ""The therapist demonstrated concern, provided positive reinforcement, and maintained professional behavior. They also showed warmth and acceptance by validating the client's feelings.""}, {""item_name"": ""Collaboration"", ""score"": 2, ""rationale"": ""The therapist asked for client input when setting the agenda and determining the Action Plan, but did not consistently invite participation in every major session decision.""}, {""item_name"": ""Pacing and Efficient Use of Time"", ""score"": 2, ""rationale"": ""The therapist allocated appropriate time for session segments and maintained focus on the session's goals, though the session's total length is not specified.""}, {""item_name"": ""Guided Discovery"", ""score"": 3, ""rationale"": ""The therapist skillfully used guided discovery to help the client break down tasks into manageable steps, facilitating a cognitive shift in how the client approached overwhelming tasks.""}, {""item_name"": ""Focus on Key Cognitions and Behaviors"", ""score"": 3, ""rationale"": ""The therapist focused on the client's avoidance of multi-step tasks, which was highly relevant and promised a positive impact by breaking tasks into smaller steps.""}, {""item_name"": ""Strategy for Change"", ""score"": 3, ""rationale"": ""The therapist explained the rationale for breaking down tasks, offered a clear strategy, and obtained the client's agreement to use this technique.""}, {""item_name"": ""Application of CBT Technique"", ""score"": 3, ""rationale"": ""The therapist applied the technique of task breakdown with skill and technical correctness, facilitating change in the client's approach to tasks.""}, {""item_name"": ""Action Plan"", ""score"": 2, ""rationale"": ""The therapist reviewed the new Action Plan with the client and asked for input, but did not assess the likelihood of completion or address potential obstacles.""}], ""total_score"": 27}"
"direct, challenging, pragmatic",Parents frustrated by an adult child who constantly asks for money and refuses to work,"
[Kyle] Before we dive in, I'd like to hear what's been happening for you since our last meeting. What feels most pressing right now?
[Jamie] It's just the same story over and over. Our adult kid is asking for money again, and they're not even trying to find a job. We're exasperated and don't know what to do anymore.
[Kyle] It sounds like you're feeling frustrated and perhaps a bit stuck in this situation. Let's aim to explore some potential strategies today to address this recurring issue. How does that sound to you?
[Jamie] Honestly, I just feel conflicted between wanting to help and knowing that we can't keep enabling this behavior. I'm open to suggestions, but it feels like nothing changes.
[Kyle] I understand that feeling of being caught between those two concerns. Let's try to pinpoint specific thoughts or beliefs you have around this situation that might be influencing your actions. What comes to mind first when you think about giving your adult child money?
[Jamie] The first thing that comes to mind is guilt. I feel guilty for even considering saying no, like I'm abandoning them. But then there's this simmering resentment because I know it's not sustainable.
[Kyle] It sounds like there's a strong emotional pull from guilt and resentment here. Let's focus on that guilt first—what beliefs do you think are fueling this feeling of guilt when you consider saying no?
[Jamie] I guess it feels like I'm failing as a parent if I don't help them. A part of me believes a good parent should always be there to support their child, no matter what.
[Kyle] That belief about what it means to be a good parent is quite powerful. Let's examine this—how true do you think this belief is on a scale from 0 to 100%, and what might be some alternative perspectives on parental support?
[Jamie] On the scale, I'd say around 70% true. But maybe an alternative perspective could be that supporting them doesn't always mean financial help. Setting boundaries might also be a form of support.
[Kyle] That's an insightful shift. Setting boundaries can indeed be a way to support them, encouraging independence and growth. How might shifting from financial help to setting boundaries look in your current situation?
[Jamie] It could look like setting clear expectations and limits—maybe agreeing on a timeframe for them to find a job, or even having a conversation about their responsibilities. But it's hard not to give in when they keep asking.
[Kyle] I understand the challenge there. How would it feel to practice assertive communication around these boundaries, perhaps by preparing what you want to say in advance? Would you be open to role-playing a conversation to get more comfortable with it?
[Jamie] It sounds a bit daunting, but it might help to feel more prepared. I could give it a try, even though I'm not sure if it'll change how I feel in the moment.
[Kyle] Feeling a bit apprehensive is normal, but practicing can build confidence. Let's start by outlining what core messages you want to communicate. What key points would you like your adult child to understand in this upcoming conversation?
[Jamie] I want them to understand that we love and support them, but it's time for them to step up and take responsibility. It's important for them to find a job and become independent. We can't keep providing financial help indefinitely.
",125,22,"{""ctrs_evaluation"": [{""item_name"": ""Agenda"", ""score"": 2, ""rationale"": ""The therapist transitioned from the previous session, identified significant events, and set specific goals for the session by focusing on strategies to address the recurring issue of the client's adult child asking for money.""}, {""item_name"": ""Feedback"", ""score"": 1, ""rationale"": ""The therapist ascertained the client's reaction to the proposed strategies but did not consistently ensure understanding or respond to feedback throughout the session.""}, {""item_name"": ""Understanding"", ""score"": 3, ""rationale"": ""The therapist consistently listened and reflected the client's emotional state, recognizing feelings of guilt and resentment, and discussed these emotions within the context of the client's beliefs about parenting.""}, {""item_name"": ""Interpersonal Effectiveness"", ""score"": 2, ""rationale"": ""The therapist demonstrated concern for the client and maintained professional behavior, but there was limited evidence of warmth or unconditional acceptance.""}, {""item_name"": ""Collaboration"", ""score"": 2, ""rationale"": ""The therapist asked for client input when setting the agenda and selecting techniques, such as role-playing, and worked towards a mutually agreeable plan.""}, {""item_name"": ""Pacing and Efficient Use of Time"", ""score"": 1, ""rationale"": ""The therapist allocated appropriate time for session segments but there is no evidence regarding the overall session length.""}, {""item_name"": ""Guided Discovery"", ""score"": 3, ""rationale"": ""The therapist skillfully used guided discovery to help the client arrive at new perspectives on parental support and assessed the cognitive shift.""}, {""item_name"": ""Focus on Key Cognitions and Behaviors"", ""score"": 3, ""rationale"": ""The therapist focused on the client's beliefs about parenting and financial support, which are central to the issue at hand.""}, {""item_name"": ""Strategy for Change"", ""score"": 2, ""rationale"": ""The therapist discussed a strategy involving setting boundaries and assertive communication, and used role-playing as a CBT technique.""}, {""item_name"": ""Application of CBT Technique"", ""score"": 2, ""rationale"": ""The therapist applied role-playing with sufficient skill, likely to facilitate change in a motivated client.""}, {""item_name"": ""Action Plan"", ""score"": 1, ""rationale"": ""The therapist developed a plan to practice assertive communication but did not review a previous action plan or fully assess the client's capability to complete it.""}], ""total_score"": 22}"
